ID,LIMIT_BAL,AGE,PAY_0,BILL_AMT1,PAY_AMT1,actual_default,predicted_default_probability,risk_segment
6908,50000,46,0,1540,26060,0,0.41588151022565645,Elevated
24576,150000,31,0,15000,0,0,0.4787548264965612,Elevated
26767,50000,25,0,48065,1800,0,0.38283804163614554,Elevated
2157,290000,25,0,305823,15000,1,0.23012189426192106,Low
3180,500000,27,0,11354,9983,0,0.23012189426192106,Low
29383,200000,29,1,199417,0,0,0.5382018784947318,High
24455,210000,31,0,189650,5000,0,0.23012189426192106,Low
23887,260000,35,0,33078,10000,0,0.23012189426192106,Low
5505,450000,42,0,72517,0,0,0.347541273276117,Elevated
29721,150000,39,0,42029,2100,0,0.2969376556285609,Moderate
6909,90000,31,1,8318,39,0,0.7132952380403815,Very High
2160,220000,54,0,0,0,0,0.4787548264965612,Elevated
20843,180000,40,0,0,0,1,0.4787548264965612,Elevated
25129,290000,51,0,225478,10026,0,0.23012189426192106,Low
18809,210000,31,0,10968,2000,0,0.23012189426192106,Low
19078,90000,40,1,40467,2000,0,0.7735534076852892,Very High
24732,500000,30,0,24349,9605,0,0.23012189426192106,Low
3055,350000,60,1,0,1150,1,0.8499312992672737,Very High
8489,180000,32,0,154374,7500,0,0.23012189426192106,Low
23922,50000,23,0,4332,0,0,0.4787548264965612,Elevated
8788,320000,39,0,38332,30000,0,0.23012189426192106,Low
15140,410000,63,0,429392,15120,1,0.23012189426192106,Low
12739,80000,24,0,30985,14300,0,0.2969376556285609,Moderate
25032,90000,58,0,93737,3600,0,0.23012189426192106,Low
20340,100000,55,0,390,390,1,0.4787548264965612,Elevated
10309,70000,34,0,59841,2610,0,0.41588151022565645,Elevated
14602,30000,29,0,3489,14969,0,0.38283804163614554,Elevated
3592,220000,31,0,4935,3796,0,0.23012189426192106,Low
3561,80000,57,2,7431,2600,1,0.9260126453015733,Very High
24891,80000,30,0,76539,3510,0,0.7549348273892288,Very High
27482,160000,57,0,-1,0,1,0.4787548264965612,Elevated
10272,60000,29,0,59190,2200,0,0.38283804163614554,Elevated
16626,50000,32,2,30559,2000,1,0.9260126453015733,Very High
26721,50000,26,0,47052,1728,0,0.38283804163614554,Elevated
25616,120000,28,0,103676,3283,0,0.23012189426192106,Low
8313,240000,30,0,227675,10003,0,0.23012189426192106,Low
12180,320000,32,0,488,2301,0,0.347541273276117,Elevated
1560,240000,38,0,107148,9500,1,0.3697892966663365,Elevated
6134,240000,27,0,3293,9079,0,0.23012189426192106,Low
24413,30000,38,1,24305,0,1,0.7132952380403815,Very High
24096,260000,28,0,251829,10000,0,0.23012189426192106,Low
29296,120000,26,2,109110,0,0,0.8837290745778793,Very High
5520,80000,47,0,4762,1000,0,0.347541273276117,Elevated
6850,70000,55,0,67572,2124,0,0.38283804163614554,Elevated
12314,110000,51,0,69564,2500,0,0.23012189426192106,Low
24062,120000,27,0,29344,5053,0,0.23012189426192106,Low
14990,300000,40,0,2991,1278,0,0.347541273276117,Elevated
28443,120000,37,2,38757,4300,0,0.8837290745778793,Very High
14702,280000,37,0,149227,5505,0,0.23012189426192106,Low
27686,30000,24,0,20367,2000,0,0.38283804163614554,Elevated
29569,50000,48,1,6300,0,0,0.6088952019010146,High
28885,320000,41,0,2555,7100,0,0.2969376556285609,Moderate
2422,20000,24,4,16549,0,1,0.9260126453015733,Very High
9007,150000,35,2,144194,6600,1,0.9260126453015733,Very High
20661,10000,36,0,576,4009,1,0.38283804163614554,Elevated
20334,350000,64,0,30726,3000,0,0.23012189426192106,Low
26444,70000,50,0,12857,1530,0,0.41588151022565645,Elevated
10956,340000,36,0,91938,3911,0,0.23012189426192106,Low
18160,380000,42,0,2588,39529,0,0.23012189426192106,Low
12067,70000,53,2,54251,2600,1,0.9260126453015733,Very High
13426,180000,31,0,914,907,0,0.4787548264965612,Elevated
9386,10000,42,2,8965,1228,1,0.8837290745778793,Very High
27185,80000,27,1,3751,2,1,0.7132952380403815,Very High
22388,290000,30,0,288033,10784,0,0.23012189426192106,Low
21907,330000,27,0,0,0,0,0.4787548264965612,Elevated
7002,520000,55,0,2292,5227,0,0.23012189426192106,Low
6745,10000,23,0,7886,1500,1,0.6550539400917675,Very High
17779,60000,59,4,54506,4000,0,0.7964088951003658,Very High
23308,160000,30,0,86454,3000,1,0.23012189426192106,Low
22443,400000,46,0,260,60064,1,0.6550539400917675,Very High
21144,60000,36,0,37129,1602,1,0.38283804163614554,Elevated
27797,260000,26,0,238110,10368,0,0.23012189426192106,Low
22408,360000,30,0,20992,20000,0,0.23012189426192106,Low
9493,50000,38,1,51106,0,1,0.7735534076852892,Very High
29959,230000,31,0,4261,1000,0,0.4787548264965612,Elevated
7439,30000,43,0,25166,1437,0,0.4787548264965612,Elevated
18923,390000,28,0,202248,10000,0,0.2969376556285609,Moderate
26426,180000,31,0,112164,1821,0,0.23012189426192106,Low
1047,220000,30,0,162105,10000,1,0.23012189426192106,Low
19774,150000,48,0,9730,0,0,0.2712812631662762,Moderate
14584,60000,43,2,4703,0,1,0.8837290745778793,Very High
13474,150000,37,0,71341,4117,0,0.23012189426192106,Low
24177,110000,30,0,35283,1500,0,0.4787548264965612,Elevated
9037,30000,45,0,28185,1377,0,0.4787548264965612,Elevated
21394,200000,58,0,0,0,1,0.4787548264965612,Elevated
11851,80000,28,0,390,390,1,0.4787548264965612,Elevated
1133,270000,44,3,256402,17944,0,0.9260126453015733,Very High
25283,70000,24,0,69039,3000,0,0.38283804163614554,Elevated
22534,180000,36,0,4911,2000,0,0.23012189426192106,Low
15693,80000,26,0,350,0,0,0.4787548264965612,Elevated
17400,60000,36,0,57724,2000,0,0.38283804163614554,Elevated
8352,280000,23,0,262579,6453,0,0.23012189426192106,Low
19583,80000,44,0,22771,1239,0,0.2712812631662762,Moderate
19698,120000,38,2,63700,3000,1,0.9260126453015733,Very High
11947,30000,25,0,29883,2000,1,0.6832214599145177,Very High
20514,20000,27,1,0,18965,0,0.3396499288321693,Moderate
3927,20000,24,0,17697,1634,0,0.41588151022565645,Elevated
23502,60000,31,1,20544,0,0,0.7132952380403815,Very High
2657,100000,27,0,36014,4200,1,0.570501077187048,High
17183,130000,28,0,29974,5026,0,0.23012189426192106,Low
26571,280000,56,0,-5,4614,0,0.3697892966663365,Elevated
11068,120000,34,0,326,499,0,0.347541273276117,Elevated
28080,150000,48,0,3611,2000,0,0.2969376556285609,Moderate
26225,150000,37,0,6039,3000,0,0.23012189426192106,Low
17283,130000,37,0,0,0,1,0.4787548264965612,Elevated
4311,140000,49,0,2457,0,0,0.4787548264965612,Elevated
9719,50000,31,0,44970,3855,1,0.570501077187048,High
7449,180000,41,0,16366,18339,0,0.23012189426192106,Low
7938,150000,25,0,18836,2000,0,0.2969376556285609,Moderate
28867,310000,35,0,1815,3689,0,0.347541273276117,Elevated
6348,260000,31,0,82274,0,0,0.7549348273892288,Very High
20913,180000,34,0,0,0,0,0.4787548264965612,Elevated
7018,20000,38,0,19845,1694,0,0.41588151022565645,Elevated
1943,120000,45,0,20877,1369,0,0.4787548264965612,Elevated
9819,50000,41,0,36696,10000,0,0.38283804163614554,Elevated
19997,60000,37,0,59462,3000,1,0.38283804163614554,Elevated
17721,150000,36,1,0,990,0,0.3396499288321693,Moderate
15675,550000,31,1,17516,0,0,0.5382018784947318,High
10312,110000,45,0,108214,5300,0,0.23012189426192106,Low
20130,140000,42,2,141321,4300,1,0.8837290745778793,Very High
18057,500000,47,0,21376,20473,0,0.23012189426192106,Low
14594,80000,44,0,80808,6926,0,0.570501077187048,High
27749,130000,26,2,130535,6000,1,0.8837290745778793,Very High
4091,50000,24,0,35166,1300,0,0.4787548264965612,Elevated
19736,200000,27,0,62574,2278,0,0.23012189426192106,Low
26723,180000,26,0,189,0,0,0.2712812631662762,Moderate
19295,200000,36,0,193083,9000,0,0.23012189426192106,Low
9234,140000,30,2,145627,6005,0,0.8837290745778793,Very High
14822,80000,25,0,57994,3327,0,0.570501077187048,High
23541,360000,45,0,0,2500,0,0.7549348273892288,Very High
16730,50000,34,1,33776,1900,1,0.7735534076852892,Very High
17619,80000,32,0,4927,0,1,0.6550539400917675,Very High
21999,190000,27,0,97136,4418,0,0.23012189426192106,Low
23643,280000,35,0,6494,28723,0,0.23012189426192106,Low
14974,30000,55,2,2395,0,1,0.9260126453015733,Very High
9503,80000,52,0,63134,2087,0,0.23012189426192106,Low
2752,360000,39,0,655,0,0,0.6550539400917675,Very High
25477,70000,24,0,47663,1000,0,0.4787548264965612,Elevated
10325,220000,39,0,192815,20000,0,0.23012189426192106,Low
4073,360000,35,0,11936,21983,0,0.23012189426192106,Low
6883,230000,45,0,144407,5400,0,0.23012189426192106,Low
7147,290000,37,0,199911,8001,0,0.23012189426192106,Low
16126,30000,34,2,16944,0,1,0.9260126453015733,Very High
18094,240000,40,0,245311,8491,0,0.23012189426192106,Low
19646,360000,30,0,4765,3434,0,0.2969376556285609,Moderate
3865,30000,23,0,19594,1346,0,0.4787548264965612,Elevated
29016,140000,43,2,90632,0,1,0.8837290745778793,Very High
6817,120000,27,0,22027,35000,0,0.23012189426192106,Low
13742,50000,35,0,48264,1565,1,0.38283804163614554,Elevated
14255,50000,22,1,50781,41,0,0.7132952380403815,Very High
9012,300000,48,2,304040,11500,1,0.8837290745778793,Very High
198,20000,22,0,18553,1500,0,0.2712812631662762,Moderate
7007,320000,33,1,0,0,0,0.3396499288321693,Moderate
8332,140000,40,0,138389,5148,0,0.23012189426192106,Low
17483,250000,33,3,2500,0,1,0.8837290745778793,Very High
14916,470000,37,0,134561,150055,0,0.23012189426192106,Low
6464,160000,34,0,18958,24000,0,0.23012189426192106,Low
27677,200000,36,0,184697,8001,0,0.23012189426192106,Low
4517,80000,39,0,63368,5000,0,0.23012189426192106,Low
18622,270000,26,1,0,0,0,0.6088952019010146,High
19848,100000,30,2,736,1237,0,0.7660818893216393,Very High
1497,360000,35,2,360023,14693,1,0.8837290745778793,Very High
13146,350000,39,0,3860,648,0,0.347541273276117,Elevated
7815,30000,27,0,4527,3000,0,0.38283804163614554,Elevated
15374,280000,32,0,11561,1300,0,0.4787548264965612,High
22791,20000,36,0,223,0,0,0.4787548264965612,High
2940,390000,31,0,19469,2227,0,0.23012189426192106,Low
22036,230000,28,0,7539,6500,0,0.23012189426192106,Low
10373,200000,33,0,846,4974,0,0.2969376556285609,Moderate
19931,50000,36,0,26277,1700,0,0.38283804163614554,Elevated
25237,80000,25,0,3377,3377,0,0.347541273276117,Elevated
27369,30000,29,1,24180,0,0,0.7132952380403815,Very High
8108,30000,39,0,28708,1514,0,0.41588151022565645,Elevated
15961,300000,30,0,217329,8000,0,0.23012189426192106,Low
28299,30000,31,0,28651,1800,0,0.38283804163614554,Elevated
17847,200000,26,2,196979,7800,1,0.9260126453015733,Very High
14304,20000,27,0,6599,3000,0,0.5348990689804838,High
29682,360000,40,0,499,0,1,0.3697892966663365,Elevated
3952,70000,28,0,9214,1500,0,0.38283804163614554,Elevated
23768,180000,53,0,-1580,0,0,0.4787548264965612,High
11084,360000,34,1,0,0,1,0.6088952019010146,High
8947,50000,53,0,6618,1133,0,0.4787548264965612,High
12871,160000,27,0,165,0,1,0.4787548264965612,High
10338,20000,47,3,17772,1300,1,0.9260126453015733,Very High
15113,250000,51,0,-18,2518,0,0.2969376556285609,Moderate
13901,30000,27,0,18951,1270,0,0.4787548264965612,High
5264,180000,33,0,30781,2000,0,0.2969376556285609,Moderate
28533,50000,44,1,13112,2100,1,0.8800187576626742,Very High
10652,500000,54,0,2634,1119,0,0.4787548264965612,High
25426,50000,26,0,41891,1781,0,0.38283804163614554,Elevated
21512,30000,23,2,729,483,1,0.7660818893216393,Very High
14663,400000,33,0,7768,31330,0,0.23012189426192106,Low
4431,270000,38,0,60654,3000,0,0.23012189426192106,Low
13348,20000,38,0,18669,1326,0,0.4787548264965612,High
27767,50000,25,1,0,0,1,0.6088952019010146,High
1758,360000,32,0,0,0,0,0.4787548264965612,High
28362,200000,40,0,3827,8030,0,0.23012189426192106,Low
29142,480000,52,0,105286,87170,0,0.23012189426192106,Low
21662,90000,23,0,3030,0,0,0.4787548264965612,High
21807,140000,26,0,21688,0,0,0.4787548264965612,High
14514,460000,43,0,323408,5229,0,0.23012189426192106,Low
29215,20000,24,1,6696,1000,1,0.7132952380403815,Very High
25902,240000,36,0,232031,8193,0,0.23012189426192106,Low
24208,150000,25,0,141242,4000,0,0.23012189426192106,Low
2471,140000,29,2,97905,4700,1,0.9260126453015733,Very High
4750,50000,58,0,1956,2060,0,0.38283804163614554,Elevated
6858,180000,33,0,996,1503,1,0.2969376556285609,Moderate
4656,100000,46,0,39245,3000,0,0.5348990689804838,High
803,50000,44,0,2000,780,0,0.2712812631662762,Moderate
27236,100000,31,1,20505,2700,0,0.7132952380403815,Very High
15034,180000,36,2,114140,5000,1,0.9260126453015733,Very High
27199,30000,35,1,0,26232,1,0.6088952019010146,High
15057,20000,40,1,9080,0,0,0.7132952380403815,Very High
27653,50000,23,0,15252,2200,0,0.6832214599145177,Very High
6732,80000,60,0,53315,3300,0,0.23012189426192106,Low
11711,140000,38,0,15438,2620,0,0.6550539400917675,Very High
19825,20000,46,3,10145,0,1,0.8837290745778793,Very High
9131,50000,24,2,50710,1974,1,0.8837290745778793,Very High
22690,340000,34,0,16462,1310,0,0.23012189426192106,Low
6572,30000,22,0,28622,1700,0,0.41588151022565645,Elevated
22928,120000,34,0,515,882,0,0.347541273276117,Elevated
13981,360000,30,0,750,1166,0,0.4787548264965612,High
18913,280000,28,0,269,4166,0,0.23012189426192106,Low
10329,110000,32,0,30852,1906,0,0.6832214599145177,Very High
9387,200000,70,0,7109,10025,0,0.23012189426192106,Low
13137,300000,34,0,1257,5600,0,0.2969376556285609,Moderate
16328,180000,49,0,0,0,0,0.4787548264965612,High
1358,20000,22,2,16726,3000,1,0.8837290745778793,Very High
20939,280000,39,0,6251,12577,0,0.23012189426192106,Low
2009,360000,32,1,-301,0,1,0.6088952019010146,High
12091,50000,30,1,52419,0,0,0.7132952380403815,Very High
13875,180000,41,0,99925,5024,0,0.23012189426192106,Low
21259,240000,50,0,35117,11051,0,0.23012189426192106,Low
18956,50000,23,0,51002,1983,1,0.38283804163614554,Elevated
20586,400000,30,0,162540,10000,0,0.23012189426192106,Low
10033,200000,27,0,1990,2035,1,0.2969376556285609,Moderate
16854,80000,36,3,600,0,1,0.9260126453015733,Very High
25602,200000,40,0,225480,7263,0,0.23012189426192106,Low
29528,180000,39,0,715,4637,0,0.2969376556285609,Moderate
12053,80000,37,0,39839,1700,0,0.23012189426192106,Low
2074,250000,50,0,390,390,0,0.2712812631662762,Moderate
2536,20000,46,0,11325,1519,0,0.41588151022565645,Elevated
26476,120000,52,1,123184,0,1,0.7132952380403815,Very High
14401,200000,39,0,31236,1838,0,0.2969376556285609,Moderate
25784,150000,37,0,20224,24840,0,0.23012189426192106,Low
27455,50000,49,1,47360,0,0,0.7132952380403815,Very High
27473,60000,50,0,7888,14026,0,0.38283804163614554,Elevated
12697,370000,42,0,271452,11295,0,0.23012189426192106,Low
10572,100000,41,0,7432,1633,1,0.347541273276117,Elevated
6309,70000,28,0,20335,2000,0,0.41588151022565645,Elevated
28317,60000,27,0,7301,11512,0,0.20287159931475213,Low
5251,20000,40,0,6689,1300,0,0.4787548264965612,High
21422,290000,28,0,125679,4315,0,0.23012189426192106,Low
19842,130000,33,0,63505,5000,0,0.23012189426192106,Low
12129,50000,46,0,49776,2056,1,0.41588151022565645,Elevated
28582,10000,33,2,7486,3000,0,0.8837290745778793,Very High
20737,20000,22,1,10591,0,0,0.7132952380403815,Very High
15102,360000,35,0,1540,1102,0,0.347541273276117,Elevated
25448,240000,27,0,118175,0,0,0.4787548264965612,High
21023,200000,34,0,3253,4005,0,0.2969376556285609,Moderate
19604,360000,48,0,2500,0,1,0.4787548264965612,High
25368,90000,24,0,77860,3292,0,0.2969376556285609,Moderate
5989,280000,28,1,285249,5,0,0.5382018784947318,High
7478,170000,31,0,2908,3408,0,0.347541273276117,Elevated
14542,50000,31,2,48903,6500,1,0.8837290745778793,Very High
20954,140000,41,0,185948,6088,0,0.23012189426192106,Low
22650,320000,35,0,1302,3571,0,0.2969376556285609,Moderate
14815,230000,29,0,8916,318,0,0.2712812631662762,Moderate
21387,40000,57,0,87313,2729,0,0.38283804163614554,Elevated
5976,50000,24,0,14814,10755,0,0.20287159931475213,Low
14413,230000,31,1,0,2716,0,0.3396499288321693,Moderate
11693,80000,41,1,102383,0,0,0.7132952380403815,Very High
22518,10000,43,0,1593,2006,0,0.38283804163614554,Elevated
10881,50000,23,0,50643,2741,0,0.38283804163614554,Elevated
28107,500000,44,0,29996,10625,0,0.23012189426192106,Low
23301,340000,33,0,1632,2027,0,0.347541273276117,Elevated
14152,20000,43,1,4094,0,0,0.7132952380403815,Very High
1500,20000,27,1,6274,0,0,0.7132952380403815,Very High
593,50000,35,0,34976,1127,0,0.4787548264965612,High
10093,180000,43,0,1473,22969,0,0.23012189426192106,Low
15152,80000,23,2,74860,6865,1,0.9260126453015733,Very High
2140,260000,43,1,0,0,1,0.5087149171511306,High
27161,20000,40,3,300,0,1,0.6670123550244665,Very High
4828,60000,31,0,58173,3400,0,0.38283804163614554,Elevated
21812,20000,24,3,17690,2000,1,0.9260126453015733,Very High
21400,110000,56,0,93983,3371,0,0.23012189426192106,Low
6179,240000,37,0,-3,0,0,0.4787548264965612,High
20358,130000,27,0,500,2000,1,0.2969376556285609,Moderate
19401,80000,35,2,252,0,0,0.6670123550244665,Very High
21499,140000,30,0,0,0,0,0.4787548264965612,High
12657,70000,34,0,58875,0,0,0.20287159931475213,Low
12997,230000,43,2,222819,14300,1,0.8837290745778793,Very High
25227,80000,25,0,26855,2386,0,0.5348990689804838,High
7960,50000,58,1,32113,0,0,0.8800187576626742,Very High
6548,150000,36,0,70001,2500,0,0.2969376556285609,Moderate
18567,320000,26,0,320983,14000,0,0.23012189426192106,Low
5590,50000,39,0,47407,2039,0,0.41588151022565645,Elevated
9074,110000,35,0,549,0,0,0.4787548264965612,High
18310,240000,28,0,1444,2553,0,0.2969376556285609,Moderate
5023,230000,26,0,-10,2122,0,0.6550539400917675,Very High
27291,240000,35,0,18392,1505,0,0.2969376556285609,Moderate
21204,490000,43,2,3956,3081,1,0.8837290745778793,Very High
27490,140000,53,0,133167,5400,0,0.23012189426192106,Low
15532,240000,38,2,7123,836,1,0.8837290745778793,Very High
13795,360000,28,0,0,0,0,0.4787548264965612,High
19903,400000,44,0,0,804,0,0.347541273276117,Elevated
12442,460000,34,0,362816,15325,0,0.23012189426192106,Low
10761,90000,24,0,520,0,0,0.4787548264965612,High
5160,400000,28,0,1416,1052,0,0.347541273276117,Elevated
3141,20000,49,1,18718,0,1,0.7132952380403815,Very High
23486,90000,32,0,7563,0,0,0.4787548264965612,High
15768,10000,23,0,5403,1300,0,0.4787548264965612,High
27496,170000,57,0,792,0,1,0.347541273276117,Elevated
27603,400000,29,0,7622,39097,0,0.23012189426192106,Low
6062,150000,36,2,137723,7000,0,0.9260126453015733,Very High
8658,80000,26,0,29322,3000,1,0.23012189426192106,Low
3295,380000,36,0,68943,8000,0,0.23012189426192106,Low
11157,180000,31,0,2930,3300,0,0.347541273276117,Elevated
21002,280000,40,2,178220,10000,1,0.8837290745778793,Very High
18017,20000,40,0,13195,1238,0,0.6832214599145177,Very High
22753,200000,34,0,205362,5504,0,0.2969376556285609,Moderate
28033,50000,29,2,50461,2100,0,0.8837290745778793,Very High
19190,200000,43,1,119432,0,1,0.5382018784947318,High
4620,150000,43,0,89488,5016,0,0.23012189426192106,Low
29121,400000,50,0,15986,4359,0,0.3697892966663365,Elevated
15337,220000,34,0,387,1086,0,0.347541273276117,Elevated
2720,150000,49,0,111348,6000,0,0.23012189426192106,Low
13923,40000,24,0,35225,1933,1,0.41588151022565645,Elevated
18099,50000,41,0,5620,42100,0,0.570501077187048,High
5500,390000,39,0,48417,2000,0,0.23012189426192106,Low
5413,50000,49,0,24282,1500,0,0.4787548264965612,High
26117,80000,36,0,77998,3700,0,0.23012189426192106,Low
21995,170000,26,0,22680,2000,0,0.23012189426192106,Low
4019,360000,39,1,0,0,1,0.6088952019010146,High
25324,150000,28,0,25639,2000,0,0.23012189426192106,Low
2252,50000,36,2,2590,2458,0,0.9260126453015733,Very High
27850,50000,23,2,46913,1938,0,0.8837290745778793,Very High
3464,30000,22,0,-854,33404,0,0.41588151022565645,Elevated
248,100000,27,0,37767,1788,0,0.23012189426192106,Low
26862,340000,39,0,148624,4000,0,0.23012189426192106,Low
14764,220000,36,2,195725,8200,1,0.8837290745778793,Very High
2748,290000,38,0,144160,6000,0,0.23012189426192106,Low
25164,60000,41,0,56309,3000,0,0.38283804163614554,Elevated
2311,30000,47,1,23709,0,0,0.7132952380403815,Very High
19510,400000,40,0,27035,28204,0,0.23012189426192106,Low
7241,180000,36,0,2846,2092,0,0.347541273276117,Elevated
9912,110000,42,0,100534,3678,0,0.23012189426192106,Low
11492,210000,45,0,82902,3814,0,0.23012189426192106,Low
13170,470000,39,0,79455,2348,0,0.2969376556285609,Moderate
27670,30000,24,1,26690,2000,0,0.7132952380403815,Very High
11290,280000,31,0,1558,0,0,0.4787548264965612,High
2919,120000,23,0,100727,4324,1,0.23012189426192106,Low
28417,230000,29,0,12394,2102,0,0.23012189426192106,Low
5915,200000,53,0,5059,0,0,0.347541273276117,Elevated
12243,250000,35,0,241711,7481,0,0.23012189426192106,Low
15811,10000,27,2,6100,1281,1,0.8837290745778793,Very High
26009,100000,39,0,1884,0,0,0.4787548264965612,High
24743,280000,34,0,251267,15000,0,0.23012189426192106,Low
16523,20000,23,1,17845,0,0,0.7132952380403815,Very High
17470,90000,32,0,68248,2388,0,0.23012189426192106,Low
24342,200000,38,2,102272,5000,1,0.8837290745778793,Very High
3331,50000,29,1,49612,0,0,0.7132952380403815,Very High
3729,110000,28,1,112597,0,1,0.7132952380403815,Very High
20336,90000,54,3,86228,1500,1,0.8837290745778793,Very High
24388,320000,40,0,8240,8240,0,0.23012189426192106,Low
12553,70000,42,0,71255,2800,1,0.38283804163614554,Elevated
8401,100000,32,2,50332,3000,0,0.9260126453015733,Very High
8542,490000,50,0,17884,6836,1,0.23012189426192106,Low
16006,20000,34,0,17489,3077,0,0.20287159931475213,Low
26468,100000,49,0,41088,2000,0,0.23012189426192106,Low
8466,80000,29,0,48098,2081,0,0.23012189426192106,Low
9551,80000,30,2,73113,3300,0,0.9260126453015733,Very High
20920,50000,36,2,45960,0,1,0.8837290745778793,Very High
15819,400000,26,0,74465,3600,0,0.23012189426192106,Low
8810,30000,59,0,20044,1531,0,0.41588151022565645,Elevated
16388,450000,38,0,87836,6000,0,0.23012189426192106,Low
23134,280000,37,0,252814,10610,1,0.23012189426192106,Low
18745,220000,29,0,217345,4030,0,0.23012189426192106,Low
7477,30000,42,0,9801,1200,1,0.4787548264965612,High
23602,240000,41,0,5366,0,0,0.347541273276117,Elevated
9714,360000,29,1,0,1244,0,0.3396499288321693,Moderate
21858,210000,27,0,4700,0,0,0.4787548264965612,High
7597,470000,35,0,64875,2505,0,0.23012189426192106,Low
15198,140000,26,0,182424,10207,0,0.23012189426192106,Low
11076,50000,45,0,24077,1000,0,0.38283804163614554,Elevated
11908,130000,43,3,19085,0,1,0.9260126453015733,Very High
29690,200000,36,0,396,396,0,0.4787548264965612,High
12372,40000,28,1,27746,2000,1,0.7735534076852892,Very High
28451,320000,37,0,-5700,0,0,0.4787548264965612,High
10131,470000,38,0,156454,5526,0,0.23012189426192106,Low
9357,130000,29,0,-200,0,1,0.4787548264965612,High
8225,30000,22,1,28037,1745,0,0.7735534076852892,Very High
9135,260000,43,0,99523,3514,0,0.23012189426192106,Low
2494,290000,32,0,78200,3700,0,0.23012189426192106,Low
9727,140000,30,0,326,326,1,0.4787548264965612,High
11910,350000,38,0,362,792,0,0.347541273276117,Elevated
12154,70000,23,0,1823,326,0,0.38283804163614554,Elevated
29525,30000,42,1,24335,0,1,0.7735534076852892,Very High
29301,200000,25,2,147660,5500,1,0.9260126453015733,Very High
18349,50000,23,0,8889,1500,0,0.38283804163614554,Elevated
6921,260000,32,0,0,0,1,0.347541273276117,Elevated
15975,50000,35,0,16053,2000,0,0.38283804163614554,Elevated
7445,30000,25,0,20983,2000,0,0.38283804163614554,Elevated
16133,30000,40,2,27783,1748,1,0.8837290745778793,Very High
12760,300000,29,0,1825,2017,0,0.347541273276117,Elevated
28248,30000,32,0,3454,0,0,0.4787548264965612,High
8280,90000,39,0,7328,3784,0,0.23012189426192106,Low
28167,30000,32,0,27764,2000,1,0.38283804163614554,Elevated
29088,140000,56,0,11106,3000,0,0.570501077187048,High
15157,70000,23,0,32244,1841,0,0.41588151022565645,Elevated
7534,350000,41,0,0,3813,0,0.2969376556285609,Moderate
2841,210000,32,0,1952,1526,0,0.347541273276117,Elevated
22503,50000,44,0,16094,3155,1,0.6832214599145177,Very High
8142,30000,28,0,5688,0,0,0.2712812631662762,Moderate
15900,160000,24,0,2990,8619,0,0.2969376556285609,Moderate
21166,260000,38,3,2500,0,1,0.8837290745778793,Very High
5547,30000,24,0,22280,1748,0,0.41588151022565645,Elevated
2643,50000,25,0,21316,2375,0,0.38283804163614554,Elevated
3199,20000,24,0,15703,4663,0,0.570501077187048,High
27983,100000,28,0,94245,3500,0,0.23012189426192106,Low
10311,50000,25,0,8107,1000,0,0.20287159931475213,Low
17044,50000,26,2,46800,2100,1,0.9260126453015733,Very High
22322,240000,28,0,5740,1215,0,0.23012189426192106,Low
7243,320000,47,0,10159,38075,0,0.6550539400917675,Very High
11755,160000,27,1,0,0,0,0.6088952019010146,High
27691,270000,25,0,4999,5588,0,0.23012189426192106,Low
8775,150000,25,0,39445,2000,0,0.2969376556285609,Moderate
28163,210000,44,0,14993,1938,0,0.2969376556285609,Moderate
22712,320000,35,0,157249,6000,1,0.23012189426192106,Low
25207,110000,23,0,541,541,0,0.2712812631662762,Moderate
25909,80000,32,0,5988,0,0,0.4787548264965612,High
11550,80000,39,0,49171,2000,1,0.23012189426192106,Low
20944,280000,39,2,130549,5000,1,0.8837290745778793,Very High
26980,390000,47,0,5768,8875,0,0.23012189426192106,Low
23627,270000,43,0,135068,5000,0,0.23012189426192106,Low
23772,80000,60,0,37298,3000,0,0.23012189426192106,Low
23044,160000,33,0,699,0,1,0.347541273276117,Elevated
23576,210000,38,0,-81,0,0,0.4787548264965612,High
22105,100000,29,0,7815,5000,0,0.2969376556285609,Moderate
3833,120000,48,0,3845,0,1,0.347541273276117,Elevated
2776,210000,40,0,2309,4791,0,0.23012189426192106,Low
2102,140000,35,2,56528,2800,0,0.9260126453015733,Very High
4095,150000,33,0,144761,6005,0,0.23012189426192106,Low
26726,210000,27,0,36017,3015,0,0.23012189426192106,Low
4772,200000,40,0,193048,6410,0,0.23012189426192106,Low
24127,80000,27,2,58324,0,1,0.8837290745778793,Very High
29995,80000,34,2,72557,7000,1,0.9260126453015733,Very High
12251,340000,39,0,93767,65758,0,0.2969376556285609,Moderate
28894,30000,41,3,1660,428,0,0.7660818893216393,Very High
16607,80000,32,0,37639,1650,0,0.5348990689804838,High
4536,230000,37,1,0,0,1,0.6088952019010146,High
13801,450000,43,2,1000,0,0,0.7660818893216393,Very High
14941,50000,55,0,25330,1745,0,0.38283804163614554,Elevated
12105,70000,23,0,16103,2800,0,0.6550539400917675,Very High
9062,220000,46,2,243517,0,0,0.8837290745778793,Very High
3669,300000,37,1,5975,1905,0,0.5382018784947318,High
22378,220000,28,0,43436,5012,0,0.23012189426192106,Low
15860,260000,29,1,0,18488,0,0.3396499288321693,Moderate
21307,110000,51,0,45012,2000,0,0.23012189426192106,Low
19887,340000,34,0,332916,14600,0,0.23012189426192106,Low
10317,20000,23,0,13884,3000,1,0.7549348273892288,Very High
13991,100000,47,0,22970,0,0,0.4787548264965612,High
24998,210000,48,0,200822,11477,0,0.23012189426192106,Low
27227,320000,33,0,1877,4114,0,0.23012189426192106,Low
23763,390000,48,1,0,5660,0,0.5087149171511306,High
20019,520000,42,0,437492,14710,0,0.23012189426192106,Low
17760,180000,52,0,173065,5902,0,0.23012189426192106,Low
2318,50000,46,0,44573,2200,0,0.38283804163614554,Elevated
306,110000,26,0,432,3220,0,0.347541273276117,Elevated
16555,10000,30,3,2300,0,1,0.9260126453015733,Very High
21197,230000,35,0,170413,5976,0,0.23012189426192106,Low
26513,240000,53,0,135322,4531,0,0.23012189426192106,Low
13717,100000,38,1,66459,0,0,0.7132952380403815,Very High
27895,150000,29,0,8139,151691,0,0.23012189426192106,Low
21481,20000,24,0,19915,600,1,0.7549348273892288,Very High
25083,260000,48,0,154927,8000,0,0.23012189426192106,Low
15530,260000,33,0,93767,3014,0,0.23012189426192106,Low
20440,80000,24,1,178541,0,1,0.7132952380403815,Very High
20806,30000,37,0,15054,1551,1,0.41588151022565645,Elevated
28593,60000,42,0,58899,2579,0,0.38283804163614554,Elevated
27705,50000,24,1,33385,3000,0,0.7735534076852892,Very High
22099,200000,29,0,65199,6532,0,0.2969376556285609,Moderate
27745,50000,26,0,5052,0,0,0.2712812631662762,Moderate
25827,510000,38,0,95589,2000,0,0.23012189426192106,Low
27596,50000,38,0,51400,0,1,0.4787548264965612,High
26882,500000,29,0,29276,7972,0,0.2969376556285609,Moderate
21969,120000,28,0,1613,136,0,0.4787548264965612,High
29969,20000,34,0,13730,2000,0,0.38283804163614554,Elevated
3977,50000,25,2,48690,1692,0,0.8837290745778793,Very High
29492,320000,31,1,-6029,185,1,0.3396499288321693,Moderate
18697,200000,28,0,18134,18410,0,0.2969376556285609,Moderate
392,280000,39,1,-1312,38621,1,0.3396499288321693,Moderate
27855,60000,27,0,39325,2000,0,0.38283804163614554,Elevated
17249,20000,38,3,18666,0,1,0.7964088951003658,Very High
18731,50000,23,0,37586,2000,1,0.41588151022565645,Elevated
150,260000,60,1,-1100,0,0,0.8499312992672737,Very High
15802,90000,24,0,35411,10000,0,0.23012189426192106,Low
24689,500000,46,0,4031,3709,0,0.347541273276117,Elevated
14883,100000,50,1,0,2976,0,0.6088952019010146,High
28401,160000,47,1,0,0,0,0.6088952019010146,High
5001,170000,61,1,0,0,0,0.8499312992672737,Very High
18236,90000,56,0,58438,2572,0,0.23012189426192106,Low
22044,150000,24,0,52824,4000,0,0.23012189426192106,Low
28424,210000,31,0,77830,2555,0,0.23012189426192106,Low
565,390000,45,2,834,1,0,0.9260126453015733,Very High
23412,180000,30,0,174104,7000,0,0.23012189426192106,Low
1663,90000,27,0,1179,7020,0,0.6832214599145177,Very High
240,140000,41,0,19346,3000,1,0.23012189426192106,Low
3670,260000,36,0,7740,1445,0,0.4787548264965612,High
13393,50000,25,0,23794,1398,0,0.4787548264965612,High
10816,10000,24,5,9829,0,1,0.8837290745778793,Very High
23754,150000,65,0,0,0,0,0.4787548264965612,High
10429,400000,30,0,121219,4981,0,0.23012189426192106,Low
26420,60000,48,0,56899,2080,0,0.38283804163614554,Elevated
26784,80000,30,0,40276,5000,0,0.23012189426192106,Low
12231,30000,37,0,19625,1671,0,0.6832214599145177,Very High
6471,160000,34,0,4763,3009,0,0.7549348273892288,Very High
3651,280000,34,0,82691,3500,0,0.23012189426192106,Low
4262,30000,50,0,27284,4664,0,0.570501077187048,High
17739,50000,59,1,-639,0,1,0.5087149171511306,High
25974,50000,33,0,39554,5000,0,0.38283804163614554,Elevated
8898,20000,24,0,19214,0,0,0.2712812631662762,Moderate
2498,210000,45,0,316,312,0,0.347541273276117,Elevated
25615,240000,29,0,92076,5006,0,0.23012189426192106,Low
12819,70000,25,0,70488,2000,0,0.5348990689804838,High
23323,80000,44,0,45412,1900,1,0.5348990689804838,High
13577,50000,64,0,46351,1377,0,0.4787548264965612,High
10103,30000,42,2,4641,2521,1,0.9260126453015733,Very High
24289,150000,29,0,102802,12186,0,0.23012189426192106,Low
29859,30000,41,0,19904,2000,0,0.41588151022565645,Elevated
15888,360000,27,0,130640,4500,0,0.23012189426192106,Low
13669,100000,38,0,99660,4600,0,0.23012189426192106,Low
20235,300000,56,0,129234,10060,0,0.23012189426192106,Low
16687,20000,41,1,19951,0,1,0.7132952380403815,Very High
22287,20000,30,1,0,0,1,0.6088952019010146,High
2391,180000,29,1,5265,0,1,0.5382018784947318,High
7283,150000,30,0,65591,0,0,0.4787548264965612,High
15546,270000,37,2,160069,6000,1,0.8837290745778793,Very High
7948,310000,48,0,0,0,0,0.4787548264965612,High
10815,90000,27,0,1040,3963,1,0.23012189426192106,Low
13240,20000,34,0,390,780,1,0.7549348273892288,Very High
17449,120000,33,0,35563,1426,1,0.23012189426192106,Low
24137,240000,29,0,90440,3500,0,0.23012189426192106,Low
4919,260000,39,0,107801,30054,0,0.23012189426192106,Low
13882,90000,29,1,9370,0,1,0.7132952380403815,Very High
18281,200000,54,1,7111,10,0,0.5382018784947318,High
14737,110000,41,0,52388,1780,0,0.23012189426192106,Low
20948,500000,35,0,6257,10492,0,0.23012189426192106,Low
27636,70000,23,0,69951,3200,1,0.38283804163614554,Elevated
28730,300000,31,0,3565,316,0,0.4787548264965612,High
1774,50000,25,2,7180,0,1,0.9260126453015733,Very High
4907,340000,46,0,0,0,0,0.4787548264965612,High
19891,160000,36,0,2054,1950,0,0.347541273276117,Elevated
20145,140000,41,0,130439,5000,0,0.23012189426192106,Low
5462,190000,48,0,210612,7496,0,0.23012189426192106,Low
24013,20000,24,4,20569,0,1,0.8837290745778793,Very High
17622,20000,31,0,416,416,0,0.4787548264965612,High
13113,200000,65,0,183653,7130,0,0.23012189426192106,Low
978,180000,28,0,666,662,0,0.4787548264965612,High
19373,500000,42,0,62112,20025,0,0.23012189426192106,Low
22112,60000,29,2,58501,2000,1,0.8837290745778793,Very High
18255,80000,52,0,75113,3500,0,0.23012189426192106,Low
24602,310000,46,2,102064,5030,1,0.8837290745778793,Very High
26931,20000,45,0,5250,2000,1,0.38283804163614554,Elevated
10823,140000,27,2,94903,4400,1,0.9260126453015733,Very High
28015,150000,28,0,5527,1000,0,0.347541273276117,Elevated
14309,500000,40,0,240927,1093,0,0.23012189426192106,Low
2817,100000,49,0,69896,2588,0,0.23012189426192106,Low
7603,10000,47,0,2855,1069,1,0.4787548264965612,High
26332,100000,38,0,68916,3000,0,0.23012189426192106,Low
22768,620000,38,0,1966,35703,0,0.2969376556285609,Moderate
8841,120000,31,0,2340,4908,0,0.2969376556285609,Moderate
10065,60000,28,0,60721,4000,1,0.41588151022565645,Elevated
22779,390000,33,0,84100,5000,0,0.23012189426192106,Low
690,80000,32,0,51372,1853,0,0.23012189426192106,Low
14928,50000,25,0,1170,0,1,0.6550539400917675,Very High
1085,80000,23,0,57314,2145,0,0.23012189426192106,Low
8895,90000,29,0,72774,2900,0,0.23012189426192106,Low
4008,100000,24,1,0,0,0,0.6088952019010146,High
23519,250000,33,0,16317,0,0,0.2712812631662762,Moderate
655,10000,33,0,8177,2500,0,0.41588151022565645,Elevated
8981,200000,29,0,170,3318,0,0.347541273276117,Elevated
12347,190000,28,2,159438,8150,1,0.9260126453015733,Very High
29738,100000,46,2,100000,4500,1,0.8837290745778793,Very High
6242,270000,29,0,227479,7000,0,0.23012189426192106,Low
20390,10000,24,1,5378,0,0,0.7132952380403815,Very High
2151,100000,30,0,31373,1602,0,0.2969376556285609,Moderate
6492,300000,38,0,181387,8000,0,0.3026740989175491,Moderate
21167,150000,31,3,125086,4967,1,0.8837290745778793,Very High
3594,80000,28,2,56272,4000,0,0.8837290745778793,Very High
10021,260000,43,0,3209,0,0,0.347541273276117,Elevated
26247,80000,30,1,69942,0,1,0.7132952380403815,Very High
14472,110000,28,2,86774,4200,1,0.9260126453015733,Very High
24867,150000,36,1,0,0,0,0.6088952019010146,High
12441,150000,49,0,32866,5028,0,0.23012189426192106,Low
21532,50000,23,0,50614,2500,0,0.38283804163614554,Elevated
28041,200000,30,0,0,1541,0,0.3697892966663365,Elevated
3344,300000,27,0,286321,20000,1,0.23012189426192106,Low
19080,70000,29,0,66867,3020,0,0.38283804163614554,Elevated
3895,100000,27,0,82609,3106,0,0.23012189426192106,Low
5965,80000,26,0,56417,2600,0,0.23012189426192106,Low
21102,20000,34,0,6569,2449,0,0.6550539400917675,Very High
29845,400000,39,0,10260,12201,0,0.23012189426192106,Low
10890,110000,24,0,28956,5000,0,0.23012189426192106,Low
11696,20000,53,0,4400,0,0,0.4787548264965612,High
12072,50000,26,0,22915,1411,0,0.38283804163614554,Elevated
7207,450000,41,0,2663,2146,0,0.2969376556285609,Moderate
23584,240000,38,0,197231,6702,0,0.23012189426192106,Low
14560,150000,41,0,15938,1317,0,0.23012189426192106,Low
1403,70000,44,0,4221,2500,1,0.38283804163614554,Elevated
9518,50000,24,1,33991,0,1,0.7735534076852892,Very High
18540,20000,25,2,11202,1500,1,0.8837290745778793,Very High
898,170000,28,2,131864,5600,1,0.9260126453015733,Very High
10735,450000,44,0,19951,8203,0,0.2969376556285609,Moderate
3077,50000,22,0,48423,2150,1,0.41588151022565645,Elevated
9991,330000,45,0,47644,2000,0,0.23012189426192106,Low
3398,40000,45,1,11402,0,1,0.7132952380403815,Very High
3460,230000,30,0,38651,8000,1,0.3697892966663365,Elevated
24760,220000,35,1,190105,0,1,0.7735534076852892,Very High
29814,250000,35,0,29363,4501,0,0.23012189426192106,Low
1635,170000,50,0,177956,7262,0,0.23012189426192106,Low
10076,160000,34,1,-49,0,1,0.3396499288321693,Moderate
5763,20000,27,0,17062,2850,0,0.570501077187048,High
12046,80000,46,0,76270,3400,0,0.23012189426192106,Low
22698,500000,35,0,286595,11000,0,0.23012189426192106,Low
5932,230000,43,0,84821,4293,0,0.23012189426192106,Low
17862,20000,28,0,8723,2000,0,0.38283804163614554,Elevated
18751,310000,26,0,11566,3010,0,0.23012189426192106,Low
26152,200000,42,0,149351,3925,0,0.23012189426192106,Low
6252,120000,43,0,0,999,1,0.4787548264965612,High
24408,260000,32,0,1198,1198,1,0.4787548264965612,High
16081,220000,31,0,67722,7500,0,0.23012189426192106,Low
15822,130000,27,0,0,0,0,0.4787548264965612,High
17175,250000,29,2,252354,11783,1,0.8837290745778793,Very High
13863,180000,26,0,390,390,0,0.347541273276117,Elevated
19644,460000,29,0,82315,90150,0,0.23012189426192106,Low
17486,50000,41,2,23043,1700,1,0.9260126453015733,Very High
2777,180000,39,2,177113,7800,1,0.8837290745778793,Very High
11614,30000,33,0,28949,2233,0,0.41588151022565645,Elevated
25600,20000,45,0,390,350,0,0.4787548264965612,High
8423,220000,43,0,7695,2725,0,0.347541273276117,Elevated
1116,60000,27,0,11862,1861,0,0.41588151022565645,Elevated
7315,90000,28,0,12759,5000,1,0.23012189426192106,Low
2990,50000,36,0,3781,1710,0,0.20287159931475213,Low
4569,30000,23,0,27275,2000,0,0.38283804163614554,Elevated
18964,80000,29,0,1443,1443,1,0.5348990689804838,High
9011,270000,41,0,316,316,0,0.2712812631662762,Moderate
2608,490000,51,0,389,377,1,0.4787548264965612,High
14072,100000,24,2,17938,2842,1,0.8837290745778793,Very High
1079,180000,47,0,316,316,0,0.4787548264965612,High
6066,20000,56,2,12864,1500,0,0.8837290745778793,Very High
16326,20000,42,0,12029,1224,0,0.6832214599145177,Very High
26750,60000,27,2,58598,2632,1,0.8837290745778793,Very High
29263,10000,24,0,2736,3000,0,0.38283804163614554,Elevated
397,100000,38,0,40810,2502,0,0.2969376556285609,Moderate
23613,310000,34,0,270776,11080,0,0.23012189426192106,Low
1588,550000,31,0,43769,2018,0,0.2969376556285609,Moderate
26573,90000,55,0,39731,2000,0,0.23012189426192106,Low
20420,50000,24,0,47796,2100,0,0.38283804163614554,Elevated
21399,360000,54,1,-281,3011,1,0.5087149171511306,High
11791,50000,41,0,48403,2550,0,0.38283804163614554,Elevated
11835,30000,53,2,34775,1733,0,0.8837290745778793,Very High
4973,50000,26,0,49722,2200,0,0.41588151022565645,Elevated
17943,150000,30,0,80220,3095,0,0.23012189426192106,Low
18572,180000,27,0,264,264,0,0.4787548264965612,High
27251,210000,33,0,154714,4830,0,0.23012189426192106,Low
29014,400000,40,0,3716,4318,0,0.2969376556285609,Moderate
24521,350000,33,0,25507,1800,0,0.5348990689804838,High
22409,150000,28,0,146325,5125,0,0.23012189426192106,Low
757,140000,26,0,4113,2000,0,0.23012189426192106,Low
18118,200000,42,0,151392,7000,0,0.3026740989175491,Moderate
22617,170000,39,0,22870,2000,0,0.23012189426192106,Low
21314,30000,50,0,390,390,0,0.4787548264965612,High
9763,90000,26,0,13416,7380,1,0.2969376556285609,Moderate
22895,200000,30,0,389,5890,0,0.2969376556285609,Moderate
25143,300000,72,0,4984,756,0,0.347541273276117,Elevated
23932,20000,22,0,18690,3500,0,0.570501077187048,High
10790,60000,24,0,60753,2800,0,0.38283804163614554,Elevated
28283,110000,41,0,104133,4500,1,0.23012189426192106,Low
25666,40000,26,0,28991,1300,0,0.2712812631662762,Moderate
17816,30000,23,0,30620,2000,0,0.38283804163614554,Elevated
4105,210000,25,2,7474,1500,1,0.8837290745778793,Very High
19243,160000,41,0,8091,5344,0,0.23012189426192106,Low
13771,200000,32,0,846,864,0,0.2712812631662762,Moderate
1089,30000,35,0,28786,1500,0,0.4787548264965612,High
27744,10000,24,0,6632,2000,0,0.38283804163614554,Elevated
22180,200000,27,0,4941,5610,0,0.23012189426192106,Low
7039,460000,61,1,0,8602,0,0.5087149171511306,High
26297,360000,29,0,4887,5005,0,0.23012189426192106,Low
25943,200000,33,2,1076,696,0,0.7660818893216393,Very High
19342,100000,41,0,111925,4000,0,0.23012189426192106,Low
17993,440000,37,0,186061,50000,0,0.23012189426192106,Low
727,360000,39,0,12865,4484,0,0.23012189426192106,Low
18424,160000,23,0,77947,4000,1,0.23012189426192106,Low
17022,50000,22,1,4434,0,0,0.7132952380403815,Very High
23757,300000,59,0,12982,11138,0,0.23012189426192106,Low
11648,100000,26,0,73070,10000,0,0.23012189426192106,Low
15387,20000,44,0,5636,1200,0,0.4787548264965612,High
17231,100000,39,2,94732,5000,1,0.9260126453015733,Very High
6240,500000,44,0,91718,4000,0,0.23012189426192106,Low
9924,60000,22,0,59575,2051,0,0.38283804163614554,Elevated
2361,20000,41,0,6565,0,0,0.4787548264965612,High
26839,470000,35,0,262980,10929,0,0.23012189426192106,Low
24988,330000,45,0,86916,3135,0,0.23012189426192106,Low
12591,80000,44,0,1719,1000,0,0.4787548264965612,High
29372,50000,27,0,17500,0,0,0.4787548264965612,High
20085,500000,31,0,348526,15210,0,0.23012189426192106,Low
16525,20000,28,0,15226,2000,0,0.6832214599145177,Very High
12597,110000,49,0,52775,3000,0,0.23012189426192106,Low
8122,130000,28,0,92174,4086,0,0.23012189426192106,Low
9292,230000,25,0,26214,2000,0,0.2969376556285609,Moderate
1990,50000,42,0,39236,2094,1,0.41588151022565645,Elevated
23749,50000,59,0,50761,2500,0,0.38283804163614554,Elevated
8874,360000,42,0,45603,29882,0,0.23012189426192106,Low
15549,450000,36,0,8012,4021,1,0.23012189426192106,Low
15317,420000,45,2,412289,16272,1,0.8837290745778793,Very High
9602,140000,24,0,20923,1633,0,0.2969376556285609,Moderate
1295,300000,41,0,34480,1472,0,0.2712812631662762,Moderate
8761,50000,37,0,23325,1400,0,0.2712812631662762,Moderate
6524,100000,36,0,46202,1784,0,0.23012189426192106,Low
21213,20000,40,2,15563,2000,0,0.9260126453015733,Very High
5493,260000,28,1,0,0,0,0.3396499288321693,Moderate
24119,500000,27,0,252881,30032,0,0.23012189426192106,Low
1724,160000,27,0,13234,0,0,0.347541273276117,Elevated
22998,330000,41,0,76279,4179,0,0.23012189426192106,Low
18503,150000,26,0,107506,5109,0,0.2969376556285609,Moderate
706,50000,26,0,15448,1500,1,0.38283804163614554,Elevated
28902,230000,35,0,165405,6027,0,0.23012189426192106,Low
26180,230000,35,0,22909,0,0,0.4787548264965612,High
27244,180000,37,0,1170,420,1,0.347541273276117,Elevated
26057,100000,27,0,58127,3000,0,0.23012189426192106,Low
17519,220000,33,0,204205,20000,0,0.23012189426192106,Low
4402,140000,50,0,95310,4000,0,0.23012189426192106,Low
2334,210000,38,0,2360,4465,0,0.3697892966663365,Elevated
5044,90000,45,0,86519,4100,0,0.23012189426192106,Low
9191,60000,24,3,33866,0,1,0.8837290745778793,Very High
23093,470000,33,0,0,0,1,0.4787548264965612,High
8379,60000,39,0,14085,2000,0,0.38283804163614554,Elevated
27874,340000,27,0,59322,20063,0,0.23012189426192106,Low
5803,20000,26,0,1490,3150,0,0.20287159931475213,Low
983,500000,36,0,45106,81690,1,0.23012189426192106,Low
7637,210000,28,0,145643,4741,0,0.23012189426192106,Low
6978,400000,44,0,6389,59570,0,0.2969376556285609,Moderate
15111,20000,50,1,18206,1000,0,0.7132952380403815,Very High
12935,230000,41,0,1552,792,0,0.347541273276117,Elevated
25154,50000,27,1,20293,2000,1,0.7735534076852892,Very High
13079,200000,58,0,283,5361,0,0.23012189426192106,Low
20330,80000,60,0,577,500,0,0.4787548264965612,High
17565,50000,45,0,330,330,0,0.38283804163614554,Elevated
9936,50000,38,0,10825,1500,0,0.4787548264965612,High
9623,20000,45,0,1651,0,0,0.4787548264965612,High
10993,230000,41,0,1886,8034,0,0.23012189426192106,Low
15171,160000,23,0,17920,2000,0,0.23012189426192106,Low
9553,80000,35,0,14376,1435,0,0.4787548264965612,High
27992,110000,29,0,27340,10000,0,0.2969376556285609,Moderate
27136,500000,47,0,18463,18011,0,0.23012189426192106,Low
20051,10000,43,0,6110,1240,0,0.4787548264965612,High
12904,100000,27,0,98746,4146,0,0.23012189426192106,Low
4679,170000,29,0,165027,7200,0,0.23012189426192106,Low
15849,70000,28,0,68462,3100,0,0.38283804163614554,Elevated
19852,230000,45,0,71149,3000,0,0.23012189426192106,Low
1102,30000,24,0,24238,3462,1,0.7549348273892288,Very High
6782,640000,34,0,105423,51644,0,0.23012189426192106,Low
13454,20000,29,0,10321,1200,0,0.4787548264965612,High
17548,110000,38,2,41619,0,1,0.9260126453015733,Very High
25688,360000,34,0,6276,16142,0,0.23012189426192106,Low
23105,130000,31,0,133845,7000,0,0.23012189426192106,Low
9098,20000,56,0,15552,1300,0,0.4787548264965612,High
18903,50000,28,0,1019,1672,0,0.41588151022565645,Elevated
17350,100000,44,1,76725,0,1,0.8800187576626742,Very High
1756,130000,34,0,5444,1321,0,0.4787548264965612,High
29947,230000,44,0,5419,3306,0,0.2969376556285609,Moderate
13696,20000,29,0,16196,2200,0,0.6832214599145177,Very High
28835,220000,36,0,222598,10000,1,0.23012189426192106,Low
12371,360000,30,0,11193,332,0,0.2712812631662762,Moderate
2932,230000,27,1,46628,0,0,0.5382018784947318,High
2142,140000,41,0,2139,0,0,0.347541273276117,Elevated
13880,200000,39,0,2277,16021,0,0.2969376556285609,Moderate
29932,60000,41,0,61118,2200,0,0.38283804163614554,Elevated
13919,130000,29,0,110524,10000,0,0.23012189426192106,Low
6424,180000,28,0,9853,10732,0,0.23012189426192106,Low
15202,50000,23,3,22613,0,1,0.8837290745778793,Very High
16177,50000,47,0,49571,2000,0,0.38283804163614554,Elevated
17532,180000,35,0,1264,176,0,0.4787548264965612,High
26591,90000,34,0,86275,4004,0,0.23012189426192106,Low
24660,310000,41,0,247202,8213,0,0.23012189426192106,Low
26387,450000,35,1,131351,4723,0,0.5382018784947318,High
20564,30000,25,0,1211,0,0,0.4787548264965612,High
21676,120000,25,0,46953,2500,0,0.23012189426192106,Low
28280,230000,36,0,858,885,0,0.4787548264965612,High
11145,150000,30,0,3415,2425,0,0.2969376556285609,Moderate
18881,400000,30,0,2912,2668,0,0.347541273276117,Elevated
22883,100000,29,0,85268,5000,0,0.23012189426192106,Low
25269,120000,25,0,52109,1565,0,0.23012189426192106,Low
13740,40000,43,2,2400,0,1,0.9260126453015733,Very High
21684,20000,22,0,16653,2000,0,0.38283804163614554,Elevated
10739,30000,26,0,12813,3000,0,0.38283804163614554,Elevated
14889,450000,37,1,0,0,0,0.6088952019010146,High
13621,50000,49,0,28788,1377,0,0.4787548264965612,High
5009,170000,31,0,63948,5000,0,0.23012189426192106,Low
13084,20000,35,3,10216,900,1,0.8837290745778793,Very High
4905,30000,22,0,25536,1800,0,0.41588151022565645,Elevated
15201,90000,30,2,75620,3300,1,0.9260126453015733,Very High
14108,360000,29,0,55104,2094,0,0.23012189426192106,Low
16703,30000,47,0,118587,6624,0,0.38283804163614554,Elevated
18578,150000,25,0,69333,3401,0,0.347541273276117,Elevated
16052,500000,39,0,418958,39432,0,0.23012189426192106,Low
2724,180000,47,0,14525,1347,0,0.23012189426192106,Low
14435,10000,32,1,9001,0,1,0.7132952380403815,Very High
2117,230000,27,0,416,568,1,0.4787548264965612,High
16520,420000,26,1,390188,14000,1,0.5382018784947318,High
6335,70000,33,2,63963,3000,1,0.9260126453015733,Very High
19400,320000,31,0,11910,4445,0,0.23012189426192106,Low
7488,150000,30,0,217,0,0,0.347541273276117,Elevated
3913,80000,26,0,67692,2763,0,0.23012189426192106,Low
3524,200000,30,0,0,0,0,0.4787548264965612,High
26060,200000,39,0,25149,15084,0,0.23012189426192106,Low
8451,380000,30,0,192132,10123,0,0.23012189426192106,Low
2661,200000,29,0,4810,0,1,0.4787548264965612,High
1831,20000,38,0,19805,1000,1,0.4787548264965612,High
24624,190000,42,0,31323,1500,0,0.4787548264965612,High
10079,100000,28,0,95251,5401,0,0.23012189426192106,Low
29973,190000,37,0,21628,2000,0,0.23012189426192106,Low
4597,60000,30,0,264,264,1,0.4787548264965612,High
215,470000,27,2,296573,13000,0,0.8837290745778793,Very High
1094,360000,41,1,0,0,1,0.6088952019010146,High
22852,150000,41,2,102629,3100,1,0.8837290745778793,Very High
13014,280000,43,0,4172,0,0,0.3697892966663365,Elevated
7594,200000,68,0,203533,8870,0,0.23012189426192106,Low
20968,150000,38,5,288585,0,1,0.8837290745778793,Very High
5440,110000,42,2,28383,0,0,0.8837290745778793,Very High
12321,210000,40,0,130868,11760,0,0.3697892966663365,Elevated
14500,60000,24,1,44238,4000,0,0.7735534076852892,Very High
20082,120000,43,0,121427,77225,0,0.23012189426192106,Low
25117,150000,54,0,4015,501,1,0.4787548264965612,High
13668,110000,29,0,41300,0,0,0.4787548264965612,High
10088,150000,31,0,110921,3000,0,0.2969376556285609,Moderate
1861,20000,24,1,0,0,0,0.6088952019010146,High
23448,450000,36,0,0,0,0,0.4787548264965612,High
14193,230000,27,0,7701,2028,0,0.23012189426192106,Low
28070,210000,44,0,124146,6000,0,0.23012189426192106,Low
27096,140000,30,0,44300,54700,0,0.23012189426192106,Low
27684,30000,22,2,27987,1420,1,0.8837290745778793,Very High
19269,300000,42,0,885,0,0,0.4787548264965612,High
9183,50000,24,0,42058,1367,0,0.4787548264965612,High
19560,160000,37,0,17500,10000,0,0.23012189426192106,Low
3116,200000,46,0,7340,0,0,0.23012189426192106,Low
14912,240000,42,0,66394,1273,0,0.23012189426192106,Low
3120,260000,28,0,76996,11515,0,0.23012189426192106,Low
13048,350000,50,0,41069,315,0,0.347541273276117,Elevated
8657,30000,46,6,33134,0,0,0.8837290745778793,Very High
21941,130000,27,0,3363,8319,0,0.23012189426192106,Low
22324,470000,30,0,26549,1420,0,0.23012189426192106,Low
3690,710000,51,1,0,0,0,0.6088952019010146,High
26993,80000,46,0,52674,9000,0,0.23012189426192106,Low
14006,500000,35,0,143839,4844,0,0.23012189426192106,Low
27290,230000,35,0,392,4114,0,0.23012189426192106,Low
5823,150000,28,0,147933,3202,0,0.23012189426192106,Low
28055,20000,32,3,2400,0,1,0.9260126453015733,Very High
6854,290000,34,0,5451,1200,1,0.23012189426192106,Low
22090,60000,28,0,20729,3016,0,0.570501077187048,High
20723,170000,36,2,177116,0,0,0.8837290745778793,Very High
25545,120000,37,0,106469,5400,0,0.23012189426192106,Low
3792,120000,28,0,8922,35000,1,0.23012189426192106,Low
6538,360000,40,0,16540,1160,0,0.347541273276117,Elevated
20746,30000,42,0,2782,2975,0,0.38283804163614554,Elevated
7046,20000,26,0,11030,5331,0,0.20287159931475213,Low
12706,10000,22,2,7582,1200,1,0.8837290745778793,Very High
1795,120000,37,0,776,1616,1,0.2969376556285609,Moderate
29435,180000,28,0,9796,500,0,0.347541273276117,Elevated
5122,200000,37,0,446,0,1,0.4787548264965612,High
6700,60000,43,1,0,0,0,0.6088952019010146,High
28991,260000,35,0,0,0,0,0.4787548264965612,High
23241,110000,42,0,110191,3200,0,0.23012189426192106,Low
29547,50000,30,0,49194,1978,0,0.38283804163614554,Elevated
6487,20000,45,2,14064,3000,1,0.8837290745778793,Very High
19565,60000,48,0,316,316,1,0.4787548264965612,High
13221,30000,25,0,19955,1338,0,0.2712812631662762,Moderate
5121,150000,37,0,69012,2500,0,0.23012189426192106,Low
10859,40000,34,0,7018,7419,0,0.38283804163614554,Elevated
29671,220000,40,2,222418,4,0,0.8837290745778793,Very High
12598,150000,30,0,696,1392,1,0.570501077187048,High
2071,120000,29,0,82064,4000,0,0.23012189426192106,Low
18747,20000,29,0,13958,1600,0,0.41588151022565645,Elevated
25990,270000,35,0,60227,3000,0,0.2969376556285609,Moderate
12686,130000,52,0,82399,7931,0,0.5348990689804838,High
8130,30000,24,2,28470,3407,0,0.8837290745778793,Very High
26540,200000,51,1,0,1221,0,0.6088952019010146,High
5173,360000,40,1,-242,649,0,0.6088952019010146,High
16843,80000,48,0,76288,3003,0,0.23012189426192106,Low
18257,10000,54,4,7936,0,1,0.9260126453015733,Very High
5114,30000,36,2,25437,2000,1,0.9260126453015733,Very High
27169,20000,29,0,13835,1600,0,0.5348990689804838,High
25080,30000,59,0,390,390,0,0.2712812631662762,Moderate
9679,80000,23,0,80998,4500,0,0.23012189426192106,Low
4383,40000,51,0,144397,3988,1,0.38283804163614554,Elevated
23206,170000,45,1,110970,9460,1,0.5382018784947318,High
13283,110000,25,1,60491,3000,0,0.7132952380403815,Very High
20642,190000,28,0,359280,10367,0,0.23012189426192106,Low
15589,180000,50,0,62782,5000,0,0.23012189426192106,Low
8789,20000,24,2,17597,1619,1,0.8837290745778793,Very High
10715,30000,38,0,7979,1200,0,0.4787548264965612,High
2184,150000,55,0,2070,7620,0,0.2969376556285609,Moderate
16891,300000,37,0,11669,27963,0,0.23012189426192106,Low
4367,90000,36,4,62737,0,1,0.8837290745778793,Very High
23464,20000,46,0,189,2249,1,0.38283804163614554,Elevated
16124,160000,41,0,71900,0,0,0.4787548264965612,High
6634,180000,34,0,25000,0,0,0.2712812631662762,Moderate
24140,100000,29,0,711,1000,1,0.4787548264965612,High
21250,350000,43,0,2878,0,0,0.2712812631662762,Moderate
1291,20000,23,0,6733,0,0,0.4787548264965612,High
19905,210000,43,0,3577,1003,0,0.4787548264965612,High
8471,30000,23,4,15847,0,1,0.9260126453015733,Very High
16757,320000,36,0,318022,10810,0,0.23012189426192106,Low
911,90000,25,2,86014,8300,0,0.8837290745778793,Very High
8076,100000,46,1,0,203,0,0.6088952019010146,High
6899,130000,39,0,133825,7500,0,0.5348990689804838,High
10963,230000,46,0,4328,1518,1,0.347541273276117,Elevated
4887,360000,31,0,1483,9386,0,0.23012189426192106,Low
13333,50000,49,0,47649,2220,0,0.38283804163614554,Elevated
28164,160000,41,1,45057,2000,0,0.7132952380403815,Very High
20300,390000,53,0,30400,5000,0,0.23012189426192106,Low
8888,220000,43,0,6873,2230,0,0.3697892966663365,Elevated
20094,200000,32,0,8479,2021,0,0.2969376556285609,Moderate
23271,60000,37,0,53867,2000,0,0.38283804163614554,Elevated
25060,360000,49,0,4698,0,1,0.2712812631662762,Moderate
17406,140000,47,0,0,0,0,0.4787548264965612,High
11775,210000,36,0,1060,779,0,0.347541273276117,Elevated
10141,210000,26,1,0,0,1,0.6088952019010146,High
19990,130000,32,0,58776,2010,0,0.23012189426192106,Low
1298,200000,34,0,6626,2476,0,0.347541273276117,Elevated
11823,230000,35,0,1246,3312,0,0.347541273276117,Elevated
10164,120000,23,0,100904,6629,0,0.23012189426192106,Low
15591,110000,51,0,110950,2500,0,0.23012189426192106,Low
2016,390000,38,0,241,0,1,0.4787548264965612,High
13996,400000,35,0,92,101,0,0.4787548264965612,High
22945,220000,35,0,45739,2000,0,0.23012189426192106,Low
2055,50000,55,0,50528,2100,0,0.41588151022565645,Elevated
11845,30000,24,2,1800,0,0,0.9260126453015733,Very High
13367,360000,42,1,0,6815,0,0.5087149171511306,High
8574,20000,25,1,8483,2000,1,0.7735534076852892,Very High
27940,90000,27,1,0,1191,0,0.3396499288321693,Moderate
20405,150000,32,0,159919,4019,0,0.23012189426192106,Low
11427,20000,53,0,35419,0,0,0.4787548264965612,High
7195,500000,57,0,4560,600,0,0.2712812631662762,Moderate
15507,90000,33,0,60881,5000,0,0.23012189426192106,Low
29204,100000,35,0,94467,3627,0,0.23012189426192106,Low
17648,360000,37,0,0,0,1,0.4787548264965612,High
3814,60000,42,0,58264,3200,0,0.38283804163614554,Elevated
23664,110000,38,0,195437,5000,1,0.23012189426192106,Low
23045,440000,36,0,14234,11066,0,0.23012189426192106,Low
22451,80000,38,0,17816,3000,0,0.23012189426192106,Low
12970,50000,34,0,49135,1971,0,0.38283804163614554,Elevated
26559,50000,51,0,44788,2352,1,0.38283804163614554,Elevated
17436,380000,44,0,365023,14320,0,0.23012189426192106,Low
18689,360000,28,0,9278,6213,1,0.2969376556285609,Moderate
5604,220000,38,0,142846,6000,0,0.23012189426192106,Low
2910,220000,25,0,29664,1018,0,0.23012189426192106,Low
3794,430000,33,0,1837,373,0,0.4787548264965612,High
16612,50000,31,0,1450,2590,0,0.7549348273892288,Very High
1174,180000,32,0,666,666,0,0.4787548264965612,High
1962,130000,53,0,11085,45697,0,0.23012189426192106,Low
1655,50000,30,0,50507,4000,0,0.38283804163614554,Elevated
21568,30000,25,0,26376,1550,0,0.41588151022565645,Elevated
7697,240000,36,0,7058,4789,1,0.23012189426192106,Low
13601,30000,39,0,27782,2023,0,0.20287159931475213,Low
16543,10000,27,4,3462,900,1,0.9260126453015733,Very High
20747,50000,41,0,31197,4590,0,0.38283804163614554,Elevated
11946,230000,28,0,651,651,0,0.4787548264965612,High
29451,200000,30,1,0,1870,0,0.6088952019010146,High
12977,50000,35,1,0,1118,0,0.6088952019010146,High
21487,90000,27,0,46588,4000,0,0.570501077187048,High
6990,120000,26,1,52623,0,0,0.7735534076852892,Very High
24489,20000,34,0,2216,2199,0,0.41588151022565645,Elevated
19635,300000,41,0,1215,43943,0,0.23012189426192106,Low
3556,100000,35,0,45124,1730,0,0.23012189426192106,Low
23728,200000,51,0,288015,4470,0,0.23012189426192106,Low
20935,360000,42,0,30860,20204,0,0.23012189426192106,Low
7932,150000,22,0,7600,1300,0,0.23012189426192106,Low
14441,50000,33,1,0,0,0,0.3396499288321693,Moderate
10671,410000,48,0,28921,5422,1,0.23012189426192106,Low
20473,80000,34,1,71104,3400,1,0.7735534076852892,Very High
27617,20000,22,0,16917,3500,0,0.38283804163614554,Elevated
19072,260000,39,0,152735,6627,0,0.23012189426192106,Low
18712,70000,26,0,46222,2500,0,0.38283804163614554,Elevated
5321,500000,30,0,869,2507,0,0.347541273276117,Elevated
29192,200000,29,0,13765,14304,0,0.23012189426192106,Low
7720,230000,25,0,32915,4794,0,0.23012189426192106,Low
8724,50000,34,2,20377,1650,0,0.8837290745778793,Very High
14090,190000,38,0,94921,4000,0,0.23012189426192106,Low
15901,20000,24,0,17191,2000,0,0.41588151022565645,Elevated
27917,110000,28,0,52693,5064,0,0.23012189426192106,Low
6822,220000,43,0,316,316,0,0.4787548264965612,High
4250,20000,31,0,35651,4960,0,0.41588151022565645,Elevated
23598,400000,43,0,15000,18400,0,0.23012189426192106,Low
24745,130000,46,0,46849,1802,0,0.23012189426192106,Low
6073,50000,30,0,416,832,1,0.6550539400917675,Very High
10758,230000,53,0,10000,0,0,0.4787548264965612,High
18902,110000,27,0,112938,6000,0,0.23012189426192106,Low
15458,80000,31,1,0,0,0,0.6088952019010146,High
19992,70000,33,1,51900,0,0,0.7132952380403815,Very High
15422,220000,53,2,220389,8490,1,0.8837290745778793,Very High
8289,80000,42,0,23931,1500,1,0.23012189426192106,Low
6086,140000,37,0,124375,11000,1,0.5348990689804838,High
21161,260000,44,0,11506,975,0,0.4787548264965612,High
20166,150000,34,0,5712,14539,0,0.23012189426192106,Low
1895,100000,30,1,72652,20000,1,0.7735534076852892,Very High
17770,330000,53,0,304922,14000,0,0.23012189426192106,Low
18172,400000,41,0,11461,5877,0,0.23012189426192106,Low
750,50000,25,8,37647,0,1,0.7964088951003658,Very High
7391,380000,44,0,371917,15071,0,0.23012189426192106,Low
27961,140000,27,0,1186,4000,0,0.2969376556285609,Moderate
14753,200000,26,0,14513,84387,0,0.23012189426192106,Low
5149,110000,33,1,7128,0,1,0.7132952380403815,Very High
23071,230000,35,0,6012,78,1,0.347541273276117,Elevated
1376,30000,50,0,0,0,0,0.2712812631662762,Moderate
5101,360000,48,0,2119,3,0,0.4787548264965612,High
18511,50000,23,0,40544,2000,0,0.41588151022565645,Elevated
6760,180000,29,0,100534,5364,0,0.5348990689804838,High
9287,100000,42,2,46195,2000,1,0.9260126453015733,Very High
13390,340000,36,0,2566,8,0,0.3697892966663365,Elevated
2950,60000,46,0,60987,2145,0,0.41588151022565645,Elevated
17810,140000,24,0,6312,0,1,0.347541273276117,Elevated
15732,220000,42,0,2358,156,0,0.4787548264965612,High
17295,30000,31,2,30057,0,0,0.8837290745778793,Very High
26622,20000,22,0,16620,2000,0,0.38283804163614554,Elevated
23290,150000,35,0,0,26660,0,0.2969376556285609,Moderate
20352,60000,26,0,56387,2200,0,0.38283804163614554,Elevated
27777,150000,25,0,30305,10190,0,0.23012189426192106,Low
24789,60000,32,0,22357,1684,0,0.38283804163614554,Elevated
15266,230000,39,0,219712,30500,0,0.23012189426192106,Low
13826,120000,41,0,3307,258,0,0.4787548264965612,High
21230,200000,37,1,0,0,0,0.3396499288321693,Moderate
29997,150000,43,0,1683,1837,0,0.347541273276117,Elevated
28285,180000,41,0,130979,5739,0,0.23012189426192106,Low
13402,420000,27,0,1486,2679,1,0.347541273276117,Elevated
19894,120000,42,0,114740,4038,0,0.23012189426192106,Low
19711,300000,41,0,3399,0,0,0.347541273276117,Elevated
16922,200000,55,0,169287,6177,0,0.23012189426192106,Low
7290,20000,33,0,36658,4000,0,0.41588151022565645,Elevated
26450,200000,50,0,2119,1662,0,0.347541273276117,Elevated
18409,70000,23,0,45743,1619,0,0.38283804163614554,Elevated
17796,470000,54,1,358581,0,0,0.5382018784947318,High
16586,470000,27,0,213495,10005,0,0.23012189426192106,Low
412,200000,38,0,190,0,0,0.4787548264965612,High
13662,500000,38,0,56197,5000,0,0.23012189426192106,Low
29841,320000,48,2,206732,0,1,0.9260126453015733,Very High
20449,180000,26,0,14565,9500,0,0.23012189426192106,Low
6273,70000,26,0,69900,2506,0,0.38283804163614554,Elevated
1789,50000,25,0,50380,4000,0,0.41588151022565645,Elevated
679,300000,31,0,3345,1087,0,0.347541273276117,Elevated
14593,70000,24,0,10916,2000,0,0.38283804163614554,Elevated
29332,100000,26,0,1872,4503,0,0.23012189426192106,Low
22931,90000,33,0,3817,5000,0,0.2969376556285609,Moderate
28105,50000,35,1,31507,0,0,0.7132952380403815,Very High
2155,50000,25,0,23529,4820,0,0.41588151022565645,Elevated
18070,140000,29,0,140933,5503,0,0.23012189426192106,Low
15731,170000,51,0,316,316,0,0.4787548264965612,High
6229,240000,60,2,184427,7001,1,0.8837290745778793,Very High
13681,90000,38,2,28774,1400,0,0.8837290745778793,Very High
15661,200000,37,1,-1,298,0,0.6088952019010146,High
2326,50000,52,0,47479,29456,0,0.41588151022565645,Elevated
25200,30000,24,1,-5,570,0,0.6088952019010146,High
17158,230000,27,0,326,326,0,0.4787548264965612,High
4254,60000,51,0,60557,3040,0,0.38283804163614554,Elevated
15794,60000,23,0,45995,2400,0,0.38283804163614554,Elevated
1679,390000,40,1,424244,587,0,0.5382018784947318,High
24310,80000,41,0,11688,8739,0,0.23012189426192106,Low
20096,140000,42,0,156062,5750,0,0.23012189426192106,Low
22453,50000,44,0,42941,1800,0,0.38283804163614554,Elevated
1097,130000,26,0,2343,32322,0,0.2969376556285609,Moderate
2247,140000,32,0,101458,3997,0,0.23012189426192106,Low
6590,420000,34,0,440,1039,0,0.4787548264965612,High
21972,80000,24,0,70411,6657,0,0.6832214599145177,Very High
18600,320000,27,0,120158,6000,0,0.23012189426192106,Low
6162,230000,28,0,23855,18309,0,0.23012189426192106,Low
11172,70000,37,0,67573,3000,1,0.6832214599145177,Very High
11785,10000,23,0,3035,3000,0,0.570501077187048,High
1182,390000,27,2,386301,17000,0,0.8837290745778793,Very High
29484,200000,41,0,51995,4000,1,0.23012189426192106,Low
28057,60000,33,1,11776,0,0,0.7132952380403815,Very High
16129,200000,32,0,24429,1500,1,0.2712812631662762,Moderate
24393,80000,41,0,165578,4351,1,0.23012189426192106,Low
23277,300000,42,0,168796,7010,0,0.23012189426192106,Low
8991,140000,37,0,65863,3000,0,0.23012189426192106,Low
11406,400000,37,0,7011,10000,0,0.23012189426192106,Low
8521,60000,29,2,40587,2000,1,0.9260126453015733,Very High
29117,20000,54,0,13543,1300,0,0.38283804163614554,Elevated
8575,150000,32,1,0,0,1,0.6088952019010146,High
27884,110000,28,2,105014,9000,0,0.8837290745778793,Very High
256,50000,25,0,27699,1565,0,0.41588151022565645,Elevated
16811,140000,38,0,138329,6806,0,0.23012189426192106,Low
23017,260000,42,0,2788,4058,0,0.23012189426192106,Low
17858,140000,25,0,92465,3500,0,0.23012189426192106,Low
13091,190000,40,0,78388,3600,0,0.23012189426192106,Low
23949,50000,22,0,47871,1546,0,0.41588151022565645,Elevated
7333,220000,29,0,14246,2601,0,0.23012189426192106,Low
27608,140000,26,0,93384,3514,0,0.23012189426192106,Low
25664,70000,42,0,22068,29500,0,0.38283804163614554,Elevated
4690,170000,39,1,171062,0,0,0.5382018784947318,High
21228,410000,41,0,396975,30000,0,0.23012189426192106,Low
17394,100000,46,2,43677,0,1,0.9260126453015733,Very High
7714,310000,34,0,97196,6000,0,0.23012189426192106,Low
24027,110000,26,0,60808,196,0,0.6832214599145177,Very High
20845,30000,28,0,598,0,0,0.4787548264965612,High
11813,80000,37,0,1324,1087,0,0.4787548264965612,High
10736,130000,27,0,69353,2139,0,0.2969376556285609,Moderate
26084,210000,44,0,0,4098,1,0.2969376556285609,Moderate
13343,210000,33,0,0,0,0,0.4787548264965612,High
13829,230000,31,0,47906,0,0,0.2712812631662762,Moderate
5947,70000,24,0,7033,1954,1,0.20287159931475213,Low
16504,30000,25,0,6122,1300,0,0.4787548264965612,High
26452,360000,49,0,801,913,0,0.4787548264965612,High
17542,20000,37,1,16174,0,1,0.7132952380403815,Very High
1464,300000,50,0,8924,3131,0,0.347541273276117,Elevated
5423,80000,25,0,31780,2000,1,0.23012189426192106,Low
21029,20000,39,0,16621,1200,0,0.38283804163614554,Elevated
15597,30000,56,0,32758,1521,0,0.41588151022565645,Elevated
29292,180000,27,0,212751,40000,0,0.23012189426192106,Low
3442,110000,33,0,39768,5548,0,0.570501077187048,High
20097,290000,40,0,258360,12025,0,0.23012189426192106,Low
23636,280000,48,2,9511,35852,1,0.8837290745778793,Very High
3804,80000,59,1,21723,0,0,0.7132952380403815,Very High
25221,10000,24,1,6779,0,0,0.7735534076852892,Very High
25107,20000,50,0,11462,1212,0,0.4787548264965612,High
3046,180000,38,0,326,326,0,0.4787548264965612,High
29977,40000,47,2,52358,4000,1,0.9260126453015733,Very High
8822,30000,23,3,29093,1200,1,0.9260126453015733,Very High
19045,280000,29,0,-11,0,0,0.4787548264965612,High
21820,310000,26,0,11683,3000,0,0.3697892966663365,Elevated
8999,100000,46,0,5291,0,1,0.6550539400917675,Very High
29290,90000,26,0,61212,2497,0,0.2969376556285609,Moderate
1234,100000,40,0,326,326,0,0.4787548264965612,High
10636,90000,24,0,80699,2991,0,0.23012189426192106,Low
22562,180000,47,0,4164,701,0,0.4787548264965612,High
18873,100000,27,1,-6,2000,0,0.3396499288321693,Moderate
18176,50000,35,0,3056,0,0,0.38283804163614554,Elevated
23356,30000,28,3,1200,0,1,0.9260126453015733,Very High
7760,20000,33,1,17439,0,0,0.7132952380403815,Very High
22190,200000,29,0,203621,7464,0,0.23012189426192106,Low
28721,130000,41,0,2538,1177,0,0.4787548264965612,High
17210,90000,28,0,2780,1950,0,0.347541273276117,Elevated
27901,110000,28,0,53152,1725,0,0.23012189426192106,Low
10551,230000,28,0,23063,2000,0,0.23012189426192106,Low
16100,30000,29,0,419,1173,1,0.4787548264965612,High
3503,360000,30,0,132250,5000,0,0.23012189426192106,Low
27186,90000,27,0,49271,3011,0,0.570501077187048,High
3426,210000,26,0,186109,5929,0,0.23012189426192106,Low
12506,150000,37,0,40680,4960,0,0.23012189426192106,Low
10566,60000,24,0,57147,3000,0,0.38283804163614554,Elevated
16363,360000,33,1,-10,2645,0,0.6088952019010146,High
20624,100000,32,0,13565,1000,0,0.4787548264965612,High
8447,80000,29,1,49373,1980,1,0.7132952380403815,Very High
4608,50000,42,0,1310,37073,0,0.38283804163614554,Elevated
27564,130000,56,0,121165,4000,0,0.23012189426192106,Low
14166,210000,26,0,204824,10000,0,0.23012189426192106,Low
10115,50000,29,0,23236,1660,0,0.41588151022565645,Elevated
18189,50000,48,0,4975,2000,1,0.41588151022565645,Elevated
27614,100000,26,1,6056,0,1,0.7735534076852892,Very High
13051,20000,43,2,18908,1700,1,0.8837290745778793,Very High
6565,60000,31,0,53234,2580,0,0.38283804163614554,Elevated
15869,220000,28,0,57739,2000,0,0.2969376556285609,Moderate
4456,60000,28,1,47262,0,0,0.7132952380403815,Very High
9826,490000,51,0,4770,17143,0,0.2969376556285609,Moderate
1989,140000,34,2,135949,8408,0,0.9260126453015733,Very High
20520,50000,26,0,43226,1300,0,0.4787548264965612,High
28568,20000,43,0,9540,2422,0,0.38283804163614554,Elevated
27722,150000,24,0,291,291,1,0.4787548264965612,High
500,20000,38,0,15912,1623,0,0.5348990689804838,High
20648,200000,37,0,103715,3942,0,0.23012189426192106,Low
20693,50000,29,0,13200,1506,0,0.41588151022565645,Elevated
8404,470000,31,0,22988,10363,0,0.23012189426192106,Low
14320,310000,37,0,190704,7787,0,0.23012189426192106,Low
6404,100000,27,0,53423,1958,1,0.23012189426192106,Low
18839,320000,27,0,180137,17100,0,0.3697892966663365,Elevated
2114,50000,33,0,48058,2097,1,0.41588151022565645,Elevated
14562,60000,38,0,3059,291,0,0.4787548264965612,High
20772,20000,44,0,8843,1115,0,0.4787548264965612,High
15655,120000,40,0,326,326,0,0.4787548264965612,High
15049,340000,42,0,13454,15074,0,0.2969376556285609,Moderate
4230,30000,49,0,2273,2000,1,0.41588151022565645,Elevated
22403,100000,28,1,-4894,0,0,0.6088952019010146,High
15848,200000,28,0,197142,9197,0,0.23012189426192106,Low
872,80000,40,0,35660,2000,0,0.23012189426192106,Low
26954,200000,44,0,71656,1714,0,0.2969376556285609,Moderate
28560,400000,39,0,1991,2920,1,0.347541273276117,Elevated
18591,400000,24,0,14925,5000,0,0.23012189426192106,Low
7786,100000,48,2,10514,13008,1,0.8837290745778793,Very High
12836,120000,39,2,114647,5000,1,0.8837290745778793,Very High
25252,290000,25,0,57445,2000,0,0.23012189426192106,Low
997,140000,45,0,39716,1600,0,0.2969376556285609,Moderate
13178,300000,34,2,2500,0,1,0.8837290745778793,Very High
25421,20000,27,2,17311,0,1,0.8837290745778793,Very High
4956,180000,46,0,160580,13714,1,0.23012189426192106,Low
3303,20000,23,1,17529,0,1,0.7132952380403815,Very High
442,100000,32,0,83831,4000,0,0.23012189426192106,Low
991,50000,39,0,58300,7876,0,0.570501077187048,High
4566,100000,60,0,101761,3856,1,0.23012189426192106,Low
18961,200000,29,0,-792,0,1,0.4787548264965612,High
27487,30000,57,0,24911,1750,1,0.38283804163614554,Elevated
9780,150000,25,0,150562,5196,0,0.23012189426192106,Low
3697,50000,23,0,13717,2008,0,0.41588151022565645,Elevated
10621,20000,23,0,9410,7120,0,0.41588151022565645,Elevated
11336,220000,31,0,332,333,0,0.4787548264965612,High
4396,50000,23,0,1413,0,0,0.4787548264965612,High
12211,80000,39,0,46401,1560,0,0.2969376556285609,Moderate
9402,120000,54,0,67094,3000,0,0.23012189426192106,Low
25693,360000,46,0,15219,26796,0,0.23012189426192106,Low
6600,120000,30,0,53456,2058,0,0.23012189426192106,Low
22454,180000,44,0,123100,6102,0,0.3026740989175491,Moderate
26270,110000,41,0,104740,5000,0,0.23012189426192106,Low
18345,20000,21,0,2798,2000,0,0.41588151022565645,Elevated
23951,70000,26,1,8587,1100,0,0.7132952380403815,Very High
9192,350000,44,2,52949,3682,0,0.8837290745778793,Very High
16941,180000,51,0,134327,6015,1,0.23012189426192106,Low
9090,180000,31,4,83020,3500,1,0.7964088951003658,Very High
5367,20000,29,1,20832,0,0,0.7132952380403815,Very High
177,80000,30,0,6187,504,0,0.4787548264965612,High
5959,350000,55,0,5961,6326,0,0.2969376556285609,Moderate
27349,290000,37,0,-17,3482,0,0.347541273276117,Elevated
4242,30000,30,0,27851,2100,0,0.41588151022565645,Elevated
19247,100000,38,2,36414,2000,0,0.8837290745778793,Very High
20788,500000,34,0,32282,5000,0,0.23012189426192106,Low
2805,120000,30,0,686,686,0,0.4787548264965612,High
25610,190000,28,0,0,2278,0,0.2969376556285609,Moderate
15778,10000,25,1,8599,1400,1,0.7132952380403815,Very High
4433,30000,42,3,27669,0,0,0.9260126453015733,Very High
5049,80000,30,2,72183,10895,1,0.9260126453015733,Very High
11289,50000,23,0,47038,10020,0,0.38283804163614554,Elevated
23458,80000,41,0,3526,10129,0,0.23012189426192106,Low
22889,400000,37,0,49447,30000,0,0.23012189426192106,Low
20190,310000,42,0,-2123,260000,0,0.23012189426192106,Low
26121,50000,30,0,42326,1500,0,0.4787548264965612,High
17112,20000,26,1,20224,0,0,0.7132952380403815,Very High
28739,240000,31,0,184,0,0,0.347541273276117,Elevated
29467,50000,29,1,5931,0,0,0.7735534076852892,Very High
12273,310000,29,0,44592,2000,0,0.2969376556285609,Moderate
4079,240000,31,0,1051,475,0,0.4787548264965612,High
22874,230000,39,0,7479,31280,0,0.23012189426192106,Low
26271,360000,43,0,4392,0,1,0.347541273276117,Elevated
12213,100000,45,0,1480,916,0,0.4787548264965612,High
26813,290000,30,0,10823,3000,0,0.2969376556285609,Moderate
2672,320000,38,1,0,0,1,0.6088952019010146,High
12702,200000,25,0,190123,8487,0,0.23012189426192106,Low
17559,30000,45,1,13440,1000,0,0.8800187576626742,Very High
12801,10000,36,0,6470,1200,1,0.4787548264965612,High
29188,180000,29,0,177554,6500,0,0.23012189426192106,Low
961,380000,43,1,8201,39,1,0.5382018784947318,High
18253,100000,60,0,4814,3591,1,0.7549348273892288,Very High
28624,200000,31,0,76621,6808,0,0.5348990689804838,High
27731,30000,25,3,9095,1500,1,0.9260126453015733,Very High
9310,380000,38,0,88112,4569,0,0.23012189426192106,Low
3726,20000,53,2,19369,3900,0,0.8837290745778793,Very High
3721,80000,46,1,0,0,1,0.6088952019010146,High
28044,180000,28,2,117328,4117,0,0.8837290745778793,Very High
12811,50000,25,1,27796,0,1,0.7735534076852892,Very High
29304,30000,26,1,-185,28924,0,0.6088952019010146,High
5379,150000,26,0,144614,6700,0,0.23012189426192106,Low
25929,230000,39,0,0,0,1,0.4787548264965612,High
5852,130000,29,0,62530,2272,0,0.23012189426192106,Low
11095,300000,38,0,5848,24718,0,0.23012189426192106,Low
8814,160000,37,0,12037,5123,0,0.23012189426192106,Low
15084,420000,32,0,11728,8904,0,0.23012189426192106,Low
27573,500000,54,0,493251,18725,0,0.23012189426192106,Low
1035,60000,39,1,-1540,0,0,0.3396499288321693,Moderate
15723,250000,44,0,254933,8754,0,0.23012189426192106,Low
1760,50000,26,1,0,0,0,0.6088952019010146,High
15889,80000,35,0,63706,5660,0,0.6832214599145177,Very High
22308,300000,27,0,1890,1570,0,0.2969376556285609,Moderate
4111,90000,29,0,13770,1522,0,0.23012189426192106,Low
6657,270000,30,1,0,2900,0,0.3396499288321693,Moderate
4171,140000,27,0,13497,15688,0,0.23012189426192106,Low
26676,50000,24,0,50603,2500,0,0.38283804163614554,Elevated
10727,140000,35,0,142119,6000,0,0.23012189426192106,Low
14861,80000,34,2,78489,0,0,0.8837290745778793,Very High
12579,500000,56,0,22981,97345,0,0.23012189426192106,Low
12775,20000,23,2,18495,3000,1,0.9260126453015733,Very High
15310,140000,39,1,0,797,0,0.3396499288321693,Moderate
6748,150000,37,0,4787,1054,0,0.4787548264965612,High
25297,80000,24,0,72383,3500,0,0.23012189426192106,Low
3622,210000,36,0,54717,2017,0,0.23012189426192106,Low
536,60000,25,0,480,1675,0,0.38283804163614554,Elevated
17424,20000,36,0,14822,3641,1,0.570501077187048,High
10733,260000,32,0,169734,6568,1,0.23012189426192106,Low
19267,200000,37,0,313,0,0,0.4787548264965612,High
27089,50000,44,0,3201,0,1,0.38283804163614554,Elevated
7232,180000,45,0,119109,6000,0,0.23012189426192106,Low
9798,370000,34,0,206161,10000,0,0.23012189426192106,Low
7191,100000,33,0,61089,30010,0,0.23012189426192106,Low
2404,320000,32,0,752,0,1,0.347541273276117,Elevated
6141,450000,53,0,2542,2557,0,0.2969376556285609,Moderate
25631,230000,30,0,64062,5000,0,0.23012189426192106,Low
18878,220000,30,0,45346,1947,0,0.23012189426192106,Low
4762,160000,30,0,160388,142159,0,0.23012189426192106,Low
21901,120000,27,2,113354,6200,1,0.8837290745778793,Very High
20793,220000,49,0,540,1158,0,0.347541273276117,Elevated
25714,110000,33,0,103195,5200,1,0.23012189426192106,Low
24460,270000,31,0,21129,1697,0,0.6832214599145177,Very High
21902,140000,27,0,14997,2000,0,0.23012189426192106,Low
29964,610000,31,0,348392,323014,0,0.3697892966663365,Elevated
6497,50000,46,0,6066,1200,0,0.4787548264965612,High
21220,50000,49,0,41638,2000,0,0.38283804163614554,Elevated
3170,50000,46,0,48797,2000,0,0.41588151022565645,Elevated
10494,30000,25,0,836,836,0,0.4787548264965612,High
22251,60000,25,0,7885,1500,1,0.38283804163614554,Elevated
12670,60000,55,0,0,0,0,0.4787548264965612,High
990,50000,54,1,62847,2100,0,0.7132952380403815,Very High
15301,150000,40,0,213638,7877,0,0.23012189426192106,Low
15498,150000,34,1,52692,3000,1,0.7735534076852892,Very High
10658,200000,30,0,0,0,0,0.4787548264965612,High
3280,170000,48,0,18727,66513,0,0.23012189426192106,Low
5762,300000,39,1,6077,29,0,0.5382018784947318,High
875,20000,40,0,2946,0,0,0.4787548264965612,High
19595,200000,35,0,20375,1089,0,0.4787548264965612,High
9527,320000,28,0,11684,1135,0,0.347541273276117,Elevated
17506,390000,33,0,45818,100000,0,0.23012189426192106,Low
7093,220000,41,0,32016,2004,1,0.23012189426192106,Low
14563,240000,39,4,47739,0,1,0.9260126453015733,Very High
29067,30000,56,0,29261,1500,0,0.38283804163614554,Elevated
12596,30000,38,0,14095,1255,0,0.4787548264965612,High
17421,200000,46,1,30783,3058,0,0.5382018784947318,High
21325,150000,50,0,829,18400,0,0.23012189426192106,Low
2382,400000,44,0,95719,4652,0,0.23012189426192106,Low
22425,180000,40,0,0,0,0,0.4787548264965612,High
6746,310000,26,0,40604,3000,0,0.23012189426192106,Low
26691,110000,26,0,58301,2179,0,0.23012189426192106,Low
26325,380000,40,0,4366,2566,1,0.347541273276117,Elevated
2093,20000,23,0,10103,1205,0,0.4787548264965612,High
2262,100000,30,0,46675,1800,1,0.23012189426192106,Low
14168,100000,28,0,1215,1042,1,0.4787548264965612,High
728,450000,33,0,-14,2582,0,0.2969376556285609,Moderate
15097,50000,38,0,13921,1500,0,0.38283804163614554,Elevated
4195,290000,43,0,294475,12021,0,0.23012189426192106,Low
23897,150000,22,0,82791,3187,0,0.23012189426192106,Low
16995,50000,24,2,48690,2078,1,0.8837290745778793,Very High
5362,230000,34,0,131887,5005,0,0.23012189426192106,Low
18234,400000,57,0,17253,160002,0,0.23012189426192106,Low
221,360000,40,2,105167,12000,1,0.8837290745778793,Very High
26460,20000,49,0,13561,1543,1,0.41588151022565645,Elevated
1057,190000,33,1,115056,0,0,0.5382018784947318,High
15670,210000,29,0,0,0,0,0.347541273276117,Elevated
10136,40000,24,0,780,0,1,0.4787548264965612,High
17012,70000,23,1,72306,4,0,0.7132952380403815,Very High
24623,260000,38,0,94152,4150,0,0.23012189426192106,Low
29617,280000,45,0,14493,1596,0,0.2969376556285609,Moderate
1936,460000,35,0,449790,17610,0,0.23012189426192106,Low
13904,290000,50,1,0,0,0,0.6088952019010146,High
2336,50000,29,0,29719,1815,0,0.38283804163614554,Elevated
13706,50000,21,0,47285,2108,0,0.38283804163614554,Elevated
19709,180000,28,0,131007,5000,0,0.23012189426192106,Low
4554,350000,32,0,19637,242247,0,0.23012189426192106,Low
11246,500000,40,2,267116,10100,1,0.9260126453015733,Very High
29582,380000,37,0,2302,7500,0,0.23012189426192106,Low
4529,200000,31,0,167358,11000,0,0.5348990689804838,High
24796,120000,48,0,13544,3000,0,0.347541273276117,Elevated
24129,110000,27,0,107339,3873,0,0.23012189426192106,Low
11343,20000,41,2,17213,2400,1,0.9260126453015733,Very High
9599,340000,33,0,8427,10300,0,0.23012189426192106,Low
23384,110000,35,0,1245,1245,0,0.4787548264965612,High
314,200000,49,0,52439,0,1,0.5348990689804838,High
5714,30000,22,3,30078,87,0,0.9260126453015733,Very High
7091,120000,29,0,114538,6000,0,0.23012189426192106,Low
14723,80000,30,2,41687,2000,1,0.9260126453015733,Very High
12833,110000,26,0,110925,5607,0,0.23012189426192106,Low
9106,180000,34,0,181385,8194,1,0.23012189426192106,Low
18249,60000,50,0,59703,2047,0,0.38283804163614554,Elevated
19718,280000,35,0,5716,0,0,0.347541273276117,Elevated
14801,110000,36,0,2509,1260,1,0.4787548264965612,High
24938,450000,37,1,387192,0,1,0.5382018784947318,High
1552,230000,29,0,30818,2000,0,0.23012189426192106,Low
28425,220000,31,0,124281,10000,0,0.23012189426192106,Low
17729,50000,51,0,44664,4110,0,0.570501077187048,High
3719,20000,47,0,1343,1547,0,0.41588151022565645,Elevated
22863,150000,31,2,17893,3400,1,0.8837290745778793,Very High
1706,20000,32,0,3677,2400,1,0.7549348273892288,Very High
6061,170000,36,0,248,1416,0,0.6550539400917675,Very High
4198,160000,25,0,21570,7545,0,0.23012189426192106,Low
16769,50000,35,3,150,0,0,0.6670123550244665,Very High
25995,230000,42,1,6087,16050,0,0.5087149171511306,High
29916,10000,32,2,9299,1132,0,0.8837290745778793,Very High
26204,210000,33,0,1723,0,0,0.4787548264965612,High
6110,200000,39,0,193162,7294,0,0.23012189426192106,Low
22361,180000,31,0,0,2813,0,0.347541273276117,Elevated
17030,50000,24,0,50649,1905,0,0.38283804163614554,Elevated
18758,160000,30,1,151270,6000,0,0.7735534076852892,Very High
9626,20000,24,0,13470,1500,1,0.4787548264965612,High
1160,80000,26,1,77389,0,0,0.7132952380403815,Very High
25847,80000,27,0,80658,3800,0,0.23012189426192106,Low
11589,280000,30,0,651,1650,0,0.2969376556285609,Moderate
23285,290000,49,0,52894,21560,0,0.2969376556285609,Moderate
11334,20000,24,2,14750,0,1,0.9260126453015733,Very High
22446,280000,38,0,6491,4041,0,0.347541273276117,Elevated
2582,140000,43,1,147560,3,0,0.7132952380403815,Very High
28769,500000,37,0,80846,3032,0,0.23012189426192106,Low
17586,20000,39,2,15307,0,1,0.9260126453015733,Very High
26142,360000,30,0,11816,10000,0,0.23012189426192106,Low
11593,260000,27,0,399,399,0,0.4787548264965612,High
5987,210000,33,0,1971,822,1,0.4787548264965612,High
27476,50000,49,0,48960,2255,0,0.38283804163614554,Elevated
13738,300000,37,0,4926,2855,0,0.347541273276117,Elevated
11510,170000,34,0,113270,6000,0,0.23012189426192106,Low
12132,70000,23,2,69074,2875,1,0.8837290745778793,Very High
20225,50000,52,3,49534,0,0,0.8837290745778793,Very High
16280,130000,33,0,108984,3775,0,0.23012189426192106,Low
6679,20000,42,0,16560,1293,1,0.4787548264965612,High
16418,280000,43,0,273535,12000,0,0.23012189426192106,Low
26505,400000,49,0,389,390,0,0.2712812631662762,Moderate
7705,200000,38,0,180486,7000,0,0.3026740989175491,Moderate
23809,30000,54,1,0,0,0,0.8499312992672737,Very High
24266,370000,31,0,35605,5000,0,0.23012189426192106,Low
12447,150000,58,0,4473,3273,0,0.347541273276117,Elevated
2977,110000,32,0,34000,223,1,0.4787548264965612,High
4581,120000,43,0,33131,2000,0,0.2969376556285609,Moderate
10863,50000,42,1,-4,0,0,0.5087149171511306,High
25047,370000,52,0,242132,5600,0,0.23012189426192106,Low
20238,20000,52,0,18652,1300,0,0.4787548264965612,High
8120,150000,29,0,46745,20995,0,0.23012189426192106,Low
29781,100000,29,0,51183,0,0,0.347541273276117,Elevated
6456,80000,28,1,53541,2600,0,0.7735534076852892,Very High
27398,300000,45,0,836,390,0,0.4787548264965612,High
4805,50000,38,0,22619,2000,0,0.38283804163614554,Elevated
7055,50000,24,0,49982,1963,0,0.38283804163614554,Elevated
2024,100000,39,0,29449,55139,0,0.23012189426192106,Low
24768,80000,39,2,59999,2800,1,0.8837290745778793,Very High
22898,100000,31,2,41052,2000,1,0.9260126453015733,Very High
17892,100000,29,2,43531,2600,1,0.9260126453015733,Very High
19285,70000,32,2,34640,2000,1,0.8837290745778793,Very High
12712,250000,35,0,88132,3500,0,0.23012189426192106,Low
8780,360000,26,0,0,0,0,0.4787548264965612,High
10580,360000,31,0,12521,18843,0,0.23012189426192106,Low
22129,220000,28,0,94311,4319,0,0.5348990689804838,High
14141,240000,27,1,21260,0,0,0.5382018784947318,High
28643,150000,38,0,109244,3506,0,0.23012189426192106,Low
21825,290000,25,0,11102,9358,0,0.23012189426192106,Low
21019,10000,46,0,8866,1143,0,0.4787548264965612,High
23867,180000,28,0,148735,6000,0,0.23012189426192106,Low
20121,100000,42,0,117464,2962,1,0.23012189426192106,Low
12979,100000,44,0,11119,3000,0,0.6550539400917675,Very High
4420,450000,28,0,108,0,0,0.347541273276117,Elevated
13063,50000,48,0,45163,1500,0,0.38283804163614554,Elevated
19502,170000,39,0,1803,218,0,0.347541273276117,Elevated
25300,30000,23,0,24607,1700,0,0.41588151022565645,Elevated
11612,240000,35,0,227457,9000,0,0.23012189426192106,Low
13768,50000,28,0,2926,1254,0,0.4787548264965612,High
22997,500000,39,0,4419,2584,0,0.347541273276117,Elevated
1173,220000,38,0,20000,3450,0,0.347541273276117,Elevated
1349,300000,34,0,19357,5032,0,0.23012189426192106,Low
22339,120000,25,0,70282,4000,0,0.23012189426192106,Low
21597,80000,25,0,177,1200,0,0.2712812631662762,Moderate
1005,150000,30,0,456,9664,1,0.23012189426192106,Low
9891,50000,42,0,12751,22660,0,0.41588151022565645,Elevated
29823,100000,46,0,60799,2036,0,0.2969376556285609,Moderate
14497,60000,56,0,26344,1446,1,0.4787548264965612,High
10653,50000,25,0,43259,1405,0,0.4787548264965612,High
19917,30000,49,0,3340,0,0,0.4787548264965612,High
15694,360000,29,0,109997,100000,0,0.23012189426192106,Low
22028,240000,29,0,41923,1779,0,0.2969376556285609,Moderate
7946,20000,37,0,17450,3200,1,0.570501077187048,High
16457,30000,62,0,18563,1700,1,0.38283804163614554,Elevated
2256,30000,24,2,27954,0,0,0.8837290745778793,Very High
15089,20000,37,3,20334,0,0,0.8837290745778793,Very High
20176,200000,34,0,7271,2000,0,0.23012189426192106,Low
1491,130000,28,0,36108,3000,0,0.23012189426192106,Low
26090,220000,39,0,2342,1122,0,0.347541273276117,Elevated
15758,80000,22,2,79026,4400,1,0.8837290745778793,Very High
26728,160000,24,0,77838,3300,0,0.23012189426192106,Low
972,130000,33,0,133461,7010,0,0.23012189426192106,Low
23319,310000,31,0,313956,11000,1,0.23012189426192106,Low
8254,240000,45,0,237868,8932,0,0.23012189426192106,Low
524,140000,42,0,111496,6022,1,0.23012189426192106,Low
9080,50000,26,1,48481,0,0,0.7735534076852892,Very High
1580,120000,38,0,4100,7270,0,0.2969376556285609,Moderate
20239,30000,61,2,24453,0,0,0.8837290745778793,Very High
14635,310000,28,0,153620,6603,0,0.23012189426192106,Low
25497,500000,29,0,110651,3005,0,0.23012189426192106,Low
3015,200000,35,0,7429,24325,0,0.23012189426192106,Low
24401,140000,38,2,53797,2700,1,0.9260126453015733,Very High
24726,150000,31,0,0,648,0,0.4787548264965612,High
28949,270000,39,0,3073,1816,0,0.2969376556285609,Moderate
7864,120000,37,0,68329,5000,0,0.23012189426192106,Low
27353,70000,30,1,0,11609,0,0.3396499288321693,Moderate
29151,360000,61,2,353176,13869,1,0.8837290745778793,Very High
12627,80000,55,0,82567,3121,0,0.23012189426192106,Low
15021,70000,45,1,9728,0,0,0.8800187576626742,Very High
24614,150000,33,0,27221,5000,0,0.23012189426192106,Low
26917,130000,39,3,130819,0,0,0.8837290745778793,Very High
24616,90000,31,0,67776,4023,0,0.23012189426192106,Low
4878,50000,49,0,25277,3000,0,0.38283804163614554,Elevated
3392,350000,43,0,0,0,0,0.4787548264965612,High
1579,210000,36,1,0,1690,0,0.3396499288321693,Moderate
8600,20000,46,1,16626,0,1,0.7132952380403815,Very High
28521,50000,47,0,9532,5000,0,0.7549348273892288,Very High
27315,30000,37,0,29104,2000,1,0.38283804163614554,Elevated
9096,200000,36,1,0,0,1,0.6088952019010146,High
247,250000,75,0,52874,1631,0,0.2969376556285609,Moderate
8004,160000,30,0,2720,1280,0,0.347541273276117,Elevated
6836,190000,31,0,8121,0,0,0.6550539400917675,Very High
22353,350000,32,0,260076,9501,0,0.23012189426192106,Low
21529,100000,23,0,6584,2500,0,0.2969376556285609,Moderate
27444,150000,33,0,6146,0,0,0.347541273276117,Elevated
21229,20000,49,0,19111,1286,0,0.4787548264965612,High
4921,30000,26,0,27376,1500,0,0.5348990689804838,High
18528,40000,26,0,37423,3967,0,0.570501077187048,High
6989,50000,51,1,48091,1,1,0.7132952380403815,Very High
9004,30000,25,1,30347,0,0,0.7132952380403815,Very High
16267,190000,46,0,124245,4536,0,0.23012189426192106,Low
28686,100000,31,0,101458,3800,1,0.23012189426192106,Low
5035,50000,23,0,48064,2091,1,0.41588151022565645,Elevated
7127,20000,31,0,1572,1386,0,0.4787548264965612,High
13679,20000,22,0,19356,1485,0,0.4787548264965612,High
913,140000,46,0,68075,3000,0,0.23012189426192106,Low
2152,150000,24,0,1050,3258,0,0.347541273276117,Elevated
9421,260000,30,0,1943,855,0,0.347541273276117,Elevated
22754,70000,40,2,64744,2361,1,0.8837290745778793,Very High
9967,170000,33,0,166348,7354,0,0.23012189426192106,Low
9448,200000,29,0,99,99,0,0.4787548264965612,High
3873,30000,49,2,26343,1500,0,0.9260126453015733,Very High
25172,50000,22,0,8000,1118,0,0.4787548264965612,High
29143,80000,52,0,88819,2990,0,0.23012189426192106,Low
26861,230000,38,0,7904,864,0,0.4787548264965612,High
15936,30000,25,2,28766,0,1,0.9260126453015733,Very High
28803,140000,34,0,1500,0,0,0.2712812631662762,Moderate
11354,310000,40,0,180225,10000,0,0.23012189426192106,Low
28225,450000,33,0,0,0,0,0.4787548264965612,High
18183,240000,30,0,13989,7976,0,0.23012189426192106,Low
13320,200000,54,0,114643,6000,0,0.23012189426192106,Low
23137,250000,33,0,211084,6934,0,0.23012189426192106,Low
18278,180000,58,2,36086,2000,1,0.9260126453015733,Very High
2046,110000,26,2,58112,0,1,0.9260126453015733,Very High
24422,240000,34,0,242805,10000,0,0.23012189426192106,Low
6095,80000,26,0,666,666,1,0.4787548264965612,High
21562,30000,23,2,27997,1800,0,0.8837290745778793,Very High
29119,200000,49,2,570,52439,1,0.6670123550244665,Very High
12459,360000,32,0,2500,0,0,0.4787548264965612,High
28096,150000,41,0,316,316,0,0.4787548264965612,High
16939,90000,55,0,30789,1514,0,0.2969376556285609,Moderate
16272,110000,28,0,10048,2000,0,0.23012189426192106,Low
15425,360000,27,3,245135,8000,1,0.8837290745778793,Very High
26032,290000,29,0,7324,1130,0,0.4787548264965612,High
18710,30000,26,0,27110,1455,1,0.38283804163614554,Elevated
9001,50000,36,0,47911,2166,0,0.41588151022565645,Elevated
16471,240000,58,0,7217,8210,0,0.23012189426192106,Low
22059,90000,27,0,3000,0,0,0.4787548264965612,High
2544,230000,34,0,2329,1894,0,0.347541273276117,Elevated
1212,160000,26,0,390,390,0,0.4787548264965612,High
22764,220000,26,0,68090,4039,0,0.23012189426192106,Low
13040,210000,31,0,182501,9000,0,0.23012189426192106,Low
23896,130000,29,1,88766,5000,1,0.7735534076852892,Very High
2330,90000,36,0,89309,5000,0,0.23012189426192106,Low
1592,50000,33,1,49617,1813,0,0.7132952380403815,Very High
19648,500000,31,1,0,5377,0,0.3396499288321693,Moderate
13356,130000,27,0,92043,2850,0,0.2969376556285609,Moderate
6658,20000,26,2,17368,0,0,0.8837290745778793,Very High
27567,100000,52,1,15420,2000,0,0.8800187576626742,Very High
18041,50000,47,0,2840,1000,0,0.38283804163614554,Elevated
14647,20000,25,2,16923,4000,0,0.8837290745778793,Very High
13523,160000,36,0,2992,1300,0,0.347541273276117,Elevated
29838,500000,34,0,494356,17438,0,0.23012189426192106,Low
9672,170000,48,2,2400,0,0,0.9260126453015733,Very High
26157,290000,32,0,169108,7118,0,0.23012189426192106,Low
1449,10000,34,0,8813,2148,0,0.41588151022565645,Elevated
10825,50000,23,0,496,454,0,0.4787548264965612,High
24493,180000,39,0,51496,1838,0,0.23012189426192106,Low
14900,200000,49,0,51024,10000,0,0.23012189426192106,Low
20824,70000,38,0,68370,2682,1,0.38283804163614554,Elevated
17435,50000,32,0,1442,1444,0,0.4787548264965612,High
1675,440000,37,0,4330,8369,0,0.23012189426192106,Low
3423,80000,35,0,26994,2000,0,0.23012189426192106,Low
15184,80000,25,0,4418,3000,0,0.23012189426192106,Low
27704,110000,25,2,2729,4340,1,0.8837290745778793,Very High
8325,100000,40,0,10228,50836,0,0.23012189426192106,Low
8609,30000,32,3,31895,0,0,0.8837290745778793,Very High
1054,70000,41,0,70476,2700,0,0.38283804163614554,Elevated
6792,20000,22,1,-50,0,0,0.3396499288321693,Moderate
8990,210000,34,0,149092,7000,0,0.23012189426192106,Low
22057,50000,29,1,26293,0,0,0.7132952380403815,Very High
18899,140000,28,0,108018,1000,1,0.23012189426192106,Low
20273,190000,48,2,90128,4500,1,0.8837290745778793,Very High
10820,30000,23,0,1393,1393,0,0.4787548264965612,High
20846,270000,42,0,6532,3923,0,0.23012189426192106,Low
4503,70000,27,1,71570,0,1,0.7132952380403815,Very High
22102,50000,28,0,52775,2500,1,0.38283804163614554,Elevated
28907,140000,40,1,0,1220,0,0.3396499288321693,Moderate
2110,60000,22,0,11718,1000,0,0.20287159931475213,Low
11603,10000,50,0,10043,1194,0,0.4787548264965612,High
15713,170000,37,0,0,0,0,0.4787548264965612,High
10427,500000,40,0,2121,0,0,0.4787548264965612,High
7528,50000,49,0,7282,1300,0,0.6832214599145177,Very High
21221,200000,41,2,1075,11000,0,0.9260126453015733,Very High
12783,130000,29,0,132214,5500,0,0.23012189426192106,Low
16948,30000,56,0,29060,1030,0,0.4787548264965612,High
15363,330000,29,0,132702,6972,0,0.23012189426192106,Low
29456,20000,30,1,-300,0,0,0.6088952019010146,High
22683,310000,39,0,4934,1275,0,0.4787548264965612,High
24842,370000,36,0,47269,2000,0,0.23012189426192106,Low
11010,180000,26,0,873,7233,0,0.23012189426192106,Low
11826,210000,30,1,0,0,1,0.6088952019010146,High
23477,480000,32,0,11872,40000,0,0.23012189426192106,Low
28505,50000,46,0,390,390,0,0.4787548264965612,High
25178,50000,22,1,20065,1600,0,0.7132952380403815,Very High
27957,160000,29,0,20193,3250,0,0.347541273276117,Elevated
12337,50000,38,0,22178,1700,0,0.38283804163614554,Elevated
14308,500000,49,0,207406,15000,0,0.23012189426192106,Low
6537,50000,29,0,98492,2477,0,0.38283804163614554,Elevated
1421,200000,31,0,6618,1900,0,0.23012189426192106,Low
26774,50000,25,2,61143,3000,1,0.8837290745778793,Very High
7236,20000,53,0,8847,1500,0,0.4787548264965612,High
28441,120000,34,0,119884,4545,0,0.23012189426192106,Low
26490,170000,51,0,154278,10000,0,0.23012189426192106,Low
670,20000,30,2,5766,2000,1,0.8837290745778793,Very High
13746,280000,34,1,0,0,0,0.6088952019010146,High
6996,30000,41,0,16098,1597,1,0.5348990689804838,High
1303,50000,30,0,50332,4210,0,0.570501077187048,High
29075,20000,54,1,14930,11,1,0.7132952380403815,Very High
16804,200000,40,0,66052,3800,0,0.23012189426192106,Low
11749,100000,34,1,46092,0,0,0.7735534076852892,Very High
8260,60000,23,0,63709,2351,1,0.41588151022565645,Elevated
25564,480000,31,0,241989,9960,0,0.23012189426192106,Low
23550,50000,39,0,48651,2200,0,0.38283804163614554,Elevated
9336,470000,30,0,290137,15128,0,0.23012189426192106,Low
22469,30000,44,0,28467,1814,1,0.41588151022565645,Elevated
3848,170000,48,0,170845,6800,0,0.23012189426192106,Low
24693,170000,45,0,2610,0,0,0.2712812631662762,Moderate
15162,50000,25,0,33703,1800,0,0.38283804163614554,Elevated
13720,30000,27,2,26648,1600,0,0.9260126453015733,Very High
18367,20000,23,0,1207,0,0,0.4787548264965612,High
23110,130000,42,1,117391,5400,0,0.7735534076852892,Very High
27276,200000,44,0,4735,3679,0,0.347541273276117,Elevated
19407,260000,36,0,7258,2037,0,0.23012189426192106,Low
4223,30000,38,2,69707,4000,0,0.8837290745778793,Very High
17057,30000,22,0,14533,3002,0,0.38283804163614554,Elevated
671,30000,34,2,99568,33000,0,0.9260126453015733,Very High
21579,70000,25,0,1288,0,0,0.38283804163614554,Elevated
4036,360000,36,0,83412,3700,0,0.2969376556285609,Moderate
8768,20000,23,0,13987,2200,0,0.6550539400917675,Very High
266,150000,25,0,6156,0,0,0.4787548264965612,High
24582,50000,47,0,19949,2000,0,0.38283804163614554,Elevated
17509,240000,37,0,173677,8000,1,0.23012189426192106,Low
4345,130000,38,0,127626,5400,0,0.23012189426192106,Low
13282,450000,36,0,3893,600,1,0.347541273276117,Elevated
9838,180000,30,0,39259,3000,0,0.23012189426192106,Low
14357,180000,34,0,167604,6949,0,0.23012189426192106,Low
21912,130000,24,0,16078,4176,0,0.570501077187048,High
15289,300000,28,0,9582,1818,0,0.23012189426192106,Low
6666,150000,30,1,40496,1000,0,0.7132952380403815,Very High
29246,50000,25,0,47053,2000,0,0.41588151022565645,Elevated
27363,130000,27,0,21920,1400,0,0.4787548264965612,High
798,50000,22,0,13801,1372,0,0.4787548264965612,High
19504,300000,39,0,87540,5000,0,0.23012189426192106,Low
12275,40000,23,2,33313,1600,1,0.8837290745778793,Very High
9178,110000,32,0,56573,2000,0,0.23012189426192106,Low
12286,110000,35,0,125719,4316,0,0.23012189426192106,Low
24767,430000,38,0,18517,23565,0,0.23012189426192106,Low
25114,50000,57,0,46540,2770,0,0.38283804163614554,Elevated
7322,360000,28,0,78398,25126,0,0.23012189426192106,Low
8464,260000,28,0,251560,9139,0,0.23012189426192106,Low
4861,210000,41,2,87705,4800,1,0.9260126453015733,Very High
17409,50000,39,0,32802,1497,0,0.38283804163614554,Elevated
17680,70000,34,0,36467,5000,0,0.38283804163614554,Elevated
9016,70000,56,0,42039,5000,0,0.38283804163614554,Elevated
10523,50000,24,0,47578,2000,0,0.38283804163614554,Elevated
7461,500000,41,0,171565,20241,0,0.23012189426192106,Low
8300,80000,27,0,26144,1075,0,0.2712812631662762,Moderate
4830,10000,48,0,7065,1200,0,0.4787548264965612,High
3467,200000,52,0,1015,934,0,0.4787548264965612,High
20832,80000,42,0,390,1780,0,0.2969376556285609,Moderate
14252,100000,26,2,97361,4732,1,0.8837290745778793,Very High
21114,380000,39,0,3074,9203,0,0.2969376556285609,Moderate
29100,50000,50,0,49068,1848,0,0.38283804163614554,Elevated
8514,180000,40,0,126937,5000,1,0.23012189426192106,Low
29968,50000,32,0,50564,2686,0,0.41588151022565645,Elevated
16666,200000,45,0,98974,10000,0,0.23012189426192106,Low
12666,200000,39,1,0,0,0,0.3396499288321693,Moderate
4035,20000,50,0,6620,1200,0,0.4787548264965612,High
3663,180000,31,0,326,326,0,0.2712812631662762,Moderate
21810,170000,26,2,111170,4065,1,0.8837290745778793,Very High
27702,30000,25,2,29335,4000,1,0.8837290745778793,Very High
24526,240000,41,0,238902,8135,1,0.23012189426192106,Low
25643,30000,36,0,326,326,0,0.4787548264965612,High
29791,250000,44,0,3704,5319,0,0.23012189426192106,Low
20812,260000,43,0,154386,10000,0,0.23012189426192106,Low
3152,160000,46,2,168501,0,0,0.8837290745778793,Very High
7885,130000,33,0,114984,5800,0,0.23012189426192106,Low
20757,40000,46,2,27324,3573,1,0.9260126453015733,Very High
25746,240000,38,0,32981,15000,0,0.3697892966663365,Elevated
3265,20000,62,2,17870,1462,1,0.8837290745778793,Very High
5685,160000,35,0,25590,4000,0,0.3697892966663365,Elevated
2639,100000,40,0,12878,2000,0,0.23012189426192106,Low
3414,150000,33,1,88590,0,1,0.7132952380403815,Very High
29868,340000,29,0,44855,300039,0,0.23012189426192106,Low
14946,40000,24,0,38272,2000,1,0.38283804163614554,Elevated
3257,80000,24,2,75444,6400,1,0.9260126453015733,Very High
6998,90000,33,0,498,498,0,0.2712812631662762,Moderate
29757,30000,37,1,24095,1398,0,0.7132952380403815,Very High
13462,50000,46,0,21453,1634,0,0.41588151022565645,Elevated
13554,360000,27,0,949,40,0,0.347541273276117,Elevated
16659,50000,34,0,48844,1898,0,0.38283804163614554,Elevated
22032,300000,28,0,10291,19326,0,0.23012189426192106,Low
26216,240000,42,0,2108,0,0,0.347541273276117,Elevated
3470,220000,41,0,126532,4500,0,0.23012189426192106,Low
26106,80000,38,0,43170,2000,0,0.23012189426192106,Low
5353,100000,48,1,7828,430,0,0.7132952380403815,Very High
15479,480000,30,0,1309,668,0,0.2712812631662762,Moderate
18924,70000,29,0,20244,50005,0,0.38283804163614554,Elevated
327,220000,41,0,650,325,1,0.6550539400917675,Very High
4158,230000,45,0,204625,15006,0,0.23012189426192106,Low
28747,120000,32,0,497,0,0,0.4787548264965612,High
18140,240000,33,0,85603,2500,0,0.23012189426192106,Low
23894,620000,29,0,524191,19306,0,0.23012189426192106,Low
29496,280000,34,0,55237,2625,0,0.23012189426192106,Low
1216,230000,32,0,164634,7326,0,0.23012189426192106,Low
5626,530000,39,0,439330,17045,0,0.23012189426192106,Low
13292,50000,22,2,46035,2000,1,0.9260126453015733,Very High
4998,200000,45,0,193641,4543,1,0.23012189426192106,Low
14642,50000,23,0,16139,1400,0,0.4787548264965612,High
20946,120000,32,0,7111,6000,0,0.23012189426192106,Low
8580,30000,47,0,29187,1505,0,0.41588151022565645,Elevated
15924,410000,37,0,54326,5000,0,0.23012189426192106,Low
15926,30000,31,0,0,0,0,0.4787548264965612,High
15469,360000,37,0,0,0,1,0.4787548264965612,High
23948,190000,29,0,185222,5836,0,0.23012189426192106,Low
24631,200000,43,0,1243,1453,0,0.4787548264965612,High
25089,330000,54,0,0,41219,0,0.2969376556285609,Moderate
23693,90000,56,0,1160,4701,0,0.23012189426192106,Low
23214,50000,36,0,29647,2000,1,0.38283804163614554,Elevated
8716,200000,44,0,34606,2100,0,0.23012189426192106,Low
5688,480000,39,0,106660,302000,0,0.23012189426192106,Low
3469,100000,53,1,0,0,0,0.8499312992672737,Very High
7669,440000,34,0,0,200,0,0.4787548264965612,High
7133,150000,35,0,160292,6100,1,0.23012189426192106,Low
919,240000,46,0,471814,16044,0,0.23012189426192106,Low
28267,140000,44,1,-9,909,0,0.5087149171511306,High
6587,360000,42,0,25988,1815,0,0.347541273276117,Elevated
6371,120000,31,3,113722,0,0,0.8837290745778793,Very High
20958,50000,33,0,36363,0,0,0.3026740989175491,Moderate
1769,200000,27,0,4890,3630,0,0.347541273276117,Elevated
23325,270000,42,0,1870,0,0,0.347541273276117,Elevated
5557,50000,33,0,51444,2000,0,0.41588151022565645,Elevated
26733,310000,27,0,22936,240101,0,0.23012189426192106,Low
1143,200000,39,0,8432,3746,0,0.23012189426192106,Low
29773,250000,39,0,209263,7127,0,0.23012189426192106,Low
15470,120000,40,2,58908,1000,1,0.9260126453015733,Very High
4202,500000,32,0,211508,10070,0,0.23012189426192106,Low
27986,120000,29,0,96342,4500,0,0.23012189426192106,Low
853,50000,37,0,30400,500,0,0.4787548264965612,High
22197,450000,29,0,104457,2489,0,0.23012189426192106,Low
22473,200000,39,3,117868,0,1,0.8837290745778793,Very High
13582,110000,29,0,316,316,0,0.4787548264965612,High
22413,50000,35,0,34265,2000,0,0.38283804163614554,Elevated
28722,310000,44,0,67423,10000,0,0.23012189426192106,Low
12359,200000,41,0,4533,8756,0,0.23012189426192106,Low
19345,20000,48,2,13836,1500,1,0.9260126453015733,Very High
24398,20000,36,3,1050,0,1,0.9260126453015733,Very High
8432,240000,44,0,5428,9064,0,0.23012189426192106,Low
9247,160000,37,2,833,833,1,0.7660818893216393,Very High
6525,30000,33,0,23467,1409,0,0.4787548264965612,High
8682,450000,34,0,451113,18500,0,0.23012189426192106,Low
21063,390000,36,1,0,0,0,0.6088952019010146,High
12344,230000,28,0,29108,1587,0,0.2969376556285609,Moderate
731,50000,26,0,9935,1234,0,0.38283804163614554,Elevated
9282,80000,23,0,3796,7913,0,0.2969376556285609,Moderate
11236,260000,31,0,62446,2000,0,0.23012189426192106,Low
6929,140000,31,0,112936,6000,0,0.23012189426192106,Low
15280,20000,46,1,10935,1000,1,0.7132952380403815,Very High
25626,240000,28,0,192551,100050,0,0.23012189426192106,Low
14027,280000,38,0,94451,4000,0,0.23012189426192106,Low
2204,60000,30,0,59959,10020,0,0.38283804163614554,Elevated
3702,200000,29,0,9344,723,0,0.4787548264965612,High
5842,370000,30,0,6592,4000,0,0.347541273276117,Elevated
19788,180000,38,0,0,0,0,0.4787548264965612,High
7467,490000,52,0,191937,7133,0,0.23012189426192106,Low
17413,50000,33,0,26740,2000,0,0.38283804163614554,Elevated
26436,160000,44,1,-4,0,0,0.6088952019010146,High
3286,280000,35,0,146368,101585,0,0.23012189426192106,Low
4560,350000,30,0,245211,15000,0,0.3026740989175491,Moderate
17061,20000,22,0,19667,1500,1,0.2712812631662762,Moderate
4943,270000,31,0,973,592,0,0.4787548264965612,High
2285,50000,49,0,33782,4000,1,0.41588151022565645,Elevated
24306,280000,37,0,85029,2625,0,0.23012189426192106,Low
1818,180000,44,0,816,803,0,0.347541273276117,Elevated
29157,80000,54,0,68519,2500,0,0.23012189426192106,Low
27005,60000,31,0,57937,3000,0,0.38283804163614554,Elevated
20640,260000,37,0,163553,32000,1,0.3697892966663365,Elevated
13279,210000,52,0,65265,39000,0,0.23012189426192106,Low
29789,140000,41,0,1476,2139,0,0.2969376556285609,Moderate
17896,20000,28,0,3202,2000,0,0.38283804163614554,Elevated
2292,90000,35,1,0,800,0,0.6088952019010146,High
17763,150000,64,1,157231,3,0,0.7132952380403815,Very High
14374,50000,24,0,1354,1054,1,0.4787548264965612,High
13312,150000,28,0,1159,2468,0,0.570501077187048,High
26680,40000,26,1,0,0,0,0.6088952019010146,High
9784,120000,34,0,856,856,0,0.4787548264965612,High
2322,30000,39,0,1742,0,0,0.570501077187048,High
24532,50000,36,0,47599,2000,1,0.38283804163614554,Elevated
267,10000,23,0,6974,1134,0,0.4787548264965612,High
20599,320000,29,0,146515,4697,0,0.23012189426192106,Low
5828,280000,38,0,17878,2000,1,0.23012189426192106,Low
20291,50000,52,2,6379,1091,0,0.8837290745778793,Very High
19570,50000,44,0,10950,1097,1,0.4787548264965612,High
14683,50000,25,0,44663,4100,0,0.7549348273892288,Very High
7442,80000,40,0,23833,5000,0,0.23012189426192106,Low
1090,310000,28,0,36513,2500,0,0.23012189426192106,Low
6391,150000,33,0,46006,2000,0,0.23012189426192106,Low
23202,400000,34,0,41305,206032,0,0.23012189426192106,Low
24549,190000,37,0,79838,4000,0,0.5348990689804838,High
13921,290000,46,0,196566,7800,0,0.23012189426192106,Low
11419,130000,25,1,0,0,0,0.6088952019010146,High
13209,30000,34,0,28509,2003,0,0.41588151022565645,Elevated
14882,50000,34,1,35548,0,0,0.7132952380403815,Very High
4155,10000,34,0,8014,1300,0,0.4787548264965612,High
20246,80000,52,2,79822,2773,0,0.8837290745778793,Very High
640,170000,31,0,56364,3000,0,0.23012189426192106,Low
8540,100000,37,0,1725,21711,0,0.2969376556285609,Moderate
11110,300000,47,0,3289,5189,0,0.23012189426192106,Low
11880,70000,24,0,16366,1000,0,0.38283804163614554,Elevated
5316,330000,28,0,37637,1500,0,0.23012189426192106,Low
2275,50000,29,0,32312,1700,0,0.38283804163614554,Elevated
25887,40000,37,1,7613,0,1,0.7735534076852892,Very High
2083,50000,42,1,0,0,0,0.6088952019010146,High
9911,60000,30,0,57041,2148,0,0.38283804163614554,Elevated
3215,20000,59,0,2946,0,0,0.4787548264965612,High
24366,130000,43,0,1261,1705,0,0.2969376556285609,Moderate
9251,180000,30,0,149218,10915,0,0.3697892966663365,Elevated
14884,20000,26,2,10372,3000,1,0.8837290745778793,Very High
10644,360000,38,1,29773,2000,0,0.5382018784947318,High
10746,220000,44,0,5005,5000,0,0.2969376556285609,Moderate
884,50000,57,0,47917,1988,0,0.38283804163614554,Elevated
142,180000,28,0,1832,0,0,0.4787548264965612,High
14439,30000,31,0,5477,8011,0,0.38283804163614554,Elevated
25176,50000,22,1,44531,7178,0,0.3396499288321693,Moderate
13118,160000,33,0,6113,980,0,0.347541273276117,Elevated
10650,400000,27,0,5457,4460,1,0.23012189426192106,Low
7373,50000,34,0,95380,2140,0,0.38283804163614554,Elevated
5329,200000,30,0,665,2618,0,0.2969376556285609,Moderate
14282,80000,27,0,42414,2039,0,0.23012189426192106,Low
19572,50000,38,0,588,588,0,0.4787548264965612,High
17129,50000,24,0,47608,2118,0,0.5348990689804838,High
6723,560000,47,0,10501,69803,0,0.23012189426192106,Low
20413,160000,26,0,5417,15134,0,0.23012189426192106,Low
2591,360000,25,0,586,14076,0,0.23012189426192106,Low
4416,170000,48,0,390,390,0,0.4787548264965612,High
20010,230000,37,0,1985,8075,0,0.23012189426192106,Low
10417,70000,25,0,24526,1790,0,0.41588151022565645,Elevated
14032,20000,29,0,10747,1317,0,0.4787548264965612,High
8129,30000,30,0,27020,1703,0,0.41588151022565645,Elevated
18353,80000,23,0,390,390,0,0.4787548264965612,High
27321,180000,41,1,114952,6000,1,0.7735534076852892,Very High
16436,250000,51,0,6811,0,0,0.4787548264965612,High
13201,340000,36,1,0,0,0,0.3396499288321693,Moderate
24633,210000,48,0,2776,2776,0,0.347541273276117,Elevated
29101,320000,52,0,650,2080,0,0.2969376556285609,Moderate
23416,20000,46,4,15833,0,1,0.8837290745778793,Very High
5175,80000,29,0,76121,2456,0,0.23012189426192106,Low
21315,50000,52,0,0,0,1,0.4787548264965612,High
7712,50000,23,1,47201,1400,0,0.7132952380403815,Very High
27091,20000,36,0,16419,1300,0,0.5348990689804838,High
305,200000,27,0,871,665,0,0.4787548264965612,High
24712,180000,41,2,111786,6000,0,0.8837290745778793,Very High
2699,150000,47,0,103226,2627,0,0.5348990689804838,High
27093,50000,36,0,630,1000,0,0.4787548264965612,High
17383,280000,44,0,230931,8634,0,0.23012189426192106,Low
20761,240000,35,0,18079,6315,0,0.23012189426192106,Low
2873,350000,37,0,316,316,0,0.4787548264965612,High
4575,200000,26,0,3374,4053,1,0.6550539400917675,Very High
28196,200000,48,0,119139,5844,0,0.23012189426192106,Low
4227,320000,43,0,3274,86682,1,0.23012189426192106,Low
27928,130000,27,0,8508,27049,0,0.2969376556285609,Moderate
17887,220000,28,0,22399,3000,0,0.23012189426192106,Low
14568,290000,29,0,6649,15837,0,0.23012189426192106,Low
9761,280000,29,0,233717,10004,0,0.23012189426192106,Low
27597,210000,29,0,2783,1088,0,0.347541273276117,Elevated
11890,30000,22,0,0,0,0,0.4787548264965612,High
18888,500000,31,0,-9,0,0,0.4787548264965612,High
28117,350000,41,0,15407,3000,0,0.23012189426192106,Low
24434,280000,47,0,2180,251,0,0.347541273276117,Elevated
24908,400000,33,0,2487,4009,1,0.3697892966663365,Elevated
23497,180000,32,0,-30,2230,0,0.347541273276117,Elevated
15406,130000,49,0,132571,0,0,0.4787548264965612,High
21964,90000,27,0,18674,92858,0,0.23012189426192106,Low
4574,470000,33,0,72083,5031,0,0.23012189426192106,Low
55,150000,29,2,46224,1600,0,0.8837290745778793,Very High
13479,30000,43,2,14870,2000,1,0.9260126453015733,Very High
29619,420000,32,0,387143,1585,0,0.2969376556285609,Moderate
15264,80000,41,0,76095,3500,0,0.23012189426192106,Low
21958,200000,28,0,0,0,0,0.4787548264965612,High
20430,10000,24,2,8837,0,1,0.8837290745778793,Very High
14365,180000,33,0,13999,4176,0,0.3697892966663365,Elevated
3533,160000,27,0,163418,6200,0,0.23012189426192106,Low
11480,340000,27,0,30452,6919,0,0.23012189426192106,Low
22937,360000,44,1,48114,0,0,0.5382018784947318,High
16935,350000,58,0,500,4063,0,0.2969376556285609,Moderate
25386,360000,29,0,885,10553,0,0.23012189426192106,Low
16378,170000,41,0,118379,4294,0,0.23012189426192106,Low
22103,50000,29,0,44498,4000,0,0.38283804163614554,Elevated
1665,280000,40,0,5310,2196,0,0.347541273276117,Elevated
23251,60000,40,0,58127,2800,0,0.38283804163614554,Elevated
23040,220000,41,8,246915,0,1,0.7964088951003658,Very High
12621,170000,37,0,743,0,0,0.347541273276117,Elevated
10350,20000,35,0,5745,2224,1,0.41588151022565645,Elevated
202,140000,31,0,27123,25000,0,0.570501077187048,High
19339,200000,48,0,198540,0,0,0.4787548264965612,High
28933,80000,48,0,396,792,1,0.6550539400917675,Very High
9354,140000,28,0,23702,1457,0,0.4787548264965612,High
28364,80000,35,1,0,0,0,0.6088952019010146,High
4872,80000,42,0,48237,2200,0,0.23012189426192106,Low
669,100000,35,1,97002,8200,0,0.7735534076852892,Very High
20278,100000,53,0,98026,3773,0,0.23012189426192106,Low
9828,200000,54,0,880,1948,0,0.347541273276117,Elevated
20041,30000,36,0,2114,490,0,0.20287159931475213,Low
20491,210000,27,1,0,0,0,0.6088952019010146,High
17876,360000,30,0,2020,28057,0,0.23012189426192106,Low
17213,50000,30,0,31079,2280,0,0.5348990689804838,High
18803,150000,26,0,83446,3500,0,0.23012189426192106,Low
22358,400000,32,0,0,626,0,0.4787548264965612,High
22448,50000,42,0,47867,2083,0,0.38283804163614554,Elevated
5414,230000,23,0,61580,2862,0,0.2969376556285609,Moderate
8812,10000,49,0,1409,0,1,0.6550539400917675,Very High
26282,260000,29,0,16496,8027,0,0.23012189426192106,Low
1440,130000,23,0,133622,4752,0,0.23012189426192106,Low
28458,180000,36,0,326,326,0,0.4787548264965612,High
5634,410000,45,0,278405,13000,0,0.23012189426192106,Low
7003,80000,39,2,48401,2000,0,0.9260126453015733,Very High
3843,50000,24,0,5219,1500,0,0.4787548264965612,High
14762,130000,28,1,0,3000,0,0.6088952019010146,High
3184,260000,48,0,200716,8812,0,0.23012189426192106,Low
20738,20000,24,5,21151,0,0,0.8837290745778793,Very High
5466,80000,34,1,0,7400,0,0.6088952019010146,High
19687,30000,39,2,31207,0,1,0.8837290745778793,Very High
2616,450000,37,0,13371,4000,0,0.23012189426192106,Low
25437,360000,27,0,297275,20000,0,0.23012189426192106,Low
1061,60000,34,0,9928,1500,1,0.5348990689804838,High
25570,130000,43,2,19690,0,1,0.9260126453015733,Very High
15398,50000,55,0,23593,1831,0,0.41588151022565645,Elevated
22140,100000,24,0,27753,1632,0,0.2969376556285609,Moderate
19454,160000,35,1,0,0,1,0.6088952019010146,High
26709,50000,25,0,45626,3000,0,0.38283804163614554,Elevated
15120,20000,56,1,9453,1000,1,0.8800187576626742,Very High
29527,60000,46,0,61548,2700,0,0.41588151022565645,Elevated
19163,290000,47,0,244377,10000,0,0.23012189426192106,Low
8291,180000,40,0,66218,1811,0,0.23012189426192106,Low
16140,280000,33,0,28928,1634,0,0.23012189426192106,Low
7010,10000,59,0,6827,1290,0,0.4787548264965612,High
16762,50000,45,0,49573,2245,0,0.38283804163614554,Elevated
14226,50000,29,2,1050,0,1,0.9260126453015733,Very High
10386,450000,54,0,727,0,0,0.4787548264965612,High
4559,40000,27,0,26663,5700,1,0.570501077187048,High
16885,20000,37,0,15612,1577,1,0.41588151022565645,Elevated
19259,30000,33,3,21167,0,1,0.8837290745778793,Very High
8373,170000,38,0,71712,3332,0,0.23012189426192106,Low
10719,60000,28,0,20000,0,0,0.4787548264965612,High
20991,180000,31,1,172505,0,0,0.7735534076852892,Very High
12044,20000,52,0,9410,2600,0,0.6550539400917675,Very High
6354,360000,46,1,-8,867,0,0.5087149171511306,High
24492,470000,32,0,19419,11070,0,0.23012189426192106,Low
28579,500000,46,0,196606,10000,0,0.23012189426192106,Low
9845,50000,36,0,11684,45135,0,0.20287159931475213,Low
19702,140000,32,0,112933,5000,0,0.23012189426192106,Low
7454,30000,43,0,390,780,0,0.4787548264965612,High
25806,100000,28,0,-177,0,0,0.4787548264965612,High
15029,340000,48,0,4726,1379,0,0.23012189426192106,Low
944,80000,24,2,1200,0,1,0.9260126453015733,Very High
9021,170000,42,0,37772,2000,0,0.23012189426192106,Low
27448,140000,33,0,500,473,0,0.4787548264965612,High
6452,60000,23,0,3517,1000,0,0.20287159931475213,Low
4784,360000,34,1,0,1680,0,0.3396499288321693,Moderate
14214,20000,38,0,1118,12783,0,0.41588151022565645,Elevated
7666,80000,33,0,47867,1925,0,0.2969376556285609,Moderate
17837,110000,24,2,98428,5500,1,0.9260126453015733,Very High
27718,100000,24,0,84895,3513,0,0.23012189426192106,Low
23847,290000,52,0,85532,12000,0,0.3026740989175491,Moderate
3349,80000,44,2,57076,2800,0,0.9260126453015733,Very High
10168,10000,22,0,528,0,1,0.4787548264965612,High
28988,260000,41,0,195465,8400,0,0.23012189426192106,Low
19456,100000,47,0,43175,1680,0,0.23012189426192106,Low
24644,50000,44,0,54332,3000,1,0.38283804163614554,Elevated
11872,80000,33,0,75593,2503,0,0.2969376556285609,Moderate
9610,20000,42,1,17614,0,1,0.7132952380403815,Very High
5171,360000,34,1,-62,0,0,0.6088952019010146,High
18292,80000,33,0,780,0,1,0.4787548264965612,High
25638,410000,34,0,43719,2626,0,0.23012189426192106,Low
17177,350000,29,0,209234,7280,0,0.23012189426192106,Low
6136,150000,39,0,32891,5000,0,0.23012189426192106,Low
12777,280000,44,0,146390,5111,0,0.23012189426192106,Low
14525,380000,31,0,276,276,0,0.2712812631662762,Moderate
2713,60000,39,0,56045,5000,0,0.38283804163614554,Elevated
7531,270000,28,4,237881,0,1,0.7964088951003658,Very High
4373,400000,28,0,181178,4000,1,0.23012189426192106,Low
26417,210000,47,0,202503,7082,0,0.23012189426192106,Low
9285,20000,24,0,15036,1580,0,0.41588151022565645,Elevated
2207,20000,21,0,17471,1400,0,0.38283804163614554,Elevated
21543,80000,24,0,17220,1400,0,0.4787548264965612,High
12853,330000,33,0,223445,5005,0,0.23012189426192106,Low
16464,50000,53,2,3914,3591,1,0.9260126453015733,Very High
22043,150000,25,1,0,0,0,0.6088952019010146,High
27162,300000,40,0,39883,3000,0,0.23012189426192106,Low
22263,420000,31,0,233413,12000,1,0.23012189426192106,Low
4555,160000,48,0,23037,0,1,0.6550539400917675,Very High
11513,240000,32,0,4101,8500,0,0.23012189426192106,Low
1404,470000,33,0,5613,11606,0,0.23012189426192106,Low
2585,30000,22,0,3963,6222,0,0.38283804163614554,Elevated
26787,180000,29,0,3810,6406,0,0.2969376556285609,Moderate
23554,350000,44,0,8544,0,0,0.2712812631662762,Moderate
22777,260000,29,0,267336,11000,1,0.23012189426192106,Low
19075,260000,37,0,174971,10000,0,0.23012189426192106,Low
870,290000,34,0,310403,12012,0,0.23012189426192106,Low
23023,280000,36,0,4126,7065,0,0.23012189426192106,Low
23852,260000,57,0,1148,0,0,0.5348990689804838,High
21223,140000,33,0,0,935,0,0.2712812631662762,Moderate
10358,190000,48,0,146034,5704,0,0.23012189426192106,Low
2710,30000,23,0,18292,1000,0,0.4787548264965612,High
20453,170000,26,0,164408,5700,1,0.23012189426192106,Low
4708,50000,36,2,42380,1901,1,0.8837290745778793,Very High
8038,270000,36,0,3458,3833,0,0.23012189426192106,Low
5930,50000,54,0,16648,1588,0,0.41588151022565645,Elevated
19463,30000,49,0,27922,2000,1,0.38283804163614554,Elevated
14199,50000,50,0,19061,52498,0,0.38283804163614554,Elevated
29670,110000,39,0,18310,1327,0,0.23012189426192106,Low
8528,110000,26,0,109386,2432,0,0.23012189426192106,Low
22914,140000,33,0,1247,1654,0,0.2969376556285609,Moderate
13955,60000,46,0,30073,3000,0,0.38283804163614554,Elevated
7729,180000,35,0,47603,5705,0,0.23012189426192106,Low
11516,300000,33,0,1617,7785,0,0.23012189426192106,Low
10320,260000,51,0,200964,8000,0,0.23012189426192106,Low
13622,100000,37,0,20116,4000,0,0.23012189426192106,Low
9137,300000,28,0,24763,10700,0,0.3697892966663365,Elevated
10747,20000,47,0,8152,1125,0,0.4787548264965612,High
19926,80000,34,0,652,0,1,0.4787548264965612,High
25983,60000,40,2,60211,3000,0,0.8837290745778793,Very High
14188,240000,41,1,0,40529,0,0.5087149171511306,High
22497,50000,32,0,33231,1868,1,0.38283804163614554,Elevated
11710,160000,29,1,-146,17833,0,0.3396499288321693,Moderate
27741,50000,25,0,50051,1754,0,0.38283804163614554,Elevated
12464,360000,40,0,76584,21358,0,0.3697892966663365,Elevated
6594,50000,56,0,48025,1884,0,0.38283804163614554,Elevated
23774,240000,53,0,0,0,0,0.347541273276117,Elevated
18780,140000,28,0,800,7937,0,0.23012189426192106,Low
8818,60000,24,0,836,390,1,0.4787548264965612,High
16630,170000,45,0,165315,8000,0,0.23012189426192106,Low
21363,20000,56,5,19977,0,0,0.8837290745778793,Very High
2781,180000,34,0,8000,0,1,0.4787548264965612,High
4826,80000,25,0,80493,3035,0,0.23012189426192106,Low
14549,130000,35,0,8010,1500,0,0.4787548264965612,High
14633,20000,35,0,17365,2618,0,0.38283804163614554,Elevated
28532,200000,40,2,80468,4200,1,0.9260126453015733,Very High
22894,500000,27,0,8328,25450,1,0.23012189426192106,Low
3767,100000,40,2,47243,2000,1,0.9260126453015733,Very High
10885,450000,53,0,3873,3128,0,0.347541273276117,Elevated
25098,50000,55,0,30900,0,1,0.4787548264965612,High
22882,280000,37,0,280323,10505,1,0.23012189426192106,Low
21577,20000,21,0,10109,3000,0,0.38283804163614554,Elevated
245,30000,40,0,142,355,0,0.7549348273892288,Very High
9973,300000,39,0,2019,1,1,0.4787548264965612,High
1979,20000,50,0,2191,1140,0,0.20287159931475213,Low
11365,80000,40,0,81511,3200,0,0.23012189426192106,Low
15622,320000,31,0,77052,3000,0,0.23012189426192106,Low
24899,50000,35,0,1000,14300,0,0.20287159931475213,Low
4666,470000,47,0,163529,4700,0,0.23012189426192106,Low
25867,160000,35,1,0,0,0,0.6088952019010146,High
20573,30000,28,0,22634,1385,1,0.4787548264965612,High
14239,450000,26,0,20571,20000,0,0.23012189426192106,Low
4154,280000,30,0,8527,13244,0,0.23012189426192106,Low
25779,300000,46,1,0,0,0,0.5087149171511306,High
3558,90000,53,0,87235,4000,0,0.23012189426192106,Low
213,40000,43,0,38257,1700,0,0.41588151022565645,Elevated
3806,140000,27,1,139058,4900,0,0.7132952380403815,Very High
9490,100000,52,0,4740,2000,0,0.347541273276117,Elevated
12217,280000,39,2,186838,8000,1,0.9260126453015733,Very High
3147,50000,25,0,2543,14439,0,0.41588151022565645,Elevated
15775,140000,24,2,50643,2400,1,0.9260126453015733,Very High
3781,140000,39,0,4654,5525,0,0.23012189426192106,Low
23388,360000,38,0,6904,0,1,0.4787548264965612,High
27641,20000,24,0,14273,1183,0,0.38283804163614554,Elevated
7247,180000,25,0,0,0,0,0.4787548264965612,High
29247,10000,25,1,0,0,0,0.6088952019010146,High
13961,120000,38,1,116344,0,0,0.7735534076852892,Very High
22662,200000,41,0,0,0,0,0.4787548264965612,High
28202,300000,48,1,-2,781,1,0.5382018784947318,High
3748,200000,43,0,1144,2506,0,0.347541273276117,Elevated
18124,60000,35,0,34604,1900,0,0.38283804163614554,Elevated
29767,20000,37,0,18623,3501,0,0.7549348273892288,Very High
17800,50000,23,0,18666,2000,0,0.38283804163614554,Elevated
7785,20000,46,0,780,0,1,0.4787548264965612,High
11345,180000,43,1,0,8016,0,0.6088952019010146,High
13120,120000,42,0,23331,5000,0,0.23012189426192106,Low
22257,500000,29,0,5024,802,1,0.347541273276117,Elevated
27706,130000,24,0,135466,4139,0,0.23012189426192106,Low
5183,150000,36,0,13447,17914,0,0.23012189426192106,Low
23113,70000,30,0,10705,50071,0,0.570501077187048,High
29490,50000,47,0,51129,2096,0,0.41588151022565645,Elevated
17134,20000,27,3,16004,0,1,0.8837290745778793,Very High
12840,240000,32,0,53286,8000,0,0.2969376556285609,Moderate
11814,120000,34,1,45755,2000,1,0.7735534076852892,Very High
29900,140000,29,0,142044,6100,1,0.23012189426192106,Low
26408,480000,46,0,993,1317,0,0.2712812631662762,Moderate
15891,30000,22,2,29188,0,1,0.8837290745778793,Very High
28915,150000,39,0,10147,0,0,0.4787548264965612,High
21109,20000,36,0,18958,1500,1,0.38283804163614554,Elevated
2675,80000,40,0,75768,3500,0,0.23012189426192106,Low
7751,80000,22,0,80491,2327,0,0.23012189426192106,Low
29449,120000,30,0,1500,1700,0,0.570501077187048,High
25180,50000,23,0,32789,1500,0,0.38283804163614554,Elevated
20784,500000,34,0,104638,3780,0,0.23012189426192106,Low
20000,240000,37,0,1769,0,0,0.347541273276117,Elevated
15226,90000,40,1,78976,7500,1,0.7735534076852892,Very High
6609,10000,22,0,5964,1284,0,0.4787548264965612,High
11962,500000,42,0,29365,94135,0,0.23012189426192106,Low
19867,160000,39,0,106260,0,0,0.4787548264965612,High
17558,570000,39,0,2394,3882,0,0.23012189426192106,Low
18486,130000,26,0,131336,6000,0,0.3026740989175491,Moderate
9529,50000,53,0,50302,2100,0,0.38283804163614554,Elevated
28474,160000,36,1,0,17029,0,0.3396499288321693,Moderate
17258,110000,33,0,104151,3791,1,0.23012189426192106,Low
785,230000,32,0,87764,2630,1,0.23012189426192106,Low
571,200000,29,1,55788,8394,0,0.3396499288321693,Moderate
22042,90000,25,0,25806,1619,0,0.2969376556285609,Moderate
19246,150000,37,0,0,1771,0,0.2969376556285609,Moderate
3425,60000,24,0,47757,1468,0,0.38283804163614554,Elevated
21248,350000,35,0,15193,5197,0,0.6832214599145177,Very High
15,250000,29,0,70887,3000,0,0.23012189426192106,Low
6939,260000,51,1,-200,0,0,0.5087149171511306,High
14264,50000,28,0,18771,10000,0,0.38283804163614554,Elevated
1050,100000,49,0,34704,2011,0,0.5348990689804838,High
19809,50000,31,0,29731,1500,0,0.4787548264965612,High
26320,100000,35,0,3835,1891,0,0.347541273276117,Elevated
7168,210000,37,0,3094,565,0,0.4787548264965612,High
15259,130000,29,1,0,0,0,0.6088952019010146,High
16088,260000,32,0,1249,0,1,0.4787548264965612,High
27529,360000,51,0,14093,10575,0,0.23012189426192106,Low
9003,30000,36,0,18441,1800,1,0.570501077187048,High
7858,250000,31,1,-129,0,0,0.6088952019010146,High
10623,200000,51,0,1690,0,1,0.4787548264965612,High
8664,100000,42,0,91141,2635,0,0.23012189426192106,Low
28352,30000,44,0,25957,3400,0,0.570501077187048,High
29378,120000,28,0,92677,4516,0,0.23012189426192106,Low
28490,110000,37,0,20733,1602,0,0.2969376556285609,Moderate
7163,90000,26,2,89947,5000,0,0.8837290745778793,Very High
21148,130000,42,1,-52,0,1,0.6088952019010146,High
7682,60000,64,2,24541,2000,1,0.8837290745778793,Very High
8147,250000,35,0,661,0,0,0.4787548264965612,High
2953,30000,26,1,30349,0,0,0.7132952380403815,Very High
24376,310000,38,0,23285,1058,0,0.2712812631662762,Moderate
18708,50000,28,1,41468,0,0,0.7132952380403815,Very High
10664,50000,36,2,37397,3500,1,0.9260126453015733,Very High
8908,60000,25,0,53447,2025,0,0.38283804163614554,Elevated
6725,230000,31,0,184444,7016,0,0.23012189426192106,Low
23305,50000,37,0,48890,1787,0,0.38283804163614554,Elevated
6604,200000,40,0,22065,2000,0,0.2969376556285609,Moderate
27532,420000,59,0,24389,1733,0,0.23012189426192106,Low
17223,120000,26,0,103452,4000,0,0.23012189426192106,Low
16074,360000,47,0,410,3620,0,0.347541273276117,Elevated
21738,20000,23,0,4456,3000,0,0.38283804163614554,Elevated
20732,50000,45,0,29287,1600,0,0.38283804163614554,Elevated
7255,60000,43,0,70367,2415,0,0.38283804163614554,Elevated
3367,260000,26,0,258364,45446,0,0.5348990689804838,High
2495,30000,26,1,30814,0,1,0.7132952380403815,Very High
15785,50000,23,2,50668,0,1,0.9260126453015733,Very High
25141,90000,61,0,46441,1762,0,0.23012189426192106,Low
25730,290000,31,0,41879,2000,0,0.23012189426192106,Low
21723,20000,22,0,16936,2684,0,0.38283804163614554,Elevated
17740,110000,55,0,632,0,0,0.6550539400917675,Very High
10020,50000,26,0,44838,1769,1,0.38283804163614554,Elevated
22940,360000,33,0,7157,2000,0,0.2969376556285609,Moderate
462,80000,36,0,1689,8638,0,0.23012189426192106,Low
20699,80000,44,0,55297,2300,1,0.23012189426192106,Low
9476,290000,29,1,0,0,1,0.6088952019010146,High
28654,240000,33,0,61180,23222,0,0.23012189426192106,Low
21212,250000,45,0,142001,5084,0,0.23012189426192106,Low
26478,80000,65,0,82074,3470,0,0.23012189426192106,Low
24277,320000,31,0,4445,4984,0,0.23012189426192106,Low
10545,110000,47,0,72897,3290,0,0.23012189426192106,Low
25685,270000,39,0,85827,3000,0,0.23012189426192106,Low
14341,30000,28,2,20218,0,0,0.9260126453015733,Very High
534,100000,50,2,53849,2050,1,0.9260126453015733,Very High
3531,100000,24,0,440,500,0,0.4787548264965612,High
11035,30000,38,2,5685,0,1,0.9260126453015733,Very High
20571,100000,26,0,1847,2000,0,0.347541273276117,Elevated
22029,310000,28,0,176565,25532,0,0.23012189426192106,Low
9239,360000,45,0,167370,20000,0,0.23012189426192106,Low
21010,50000,38,0,46509,2000,0,0.38283804163614554,Elevated
9210,230000,40,0,1856,32254,0,0.23012189426192106,Low
17824,30000,25,2,23421,1500,1,0.9260126453015733,Very High
24454,110000,36,0,58949,3000,0,0.23012189426192106,Low
12526,327680,42,0,344011,11219,1,0.23012189426192106,Low
22586,60000,31,0,59426,2800,0,0.38283804163614554,Elevated
8959,340000,44,0,83059,20000,1,0.23012189426192106,Low
27946,160000,27,0,288,451,0,0.347541273276117,Elevated
5167,330000,37,0,8447,0,0,0.4787548264965612,High
11839,150000,29,0,39215,11200,0,0.23012189426192106,Low
21381,50000,54,2,48556,1804,1,0.9260126453015733,Very High
18746,230000,29,0,33511,2000,0,0.2969376556285609,Moderate
10743,180000,40,0,3071,5639,0,0.23012189426192106,Low
10296,310000,24,0,165477,6000,0,0.23012189426192106,Low
8187,360000,42,0,118368,10000,0,0.23012189426192106,Low
3834,130000,23,0,5719,10000,0,0.23012189426192106,Low
7548,330000,37,0,2148,0,0,0.347541273276117,Elevated
17043,300000,24,0,26158,5673,0,0.23012189426192106,Low
17601,80000,31,0,51160,4500,0,0.570501077187048,High
25525,50000,34,0,2791,2000,0,0.41588151022565645,Elevated
5344,10000,31,0,10119,3000,0,0.6550539400917675,Very High
6573,90000,26,0,32154,1888,0,0.23012189426192106,Low
19884,230000,42,0,7906,2138,0,0.347541273276117,Elevated
21312,230000,61,2,2500,0,1,0.8837290745778793,Very High
46,210000,29,0,0,0,1,0.4787548264965612,High
14957,20000,23,0,17165,1500,0,0.4787548264965612,High
13156,70000,50,0,56551,1900,0,0.41588151022565645,Elevated
9970,150000,45,0,123580,3575,0,0.23012189426192106,Low
13518,160000,24,0,76054,3275,0,0.23012189426192106,Low
4419,200000,37,0,3938,8576,0,0.23012189426192106,Low
1527,90000,25,0,87525,4200,1,0.23012189426192106,Low
17414,30000,47,2,15089,1500,1,0.9260126453015733,Very High
27709,30000,25,0,21020,2000,1,0.38283804163614554,Elevated
22637,230000,45,0,15160,1500,0,0.23012189426192106,Low
15401,280000,49,2,28788,3315,0,0.8837290745778793,Very High
5936,200000,34,0,4798,1125,0,0.4787548264965612,High
23008,240000,38,0,3816,3816,0,0.23012189426192106,Low
25812,200000,38,0,15099,6370,0,0.23012189426192106,Low
8974,20000,27,1,20386,1000,0,0.7132952380403815,Very High
12364,130000,24,0,48764,1034,0,0.23012189426192106,Low
8439,170000,46,0,246,123,0,0.347541273276117,Elevated
12629,110000,28,0,112953,12500,0,0.570501077187048,High
24074,100000,28,0,74269,2812,0,0.23012189426192106,Low
6163,50000,49,0,40281,1173,0,0.4787548264965612,High
12917,330000,31,0,5480,30630,0,0.23012189426192106,Low
18817,420000,29,0,82235,3000,0,0.23012189426192106,Low
16453,80000,55,0,46777,5024,0,0.23012189426192106,Low
11234,110000,59,2,89595,2437,0,0.8837290745778793,Very High
7434,170000,25,0,12218,5507,1,0.2969376556285609,Moderate
2808,180000,26,1,0,0,0,0.6088952019010146,High
11105,30000,23,4,28607,0,0,0.9260126453015733,Very High
23389,500000,34,0,80630,3000,0,0.23012189426192106,Low
6238,210000,30,0,32903,1600,1,0.23012189426192106,Low
27425,140000,40,0,139282,4945,1,0.23012189426192106,Low
1039,50000,23,0,43979,2000,0,0.38283804163614554,Elevated
15654,200000,42,0,8050,0,0,0.4787548264965612,High
14824,260000,45,0,7893,5923,0,0.23012189426192106,Low
16783,20000,31,0,13192,1230,1,0.4787548264965612,High
974,150000,30,0,50,8589,0,0.23012189426192106,Low
28734,240000,28,1,0,0,0,0.3396499288321693,Moderate
26583,110000,22,0,99209,1766,1,0.23012189426192106,Low
25279,80000,27,0,54184,1500,1,0.23012189426192106,Low
14078,140000,24,0,126546,4922,0,0.23012189426192106,Low
4659,170000,28,0,20302,3000,0,0.2969376556285609,Moderate
13488,240000,36,0,7283,1263,0,0.4787548264965612,High
1095,50000,31,1,48657,0,0,0.7735534076852892,Very High
21607,50000,23,0,49971,2303,0,0.38283804163614554,Elevated
22282,210000,30,0,2818,0,0,0.4787548264965612,High
5730,110000,27,0,30961,1700,0,0.5348990689804838,High
5750,160000,30,0,9640,0,0,0.4787548264965612,High
13731,280000,47,2,1792,0,1,0.7660818893216393,Very High
26594,380000,32,0,387851,13070,0,0.23012189426192106,Low
29185,120000,34,0,646,1271,1,0.6550539400917675,Very High
17663,500000,46,0,24239,15000,0,0.2969376556285609,Moderate
24047,130000,25,0,39074,1766,0,0.2969376556285609,Moderate
20093,80000,39,0,48784,2194,0,0.2969376556285609,Moderate
4898,80000,37,0,57830,2103,0,0.23012189426192106,Low
23302,90000,35,2,89282,6201,0,0.9260126453015733,Very High
26491,60000,52,1,28934,0,0,0.7132952380403815,Very High
8890,280000,26,0,2103,2781,0,0.347541273276117,Elevated
11849,60000,39,0,183,1419,0,0.38283804163614554,Elevated
16673,100000,34,0,772,0,0,0.6550539400917675,Very High
24415,360000,40,0,12663,0,0,0.2712812631662762,Moderate
6560,230000,32,0,57259,2500,1,0.23012189426192106,Low
4944,70000,25,0,22935,1398,0,0.4787548264965612,High
8148,20000,24,0,13359,1300,1,0.4787548264965612,High
27279,360000,41,0,316,736,1,0.347541273276117,Elevated
2104,180000,30,0,139804,7000,0,0.23012189426192106,Low
10677,380000,40,0,31526,21255,0,0.23012189426192106,Low
18883,200000,30,0,4800,2040,0,0.347541273276117,Elevated
18309,150000,53,0,2337,5336,0,0.2969376556285609,Moderate
18366,20000,23,0,3426,11615,0,0.20287159931475213,Low
25721,280000,44,0,390,0,1,0.4787548264965612,High
2,120000,26,0,2682,0,1,0.4787548264965612,High
4437,100000,49,1,0,0,0,0.6088952019010146,High
6161,370000,40,1,0,0,1,0.6088952019010146,High
13618,30000,29,0,28547,1700,0,0.41588151022565645,Elevated
28242,110000,46,0,102726,10700,0,0.570501077187048,High
21341,20000,57,0,19071,2000,0,0.570501077187048,High
846,490000,38,0,4290,4738,0,0.23012189426192106,Low
646,150000,39,1,214450,5180,0,0.6088952019010146,High
22199,380000,30,0,305489,11687,0,0.23012189426192106,Low
22528,120000,47,0,7301,2327,0,0.2969376556285609,Moderate
22781,50000,44,0,47497,2306,0,0.38283804163614554,Elevated
10880,300000,33,0,283552,10000,0,0.23012189426192106,Low
380,50000,31,0,20526,2000,1,0.38283804163614554,Elevated
24618,190000,36,1,105418,5500,1,0.7735534076852892,Very High
11311,30000,27,0,10410,1495,0,0.4787548264965612,High
432,390000,27,0,304867,13007,1,0.23012189426192106,Low
27734,80000,24,1,2254,0,0,0.7132952380403815,Very High
17320,200000,25,1,133797,14000,1,0.7735534076852892,Very High
362,320000,30,0,71305,2589,0,0.23012189426192106,Low
13186,150000,32,1,0,258,1,0.3396499288321693,Moderate
17017,80000,24,0,78862,4000,0,0.23012189426192106,Low
18331,120000,23,0,116314,6019,0,0.23012189426192106,Low
16623,50000,30,2,15397,2882,1,0.8837290745778793,Very High
5676,200000,28,1,0,1732,0,0.6088952019010146,High
747,50000,34,0,10821,1221,0,0.38283804163614554,Elevated
20971,210000,42,0,197204,8800,0,0.23012189426192106,Low
3611,210000,28,0,204191,9000,0,0.23012189426192106,Low
84,400000,44,0,131595,10700,0,0.3697892966663365,Elevated
10344,410000,53,0,4213,187,0,0.347541273276117,Elevated
9508,280000,35,0,199,0,0,0.6550539400917675,Very High
18691,240000,25,1,0,587,0,0.3396499288321693,Moderate
3035,170000,37,0,5635,6321,0,0.23012189426192106,Low
4632,20000,26,0,16385,1700,0,0.38283804163614554,Elevated
16761,110000,38,0,52708,2469,0,0.23012189426192106,Low
28572,120000,29,0,96686,3508,0,0.23012189426192106,Low
12637,50000,24,1,0,0,0,0.3396499288321693,Moderate
14767,150000,29,0,2889,3469,1,0.347541273276117,Elevated
20436,20000,27,0,1663,1662,0,0.41588151022565645,Elevated
1671,50000,51,0,49613,3036,0,0.38283804163614554,Elevated
7317,230000,50,0,94314,4082,1,0.23012189426192106,Low
3537,80000,23,2,8613,4000,0,0.8837290745778793,Very High
14154,20000,35,0,4966,1200,0,0.38283804163614554,Elevated
12355,50000,54,0,43099,2212,0,0.38283804163614554,Elevated
28420,80000,29,0,14227,1500,1,0.4787548264965612,High
2574,120000,29,0,1171,1000,0,0.4787548264965612,High
6375,500000,45,1,0,0,0,0.6088952019010146,High
7576,180000,39,0,166915,6000,0,0.23012189426192106,Low
6592,50000,41,2,33343,1502,0,0.8837290745778793,Very High
26220,100000,38,0,96707,4070,0,0.23012189426192106,Low
9522,220000,39,5,187665,0,0,0.8837290745778793,Very High
67,10000,56,2,2097,2300,1,0.7660818893216393,Very High
14880,170000,28,0,73254,2500,0,0.23012189426192106,Low
16193,300000,45,0,122838,10039,0,0.23012189426192106,Low
13916,420000,50,0,405779,16000,0,0.23012189426192106,Low
28627,80000,31,0,15633,2302,0,0.23012189426192106,Low
19932,50000,49,0,46468,5000,1,0.570501077187048,High
6396,50000,26,0,526,526,1,0.4787548264965612,High
1049,300000,42,0,3000,3300,0,0.2969376556285609,Moderate
11976,70000,25,0,50224,10000,0,0.6832214599145177,Very High
8861,110000,26,0,46633,4029,0,0.570501077187048,High
13794,140000,27,0,72274,3231,0,0.23012189426192106,Low
6515,290000,48,1,292907,0,1,0.5382018784947318,High
9201,480000,37,0,470317,18507,0,0.23012189426192106,Low
7563,120000,27,0,36175,3000,0,0.23012189426192106,Low
27673,50000,23,0,47654,2000,0,0.38283804163614554,Elevated
10143,400000,39,2,50747,0,0,0.9260126453015733,Very High
24097,20000,25,0,769,1500,0,0.4787548264965612,High
27642,40000,23,0,39402,2000,0,0.38283804163614554,Elevated
11723,460000,41,0,81848,8877,0,0.23012189426192106,Low
13980,50000,42,0,50427,6506,1,0.38283804163614554,Elevated
24193,20000,30,1,17005,0,1,0.7735534076852892,Very High
17759,20000,61,1,0,0,1,0.8499312992672737,Very High
26790,50000,29,1,0,1899,0,0.6088952019010146,High
27371,180000,31,0,6383,3200,0,0.347541273276117,Elevated
19344,250000,34,2,138380,5136,0,0.8837290745778793,Very High
19758,90000,33,0,75451,2800,0,0.23012189426192106,Low
2092,270000,31,1,16616,2500,0,0.7735534076852892,Very High
91,200000,53,2,138180,6300,1,0.9260126453015733,Very High
15090,160000,36,0,156775,5145,0,0.23012189426192106,Low
17496,50000,32,0,36062,1500,0,0.38283804163614554,Elevated
21813,50000,24,0,12986,1230,0,0.4787548264965612,High
1025,310000,33,0,4040,4068,0,0.23012189426192106,Low
2594,90000,49,0,1722,0,0,0.4787548264965612,High
1385,50000,22,0,22854,9000,0,0.41588151022565645,Elevated
5532,190000,25,1,0,0,0,0.6088952019010146,High
5969,480000,45,0,17976,1008,0,0.2712812631662762,Moderate
18192,50000,45,0,43469,2015,0,0.38283804163614554,Elevated
23506,120000,33,1,68493,3500,1,0.7735534076852892,Very High
5012,280000,49,0,4378,2,1,0.4787548264965612,High
8633,100000,60,1,8311,0,0,0.7132952380403815,Very High
2171,200000,29,0,9078,3000,0,0.2969376556285609,Moderate
310,60000,27,0,20847,13809,0,0.20287159931475213,Low
10165,120000,50,0,149540,125000,1,0.23012189426192106,Low
15143,20000,26,0,19026,2302,0,0.38283804163614554,Elevated
22881,30000,39,1,25574,0,0,0.7735534076852892,Very High
14355,20000,43,1,20251,0,1,0.7132952380403815,Very High
21601,50000,23,0,43634,0,1,0.4787548264965612,High
7939,240000,35,0,179662,7003,0,0.23012189426192106,Low
27190,120000,29,1,0,652,1,0.3396499288321693,Moderate
17062,50000,23,2,50653,2190,0,0.8837290745778793,Very High
25996,80000,47,2,80019,3111,1,0.8837290745778793,Very High
29515,130000,29,0,129602,5437,0,0.23012189426192106,Low
13363,50000,37,0,49642,2060,0,0.41588151022565645,Elevated
17121,150000,27,1,0,0,0,0.6088952019010146,High
17589,20000,43,0,6459,1123,0,0.4787548264965612,High
4915,50000,42,2,12664,2000,0,0.8837290745778793,Very High
6342,130000,35,2,77578,4000,0,0.8837290745778793,Very High
11645,80000,40,0,45747,1618,0,0.2969376556285609,Moderate
24478,280000,31,0,148186,5000,0,0.23012189426192106,Low
15144,290000,42,0,768,42863,0,0.23012189426192106,Low
27949,230000,28,0,45405,2500,0,0.23012189426192106,Low
20011,210000,34,0,201223,17580,1,0.3697892966663365,Elevated
8150,260000,27,0,158711,30000,0,0.23012189426192106,Low
3299,230000,26,0,8328,0,1,0.4787548264965612,High
4720,60000,25,2,60323,2000,0,0.8837290745778793,Very High
11659,60000,26,3,61014,0,1,0.8837290745778793,Very High
11167,140000,35,1,91296,0,0,0.7735534076852892,Very High
18975,300000,28,0,28989,1291,0,0.23012189426192106,Low
8584,180000,25,0,169225,7800,0,0.3026740989175491,Moderate
8948,180000,40,0,0,0,1,0.4787548264965612,High
22435,60000,45,0,26350,1413,0,0.4787548264965612,High
29135,200000,50,0,0,1882,0,0.2969376556285609,Moderate
9874,110000,48,0,107767,5700,0,0.23012189426192106,Low
6130,20000,33,2,16339,5000,1,0.8837290745778793,Very High
10491,50000,33,2,50786,2034,0,0.8837290745778793,Very High
20502,150000,28,0,129151,3501,0,0.23012189426192106,Low
22373,180000,27,0,101489,10006,0,0.23012189426192106,Low
27303,500000,31,0,400780,30000,0,0.23012189426192106,Low
18212,140000,41,0,44635,2000,0,0.23012189426192106,Low
4338,140000,30,0,107060,4598,0,0.23012189426192106,Low
27343,500000,37,0,50140,1862,0,0.2969376556285609,Moderate
9000,280000,35,1,-3,149,0,0.3396499288321693,Elevated
12595,80000,41,0,12781,2000,0,0.23012189426192106,Low
7095,160000,27,0,75652,1020,1,0.4787548264965612,High
9013,100000,29,1,85264,0,0,0.7735534076852892,Very High
21751,110000,24,0,6071,0,0,0.347541273276117,Elevated
15977,50000,48,1,18704,0,1,0.7132952380403815,Very High
25915,150000,33,0,-3,0,0,0.4787548264965612,High
674,30000,25,2,2400,0,1,0.9260126453015733,Very High
5517,130000,29,2,126509,6000,0,0.8837290745778793,Very High
23452,60000,34,2,60707,2102,0,0.8837290745778793,Very High
29085,260000,65,0,0,0,1,0.4787548264965612,High
25593,360000,47,0,93431,3389,0,0.23012189426192106,Low
4511,10000,25,0,1261,1261,0,0.4787548264965612,High
8207,50000,45,0,29875,1700,0,0.41588151022565645,Elevated
11077,200000,30,0,74961,2513,0,0.23012189426192106,Low
8056,130000,24,0,986,0,1,0.347541273276117,Elevated
13026,260000,28,0,500,10500,0,0.23012189426192106,Low
799,100000,48,2,15355,3164,0,0.8837290745778793,Very High
18269,150000,55,1,0,780,0,0.5087149171511306,High
388,80000,73,0,63144,3500,1,0.5348990689804838,High
17647,340000,36,0,242518,8849,0,0.23012189426192106,Low
21,130000,39,0,38358,3000,0,0.2969376556285609,Moderate
22003,250000,29,0,20687,14158,0,0.2969376556285609,Moderate
15426,300000,53,0,5551,1110,0,0.4787548264965612,High
18306,20000,23,0,16931,1300,0,0.4787548264965612,High
15684,20000,28,1,18953,18,0,0.7132952380403815,Very High
18270,360000,62,0,5875,7289,0,0.23012189426192106,Low
22071,100000,23,0,10693,22622,0,0.23012189426192106,Low
12247,160000,34,0,1072,3297,0,0.347541273276117,Elevated
17193,200000,29,0,9383,37465,0,0.23012189426192106,Low
239,240000,50,0,234205,10116,1,0.23012189426192106,Low
27935,180000,28,0,2393,5461,0,0.23012189426192106,Low
1169,80000,23,0,3526,6687,0,0.2969376556285609,Moderate
23403,80000,48,0,3188,6239,0,0.2969376556285609,Moderate
8067,180000,29,0,122024,4500,0,0.23012189426192106,Low
28575,180000,30,1,0,3095,0,0.3396499288321693,Elevated
13139,140000,32,0,129371,5650,0,0.23012189426192106,Low
25076,400000,48,0,3173,4265,0,0.23012189426192106,Low
20060,150000,47,0,39139,15374,0,0.23012189426192106,Low
28358,210000,32,0,576,3578,0,0.3697892966663365,Elevated
25108,30000,50,0,28796,1609,0,0.38283804163614554,Elevated
10576,100000,31,2,84886,4100,1,0.9260126453015733,Very High
28407,120000,28,1,0,0,0,0.6088952019010146,High
10837,50000,44,0,16726,2000,0,0.41588151022565645,Elevated
8684,380000,34,0,106065,3385,0,0.23012189426192106,Low
20329,50000,55,0,1100,0,0,0.4787548264965612,High
21059,30000,32,0,5066,6367,0,0.38283804163614554,Elevated
2053,140000,42,0,176,395,0,0.4787548264965612,High
227,350000,44,0,3265,2686,0,0.347541273276117,Elevated
21440,360000,26,0,358897,14245,1,0.23012189426192106,Low
14600,90000,34,0,1905,1924,0,0.347541273276117,Elevated
14970,180000,31,0,4582,1359,1,0.4787548264965612,High
29632,50000,30,0,46652,2014,0,0.41588151022565645,Elevated
6811,10000,30,0,7930,1200,0,0.4787548264965612,High
14052,300000,26,0,3853,1946,0,0.2969376556285609,Moderate
27357,340000,31,0,342299,14000,0,0.23012189426192106,Low
12488,90000,46,0,1609,1372,0,0.347541273276117,Elevated
21722,60000,22,0,57484,3000,0,0.38283804163614554,Elevated
8809,80000,25,1,5999,0,1,0.7735534076852892,Very High
12403,270000,40,0,26183,1826,1,0.2969376556285609,Moderate
23872,360000,29,0,0,0,0,0.4787548264965612,High
4187,180000,46,0,109114,2835,0,0.2969376556285609,Moderate
29310,140000,26,1,146023,6,1,0.7132952380403815,Very High
8165,290000,56,0,222000,10013,0,0.23012189426192106,Low
16583,180000,26,0,8516,0,1,0.4787548264965612,High
5914,150000,26,0,94347,5000,0,0.23012189426192106,Low
15973,30000,48,0,25265,2000,1,0.6832214599145177,Very High
2747,80000,34,2,76142,6611,1,0.8837290745778793,Very High
2271,70000,23,0,3082,1500,0,0.38283804163614554,Elevated
9045,500000,36,0,51465,24201,0,0.23012189426192106,Low
5288,200000,57,0,79761,3500,0,0.23012189426192106,Low
23070,200000,45,0,8934,0,0,0.6832214599145177,Very High
1226,20000,22,0,19624,1000,1,0.4787548264965612,High
17665,120000,47,0,97989,5100,0,0.23012189426192106,Low
14836,80000,38,0,77929,3006,0,0.23012189426192106,Low
3049,480000,38,0,384150,15000,0,0.23012189426192106,Low
8668,10000,44,0,390,390,1,0.4787548264965612,High
6013,360000,47,0,1458,0,1,0.347541273276117,Elevated
66,200000,57,0,152519,0,1,0.4787548264965612,High
19484,140000,48,0,121096,4407,0,0.23012189426192106,Low
2525,20000,23,0,5044,1011,0,0.20287159931475213,Low
11520,10000,46,0,6772,1128,1,0.4787548264965612,High
19596,430000,42,2,282880,12700,1,0.9260126453015733,Very High
21840,200000,24,0,19326,1330,0,0.4787548264965612,High
3436,280000,40,1,-10,0,0,0.6088952019010146,High
25899,90000,32,0,86076,3012,0,0.23012189426192106,Low
5361,20000,26,0,14554,1260,0,0.4787548264965612,High
9811,120000,33,0,52266,2522,0,0.23012189426192106,Low
25646,40000,44,2,35515,1550,1,0.9260126453015733,Very High
29254,50000,25,0,47410,2100,0,0.38283804163614554,Elevated
25396,20000,24,0,4687,15000,0,0.38283804163614554,Elevated
8958,480000,37,0,5269,2217,0,0.347541273276117,Elevated
14741,160000,58,1,0,0,0,0.8499312992672737,Very High
19254,70000,44,0,34135,2020,0,0.38283804163614554,Elevated
8933,240000,42,1,187558,6700,1,0.5382018784947318,High
21963,150000,27,0,-3706,3449,0,0.347541273276117,Elevated
6176,50000,25,2,32233,0,0,0.8837290745778793,Very High
24658,180000,43,0,2745,3884,0,0.23012189426192106,Low
11712,150000,27,0,61606,5000,0,0.2969376556285609,Moderate
13306,270000,37,0,396,396,1,0.4787548264965612,High
20593,50000,27,0,17831,1295,0,0.4787548264965612,High
3755,350000,41,0,57956,15987,0,0.23012189426192106,Low
7618,80000,24,0,2152,2245,1,0.6550539400917675,Very High
23687,360000,54,0,132387,11606,0,0.23012189426192106,Low
13034,180000,25,0,3231,15000,0,0.2969376556285609,Moderate
4902,20000,50,0,8612,2202,0,0.570501077187048,High
2553,20000,31,0,15654,1330,1,0.4787548264965612,High
9857,20000,28,2,18540,2000,1,0.8837290745778793,Very High
19782,240000,40,0,390,390,0,0.4787548264965612,High
24146,280000,28,0,10296,3543,0,0.2969376556285609,Moderate
25039,500000,58,0,201013,8366,0,0.23012189426192106,Low
6060,350000,36,0,352032,13068,0,0.23012189426192106,Low
12276,50000,38,0,41724,5000,0,0.38283804163614554,Elevated
24148,70000,29,0,17103,1500,1,0.4787548264965612,High
3912,90000,27,1,0,0,0,0.6088952019010146,High
27514,330000,57,0,3524,300,0,0.4787548264965612,High
19286,160000,32,0,2812,1222,1,0.4787548264965612,High
20716,180000,39,0,24068,1706,0,0.23012189426192106,Low
23514,240000,30,0,236823,10279,0,0.23012189426192106,Low
16786,60000,29,1,43434,2100,1,0.7132952380403815,Very High
24894,260000,39,0,5992,1116,0,0.4787548264965612,High
7071,80000,40,0,28054,3600,1,0.570501077187048,High
29171,60000,53,1,8735,0,1,0.7132952380403815,Very High
7025,200000,25,0,22371,2569,0,0.23012189426192106,Low
14471,220000,48,3,2500,0,1,0.8837290745778793,Very High
11708,150000,24,1,170971,39,0,0.7132952380403815,Very High
16072,50000,35,0,40506,5000,0,0.38283804163614554,Elevated
26775,30000,32,2,32704,0,0,0.8837290745778793,Very High
15989,70000,23,0,7531,1145,1,0.2712812631662762,Moderate
613,50000,37,0,48226,2000,0,0.38283804163614554,Elevated
2539,250000,42,0,25298,0,0,0.4787548264965612,High
6262,240000,28,0,209848,10000,0,0.23012189426192106,Low
26504,80000,55,0,72462,3000,0,0.2969376556285609,Moderate
7299,110000,57,0,16090,2000,0,0.2969376556285609,Moderate
15614,120000,30,0,121038,4700,0,0.23012189426192106,Low
27626,50000,24,0,594,0,0,0.2712812631662762,Moderate
29086,220000,56,1,0,0,0,0.8499312992672737,Very High
18919,190000,28,2,155335,8000,1,0.9260126453015733,Very High
27024,10000,41,0,4520,2000,0,0.38283804163614554,Elevated
23510,110000,31,1,76817,15200,0,0.7735534076852892,Very High
20718,100000,39,0,74053,3274,0,0.23012189426192106,Low
2214,210000,25,0,13899,0,0,0.2712812631662762,Moderate
19714,290000,27,0,-4,0,0,0.4787548264965612,High
26222,250000,37,1,0,0,0,0.3396499288321693,Elevated
16857,150000,45,2,152180,9500,0,0.8837290745778793,Very High
10876,400000,40,0,4750,0,1,0.4787548264965612,High
17402,50000,48,0,879,8061,0,0.41588151022565645,Elevated
3658,150000,31,0,104014,5500,0,0.23012189426192106,Low
6288,200000,33,0,105775,3493,0,0.23012189426192106,Low
12199,200000,29,0,170707,6017,0,0.23012189426192106,Low
13190,90000,55,0,82901,1544,0,0.23012189426192106,Low
27344,120000,31,0,15665,2647,0,0.347541273276117,Elevated
25873,180000,33,0,4160,7817,0,0.23012189426192106,Low
12255,110000,34,0,15908,4013,0,0.570501077187048,High
26395,30000,30,3,29508,1900,0,0.8837290745778793,Very High
27944,360000,28,0,276,0,0,0.4787548264965612,High
5707,350000,48,0,181212,6046,0,0.23012189426192106,Low
28254,50000,38,0,51023,2300,0,0.38283804163614554,Elevated
6654,80000,40,0,46982,1728,1,0.2969376556285609,Moderate
21553,50000,23,0,900,3147,0,0.38283804163614554,Elevated
15718,250000,34,0,6461,8117,0,0.23012189426192106,Low
7354,230000,27,0,3257,1816,0,0.347541273276117,Elevated
20706,90000,39,0,36703,2000,0,0.23012189426192106,Low
19027,80000,29,0,63899,2500,1,0.23012189426192106,Low
9359,450000,28,0,9845,3000,0,0.23012189426192106,Low
18884,120000,32,1,0,0,0,0.6088952019010146,High
21151,110000,44,0,102274,3734,0,0.23012189426192106,Low
211,220000,24,0,105607,5000,0,0.23012189426192106,Low
2248,280000,36,1,168708,8000,1,0.5382018784947318,High
23304,50000,25,0,37034,1586,0,0.41588151022565645,Elevated
2086,230000,28,1,0,0,0,0.6088952019010146,High
19541,360000,32,0,16039,5000,0,0.23012189426192106,Low
16393,80000,40,0,7111,6500,0,0.23012189426192106,Low
22033,50000,28,0,10051,5000,0,0.38283804163614554,Elevated
10137,50000,26,0,48457,1351,0,0.4787548264965612,High
11028,360000,28,0,207571,6114,0,0.23012189426192106,Low
12961,20000,40,0,20324,1500,0,0.20287159931475213,Low
1389,220000,39,0,75190,100000,0,0.23012189426192106,Low
28368,300000,37,0,8756,26,0,0.347541273276117,Elevated
24687,730000,37,0,70309,20000,0,0.23012189426192106,Low
805,220000,29,0,31037,3050,0,0.2969376556285609,Moderate
10593,80000,26,0,5844,1067,0,0.4787548264965612,High
27134,500000,47,0,1665,1666,0,0.347541273276117,Elevated
10755,220000,31,0,2828,2828,0,0.347541273276117,Elevated
6738,390000,47,1,0,3760,0,0.6088952019010146,High
8179,50000,29,2,39634,2000,1,0.9260126453015733,Very High
3251,130000,27,0,86883,40000,0,0.23012189426192106,Low
21042,50000,47,0,48017,2488,0,0.38283804163614554,Elevated
16581,290000,29,0,783,2838,0,0.2969376556285609,Moderate
18018,50000,46,0,48060,2326,0,0.38283804163614554,Elevated
4832,280000,42,0,173092,5853,1,0.23012189426192106,Low
14533,180000,43,0,7823,9549,0,0.23012189426192106,Low
26467,210000,49,0,991,6035,1,0.23012189426192106,Low
23108,240000,37,0,157668,10762,0,0.23012189426192106,Low
19937,240000,36,0,176035,25228,0,0.3697892966663365,Elevated
2656,260000,35,2,1013,0,1,0.7660818893216393,Very High
17949,50000,37,0,28951,1765,0,0.38283804163614554,Elevated
2082,160000,33,0,7429,8000,0,0.23012189426192106,Low
23252,50000,45,0,15240,1574,0,0.38283804163614554,Elevated
14189,50000,35,0,41970,1291,0,0.4787548264965612,High
3552,500000,46,0,3580,18785,0,0.23012189426192106,Low
20394,170000,40,0,171650,6384,0,0.23012189426192106,Low
26378,420000,37,0,101987,6000,0,0.23012189426192106,Low
18390,200000,23,0,72853,2933,0,0.23012189426192106,Low
11631,410000,25,0,4151,4357,0,0.23012189426192106,Low
10973,50000,22,0,50089,1798,0,0.41588151022565645,Elevated
26488,80000,50,0,7506,0,0,0.4787548264965612,High
6315,140000,28,0,132880,6400,0,0.23012189426192106,Low
3060,180000,26,0,24464,1573,0,0.23012189426192106,Low
11287,200000,42,0,1554,1345,0,0.4787548264965612,High
12916,170000,34,0,172095,6317,0,0.23012189426192106,Low
27599,190000,29,0,0,0,0,0.4787548264965612,High
1484,360000,32,0,389,389,0,0.347541273276117,Elevated
13878,120000,37,0,396,396,0,0.2712812631662762,Moderate
9597,30000,41,0,9736,1182,0,0.4787548264965612,High
17169,50000,26,0,46879,2569,0,0.38283804163614554,Elevated
9883,70000,47,1,30950,3107,0,0.6088952019010146,High
2268,230000,33,0,9530,7000,0,0.3697892966663365,Elevated
7983,150000,38,1,139005,0,0,0.7132952380403815,Very High
18246,440000,79,0,429309,15715,0,0.23012189426192106,Low
7918,60000,25,0,57530,3869,0,0.38283804163614554,Elevated
5254,200000,63,0,316,316,0,0.4787548264965612,High
4276,270000,34,2,275572,10332,1,0.8837290745778793,Very High
15423,500000,54,0,260356,18609,0,0.23012189426192106,Low
23603,300000,33,2,279065,0,1,0.8837290745778793,Very High
3584,10000,51,2,3577,2500,1,0.8837290745778793,Very High
26249,120000,31,0,1680,17749,0,0.23012189426192106,Low
27612,50000,26,0,43800,2043,0,0.38283804163614554,Elevated
3424,60000,43,0,60283,3000,1,0.38283804163614554,Elevated
18093,80000,35,2,88027,3264,1,0.8837290745778793,Very High
11330,150000,25,2,156252,3468,0,0.8837290745778793,Very High
789,80000,29,0,11894,1284,0,0.4787548264965612,High
619,60000,25,0,58839,2018,0,0.38283804163614554,Elevated
27632,50000,23,2,54866,1000,1,0.8837290745778793,Very High
26549,90000,53,0,827,0,0,0.347541273276117,Elevated
27987,250000,30,0,18751,5000,0,0.23012189426192106,Low
3031,120000,37,0,32050,3872,0,0.23012189426192106,Low
17244,110000,38,0,105433,4008,0,0.23012189426192106,Low
3672,80000,26,0,509,525,0,0.347541273276117,Elevated
27021,280000,32,1,0,0,1,0.6088952019010146,High
10722,30000,28,0,6359,1230,0,0.4787548264965612,High
506,160000,35,0,396,396,0,0.4787548264965612,High
5717,280000,41,0,99755,3000,0,0.23012189426192106,Low
18580,30000,25,1,13785,0,0,0.7735534076852892,Very High
25491,20000,22,1,18761,0,0,0.7132952380403815,Very High
14194,50000,41,0,46631,2100,0,0.41588151022565645,Elevated
27994,50000,29,0,6161,3500,0,0.570501077187048,High
14139,50000,35,0,49008,2171,0,0.38283804163614554,Elevated
28188,210000,34,0,326,983,1,0.4787548264965612,High
16381,90000,33,0,33035,2000,1,0.5348990689804838,High
25568,500000,27,0,195140,11613,0,0.23012189426192106,Low
25245,30000,25,0,640,30013,0,0.38283804163614554,Elevated
22905,150000,30,1,0,0,0,0.6088952019010146,High
27121,150000,31,0,19057,1500,0,0.4787548264965612,High
4528,60000,27,1,49099,1800,1,0.7132952380403815,Very High
27499,500000,55,2,613860,37300,1,0.8837290745778793,Very High
16144,550000,39,0,67886,3688,0,0.23012189426192106,Low
14008,20000,29,0,3417,4,1,0.4787548264965612,High
27098,580000,35,0,9238,0,0,0.347541273276117,Elevated
17473,80000,29,0,24822,1720,0,0.2969376556285609,Moderate
6272,10000,23,2,2400,0,1,0.9260126453015733,Very High
20183,160000,28,0,15525,34604,0,0.23012189426192106,Low
15931,310000,29,0,13158,1062,0,0.347541273276117,Elevated
9187,100000,35,0,1131,291,0,0.4787548264965612,High
7132,200000,34,0,189279,10000,0,0.23012189426192106,Low
3590,70000,26,3,49201,0,1,0.9260126453015733,Very High
825,40000,27,0,11058,2000,1,0.41588151022565645,Elevated
9451,500000,44,0,150758,63256,0,0.23012189426192106,Low
508,180000,28,0,42238,2500,0,0.23012189426192106,Low
28185,220000,33,0,204144,6500,0,0.23012189426192106,Low
17523,120000,44,0,16735,2000,0,0.23012189426192106,Low
17708,90000,33,0,92725,8500,0,0.570501077187048,High
8023,60000,27,0,10908,8331,0,0.41588151022565645,Elevated
17185,260000,26,0,16150,2000,0,0.23012189426192106,Low
18085,130000,29,1,0,0,0,0.6088952019010146,High
3585,140000,28,0,25184,5000,0,0.23012189426192106,Low
20076,250000,49,0,41075,5000,0,0.23012189426192106,Low
6443,360000,27,0,0,0,0,0.347541273276117,Elevated
2767,180000,36,0,98736,6025,0,0.23012189426192106,Low
28205,300000,39,0,1028,0,1,0.4787548264965612,High
2367,400000,66,0,258070,47000,0,0.2969376556285609,Moderate
9111,380000,46,2,88069,4400,1,0.9260126453015733,Very High
2645,170000,49,1,153322,0,1,0.5382018784947318,High
21575,150000,23,0,11329,1219,0,0.4787548264965612,High
865,200000,32,0,43515,1739,0,0.23012189426192106,Low
2734,170000,31,2,520,1339,0,0.6670123550244665,Very High
19488,180000,28,1,0,0,0,0.6088952019010146,High
28279,280000,45,0,294995,26345,0,0.23012189426192106,Low
14278,20000,47,1,17624,1300,0,0.7132952380403815,Very High
13727,360000,36,0,2471,1000,0,0.347541273276117,Elevated
13705,500000,32,0,11086,23008,0,0.23012189426192106,Low
525,210000,32,0,67374,3200,0,0.23012189426192106,Low
16019,500000,28,0,229258,10042,0,0.23012189426192106,Low
1957,220000,42,2,2500,0,1,0.9260126453015733,Very High
1108,120000,47,0,1188,2512,0,0.347541273276117,Elevated
4357,170000,34,0,166851,5000,0,0.23012189426192106,Low
10323,20000,25,1,15863,0,0,0.7132952380403815,Very High
24178,140000,30,0,132970,6334,0,0.23012189426192106,Low
15388,30000,45,0,26958,4000,0,0.38283804163614554,Elevated
20381,50000,23,0,43087,2100,1,0.38283804163614554,Elevated
1355,50000,27,0,9877,1140,0,0.4787548264965612,High
3627,50000,37,0,50701,2202,0,0.38283804163614554,Elevated
10773,50000,23,1,10393,0,0,0.7132952380403815,Very High
4352,60000,25,0,34733,3600,1,0.570501077187048,High
1566,50000,29,0,2087,1000,0,0.4787548264965612,High
18460,30000,23,0,20194,5000,0,0.570501077187048,High
6712,80000,23,0,6085,1128,0,0.4787548264965612,High
12168,500000,32,0,33763,10000,0,0.23012189426192106,Low
6564,70000,39,0,67474,3100,0,0.38283804163614554,Elevated
13351,310000,36,0,6514,8619,0,0.23012189426192106,Low
13650,500000,29,0,8898,1283,0,0.347541273276117,Elevated
11524,50000,26,0,42040,2000,0,0.38283804163614554,Elevated
24756,250000,39,0,1852,0,0,0.2712812631662762,Moderate
5460,360000,53,0,45421,68536,0,0.23012189426192106,Low
28065,80000,36,0,74652,3700,0,0.23012189426192106,Low
1096,670000,29,0,244663,10000,0,0.23012189426192106,Low
12974,250000,29,0,520,2047,0,0.2969376556285609,Moderate
23818,500000,50,0,588,2393,1,0.347541273276117,Elevated
6695,50000,24,0,6716,1290,0,0.4787548264965612,High
22553,80000,35,0,54986,1966,0,0.23012189426192106,Low
1826,360000,30,0,23900,0,0,0.2712812631662762,Moderate
1567,280000,37,0,29078,1515,0,0.23012189426192106,Low
17241,70000,34,1,76023,0,0,0.7132952380403815,Very High
11878,200000,30,0,67825,10000,0,0.23012189426192106,Low
18096,300000,38,0,113807,4511,0,0.23012189426192106,Low
307,500000,36,0,10483,23962,0,0.2969376556285609,Moderate
22058,330000,27,0,37587,2000,0,0.23012189426192106,Low
12282,50000,37,2,48716,2213,1,0.8837290745778793,Very High
12735,170000,38,1,0,0,1,0.6088952019010146,High
16407,360000,37,0,1066,0,1,0.4787548264965612,High
8284,20000,51,0,9953,5000,0,0.41588151022565645,Elevated
19800,150000,40,0,0,0,0,0.4787548264965612,High
5595,30000,23,1,-1,605,0,0.6088952019010146,High
8856,120000,26,0,114815,6159,1,0.23012189426192106,Low
26251,210000,31,0,1332,3848,0,0.23012189426192106,Low
23052,360000,39,0,1220,170,0,0.3697892966663365,Elevated
24430,50000,39,0,39753,2000,1,0.38283804163614554,Elevated
8171,130000,27,0,133792,5000,0,0.23012189426192106,Low
19735,150000,40,0,798,2309,0,0.2969376556285609,Moderate
4808,260000,28,1,-1197,40000,0,0.3396499288321693,Elevated
29653,210000,48,0,85107,33658,0,0.23012189426192106,Low
25795,220000,37,0,2662,1918,0,0.347541273276117,Elevated
10583,80000,54,0,12011,3794,0,0.23012189426192106,Low
18490,50000,26,2,48510,1800,1,0.8837290745778793,Very High
7359,150000,27,0,146778,6554,0,0.23012189426192106,Low
19575,190000,43,0,93359,3404,0,0.23012189426192106,Low
21696,270000,25,0,22579,1380,0,0.4787548264965612,High
7512,350000,48,0,0,7900,0,0.2969376556285609,Moderate
8570,360000,32,0,8140,0,0,0.347541273276117,Elevated
28322,200000,28,0,86,7066,1,0.2969376556285609,Moderate
6329,500000,43,0,141323,5000,0,0.23012189426192106,Low
11370,10000,23,0,17834,1033,0,0.38283804163614554,Elevated
21445,110000,28,0,65024,2500,0,0.23012189426192106,Low
3069,160000,23,0,96814,10008,0,0.23012189426192106,Low
2821,30000,38,2,28484,1905,0,0.8837290745778793,Very High
5680,50000,52,0,0,0,0,0.4787548264965612,High
2080,230000,43,1,9462,1000,0,0.7735534076852892,Very High
19505,450000,40,0,799,0,0,0.4787548264965612,High
20749,360000,34,0,49792,3444,0,0.23012189426192106,Low
23880,360000,27,0,2807,898,0,0.347541273276117,Elevated
27231,200000,36,2,89082,4000,1,0.8837290745778793,Very High
23539,250000,36,0,2200,0,0,0.2712812631662762,Moderate
21827,260000,26,0,145165,6500,0,0.23012189426192106,Low
656,280000,39,0,2082,3597,1,0.347541273276117,Elevated
17599,30000,30,0,24061,1800,1,0.41588151022565645,Elevated
12083,160000,56,0,2992,4562,0,0.2969376556285609,Moderate
20339,50000,58,1,39649,1500,0,0.8800187576626742,Very High
22515,100000,32,0,101556,3481,0,0.23012189426192106,Low
26548,520000,54,0,653062,28500,0,0.23012189426192106,Low
25855,130000,30,0,5002,2437,0,0.347541273276117,Elevated
9343,20000,50,0,16350,1300,0,0.4787548264965612,High
23705,50000,53,2,40926,3000,1,0.9260126453015733,Very High
14160,220000,36,0,5385,5363,1,0.23012189426192106,Low
29913,450000,31,0,5000,5000,0,0.23012189426192106,Low
11369,180000,63,0,1344,0,1,0.4787548264965612,High
22253,420000,27,0,15000,15000,0,0.23012189426192106,Low
14856,30000,46,1,8891,28001,0,0.5087149171511306,High
2698,30000,26,0,28063,1700,0,0.41588151022565645,Elevated
24587,200000,33,0,1201,0,0,0.4787548264965612,High
8118,150000,42,2,143896,6482,1,0.8837290745778793,Very High
25572,300000,34,0,59900,3500,0,0.23012189426192106,Low
17673,210000,46,0,112901,4910,0,0.23012189426192106,Low
8731,30000,22,0,22479,2004,0,0.38283804163614554,Elevated
29581,180000,36,0,85703,3614,0,0.23012189426192106,Low
13862,110000,44,0,13348,67431,1,0.23012189426192106,Low
14726,30000,43,0,26828,1588,0,0.38283804163614554,Elevated
5593,30000,49,3,26319,1800,0,0.9260126453015733,Very High
18510,180000,25,0,2654,0,0,0.4787548264965612,High
16883,150000,38,0,6682,2669,0,0.347541273276117,Elevated
5450,380000,57,0,319243,150039,0,0.23012189426192106,Low
2035,50000,25,0,574,801,0,0.4787548264965612,High
17380,30000,28,0,12430,1200,0,0.6832214599145177,Very High
13665,20000,39,0,8799,1171,0,0.38283804163614554,Elevated
12039,260000,28,0,154489,6000,0,0.23012189426192106,Low
14419,20000,40,2,17761,4000,0,0.8837290745778793,Very High
14718,50000,32,2,16434,1688,0,0.8837290745778793,Very High
13954,370000,27,0,63412,100000,0,0.23012189426192106,Low
21589,500000,37,0,315,2579,0,0.347541273276117,Elevated
7033,50000,31,0,52754,3000,0,0.38283804163614554,Elevated
18867,170000,30,0,165327,7400,0,0.23012189426192106,Low
14055,30000,51,0,10874,1205,0,0.4787548264965612,High
1603,100000,53,0,101503,1538,0,0.23012189426192106,Low
6873,240000,30,0,53812,2010,0,0.347541273276117,Elevated
3931,100000,40,0,37596,1000,0,0.4787548264965612,High
8172,230000,32,1,0,0,1,0.6088952019010146,High
22827,150000,32,0,75918,3525,0,0.2969376556285609,Moderate
29061,300000,52,0,293174,15000,0,0.23012189426192106,Low
14863,70000,41,0,32581,2000,0,0.41588151022565645,Elevated
28970,50000,40,0,52841,1860,0,0.38283804163614554,Elevated
26873,560000,40,0,487816,15933,0,0.23012189426192106,Low
26596,120000,30,0,0,0,0,0.4787548264965612,High
11170,290000,36,0,16082,27411,0,0.23012189426192106,Low
23396,70000,39,0,54801,5336,0,0.41588151022565645,Elevated
9858,70000,50,2,56781,2,1,0.8837290745778793,Very High
22739,260000,30,0,235961,7988,0,0.23012189426192106,Low
22320,200000,27,0,0,0,0,0.4787548264965612,High
7660,70000,36,2,81719,5000,0,0.8837290745778793,Very High
11163,240000,30,0,0,0,0,0.347541273276117,Elevated
10186,150000,40,0,56690,3606,1,0.23012189426192106,Low
7567,50000,37,0,28522,1849,0,0.38283804163614554,Elevated
6499,200000,32,0,940,174,0,0.347541273276117,Elevated
3125,80000,37,0,5744,33115,0,0.2969376556285609,Moderate
23644,200000,31,0,2167,9003,0,0.2969376556285609,Moderate
9113,30000,22,0,18830,0,0,0.4787548264965612,High
28237,400000,40,0,30179,35729,0,0.23012189426192106,Low
3032,20000,22,0,8134,2000,0,0.570501077187048,High
2778,500000,55,0,3925,11253,0,0.23012189426192106,Low
29124,50000,54,0,46137,2000,0,0.38283804163614554,Elevated
13493,20000,58,0,17241,1500,0,0.4787548264965612,High
4260,50000,37,1,28731,0,1,0.7132952380403815,Very High
4896,240000,41,0,3973,3724,0,0.23012189426192106,Low
23708,280000,64,0,22715,15506,0,0.6550539400917675,Very High
826,170000,33,1,0,7042,0,0.6088952019010146,High
6960,260000,32,0,8161,2000,0,0.23012189426192106,Low
189,130000,34,1,0,5396,0,0.3396499288321693,Elevated
9143,80000,34,1,46461,2100,1,0.7735534076852892,Very High
3137,20000,28,0,17359,2700,0,0.38283804163614554,Elevated
5065,20000,53,0,16039,4000,1,0.7549348273892288,Very High
26668,20000,26,0,18838,1200,0,0.4787548264965612,High
4890,70000,36,0,67864,2044,0,0.38283804163614554,Elevated
4864,290000,37,0,3486,550,1,0.347541273276117,Elevated
18672,30000,22,0,0,0,0,0.4787548264965612,High
17754,330000,55,0,21333,5000,0,0.23012189426192106,Low
16255,80000,29,0,59520,2753,1,0.5348990689804838,High
22550,180000,35,0,3544,0,0,0.4787548264965612,High
25931,210000,30,0,215842,9500,0,0.23012189426192106,Low
23974,50000,25,0,18164,1900,0,0.38283804163614554,Elevated
26058,50000,27,2,11275,27234,1,0.8837290745778793,Very High
6895,60000,43,2,46806,2000,1,0.9260126453015733,Very High
28761,140000,33,0,89226,3133,0,0.2969376556285609,Moderate
24369,330000,37,0,0,0,0,0.4787548264965612,High
15956,210000,30,0,7264,2000,0,0.23012189426192106,Low
13435,70000,30,0,36201,1586,0,0.41588151022565645,Elevated
17976,80000,42,0,78216,2115,0,0.23012189426192106,Low
7974,50000,34,0,780,0,0,0.6550539400917675,Very High
3259,530000,32,0,12451,24120,0,0.23012189426192106,Low
4194,10000,22,1,8352,0,0,0.7735534076852892,Very High
16446,80000,50,0,46239,1754,0,0.23012189426192106,Low
20721,210000,34,0,42617,30020,0,0.23012189426192106,Low
25532,200000,34,0,0,0,0,0.4787548264965612,High
16847,50000,45,0,42931,6004,0,0.38283804163614554,Elevated
21393,150000,54,1,23959,0,1,0.8800187576626742,Very High
3673,100000,26,0,26273,0,1,0.4787548264965612,High
781,230000,29,0,40732,5000,0,0.7549348273892288,Very High
2474,50000,47,0,32516,1870,0,0.38283804163614554,Elevated
5409,60000,33,0,52176,2000,0,0.38283804163614554,Elevated
14467,420000,47,0,10517,15585,0,0.23012189426192106,Low
4624,50000,41,0,52260,1679,0,0.38283804163614554,Elevated
15455,20000,23,2,7130,2455,1,0.8837290745778793,Very High
17094,80000,24,0,74377,3000,0,0.23012189426192106,Low
2967,50000,46,0,49083,1463,0,0.38283804163614554,Elevated
7258,60000,24,0,58143,3044,1,0.41588151022565645,Elevated
17143,80000,26,0,32183,2820,1,0.5348990689804838,High
12322,200000,26,0,105433,5498,0,0.5348990689804838,High
5955,200000,26,0,103194,5500,0,0.23012189426192106,Low
21052,200000,41,0,20950,182,0,0.347541273276117,Elevated
28520,80000,24,0,19188,1374,0,0.4787548264965612,High
7892,290000,52,0,302396,2000,0,0.347541273276117,Elevated
436,270000,32,1,234752,10000,1,0.7735534076852892,Very High
8490,180000,34,0,194,200,0,0.4787548264965612,High
7123,390000,45,2,185204,0,1,0.8837290745778793,Very High
18301,30000,47,0,15979,2000,0,0.38283804163614554,Elevated
28039,200000,29,0,204134,8000,1,0.23012189426192106,Low
13531,60000,60,0,390,390,0,0.38283804163614554,Elevated
17620,180000,33,2,118656,10000,1,0.9260126453015733,Very High
13750,130000,33,0,10653,13,0,0.23012189426192106,Low
15304,140000,41,0,114133,10000,1,0.23012189426192106,Low
15558,260000,31,0,102350,4033,0,0.23012189426192106,Low
13424,50000,53,0,46940,2188,1,0.41588151022565645,Elevated
21244,190000,48,0,6450,189717,0,0.23012189426192106,Low
25095,400000,63,0,52332,42898,0,0.23012189426192106,Low
22657,350000,44,2,309250,12000,1,0.9260126453015733,Very High
25852,100000,43,2,100304,0,1,0.8837290745778793,Very High
24734,90000,34,0,106339,20585,0,0.2969376556285609,Moderate
18512,70000,22,0,66505,2501,1,0.38283804163614554,Elevated
24621,50000,32,0,11030,1203,0,0.4787548264965612,High
17005,50000,22,2,19091,0,0,0.9260126453015733,Very High
24941,60000,38,0,72930,5000,0,0.38283804163614554,Elevated
29261,20000,25,0,13429,1300,0,0.4787548264965612,High
10831,10000,22,2,8631,1238,1,0.8837290745778793,Very High
20465,150000,26,2,164576,0,1,0.8837290745778793,Very High
13251,180000,28,0,2569,2834,0,0.3697892966663365,Elevated
20632,160000,30,0,16754,40453,0,0.23012189426192106,Low
3332,120000,40,0,4180,1000,0,0.4787548264965612,High
10888,60000,57,0,20866,2000,0,0.38283804163614554,Elevated
26568,200000,50,0,390,390,0,0.4787548264965612,High
19744,200000,48,0,93713,1866,0,0.23012189426192106,Low
29319,100000,28,0,188853,5003,0,0.23012189426192106,Low
6047,360000,30,0,70701,10000,0,0.23012189426192106,Low
12319,20000,27,3,16732,1700,1,0.9260126453015733,Very High
11402,390000,31,0,49667,1700,0,0.23012189426192106,Low
12297,420000,32,0,45060,1407,1,0.4787548264965612,High
3304,470000,52,0,84672,5000,0,0.23012189426192106,Low
28938,170000,37,0,397,395,0,0.2712812631662762,Moderate
7024,260000,42,0,50060,5000,0,0.23012189426192106,Low
5478,100000,33,0,82308,3261,0,0.23012189426192106,Low
18679,110000,29,0,7397,2000,0,0.2969376556285609,Moderate
20576,390000,29,0,65354,20000,0,0.23012189426192106,Low
23165,110000,36,0,2002,1056,1,0.347541273276117,Elevated
2937,100000,29,0,65324,2106,0,0.2969376556285609,Moderate
27916,50000,27,3,300,0,1,0.6670123550244665,Very High
20025,90000,44,0,1473,1473,0,0.4787548264965612,High
18042,70000,40,1,79237,0,0,0.7132952380403815,Very High
28669,500000,36,0,-1,230,0,0.2712812631662762,Moderate
15305,90000,38,0,85718,4200,0,0.23012189426192106,Low
7005,210000,29,0,27371,871,0,0.4787548264965612,High
18774,50000,27,2,19410,3000,1,0.8837290745778793,Very High
5922,230000,45,0,107,107,0,0.347541273276117,Elevated
24989,10000,36,1,8803,2620,1,0.7132952380403815,Very High
8442,30000,45,0,29029,2000,0,0.38283804163614554,Elevated
27278,20000,44,1,18330,0,0,0.7132952380403815,Very High
26473,50000,50,0,36149,3000,1,0.38283804163614554,Elevated
1092,250000,31,0,215316,6845,0,0.23012189426192106,Low
25706,430000,29,0,111409,6000,0,0.23012189426192106,Low
488,320000,39,0,93768,3317,0,0.23012189426192106,Low
14416,150000,41,0,80435,3349,0,0.23012189426192106,Low
26345,180000,29,0,0,287,0,0.347541273276117,Elevated
6038,280000,29,0,4356,12384,0,0.23012189426192106,Low
4997,180000,34,0,6892,6892,0,0.23012189426192106,Low
19225,390000,45,0,94373,2230,0,0.2969376556285609,Moderate
20391,80000,25,0,302,0,0,0.347541273276117,Elevated
21936,140000,27,0,136276,7000,0,0.23012189426192106,Low
4763,30000,22,2,26846,2000,1,0.8837290745778793,Very High
4863,80000,32,3,72385,2000,1,0.8837290745778793,Very High
4241,200000,34,0,5879,5884,0,0.23012189426192106,Low
8227,10000,36,0,6517,344,0,0.4787548264965612,High
23244,140000,39,0,127896,7500,0,0.23012189426192106,Low
11101,110000,24,0,105927,2375,0,0.23012189426192106,Low
1426,120000,27,0,316,316,0,0.4787548264965612,High
27628,20000,24,1,19242,3200,1,0.7132952380403815,Very High
16132,270000,42,1,-330,0,0,0.6088952019010146,High
15168,50000,23,0,40760,1500,0,0.4787548264965612,High
15403,100000,54,0,95980,4057,0,0.23012189426192106,Low
5765,80000,22,0,37990,2400,0,0.23012189426192106,Low
25514,50000,26,0,48338,3008,0,0.38283804163614554,Elevated
23260,10000,37,0,5050,5011,0,0.38283804163614554,Elevated
2909,100000,35,0,8102,2500,1,0.570501077187048,High
10531,180000,36,0,787,398,0,0.4787548264965612,High
29081,120000,54,1,-200,0,1,0.5087149171511306,High
9854,50000,45,0,47823,3144,0,0.38283804163614554,Elevated
6014,30000,21,0,28871,1802,0,0.38283804163614554,Elevated
22,120000,39,0,316,316,1,0.4787548264965612,High
13873,50000,26,2,24724,25000,0,0.8837290745778793,Very High
20427,30000,24,0,27880,2000,0,0.41588151022565645,Elevated
4591,200000,45,1,0,479,1,0.6088952019010146,High
8034,50000,25,0,27206,0,0,0.20287159931475213,Low
11956,360000,36,0,331365,15000,0,0.2969376556285609,Moderate
13824,60000,30,0,58920,2319,0,0.38283804163614554,Elevated
25061,50000,55,0,11045,3115,0,0.38283804163614554,Elevated
1535,50000,44,0,15931,2000,0,0.38283804163614554,Elevated
28781,370000,48,0,250264,10004,0,0.23012189426192106,Low
10835,270000,52,0,18758,4937,0,0.23012189426192106,Low
2509,60000,25,0,13123,1500,0,0.38283804163614554,Elevated
13725,50000,23,0,42821,1008,0,0.2712812631662762,Moderate
7266,360000,42,0,0,0,1,0.4787548264965612,High
29160,150000,55,0,14149,18734,0,0.23012189426192106,Low
19972,130000,41,0,8920,1161,0,0.4787548264965612,High
6245,280000,28,0,281663,80019,0,0.23012189426192106,Low
27761,80000,25,0,79986,3000,0,0.23012189426192106,Low
10390,20000,25,2,1650,0,1,0.9260126453015733,Very High
19287,200000,34,0,195380,7632,0,0.23012189426192106,Low
29277,50000,26,0,49006,2000,0,0.38283804163614554,Elevated
16056,200000,46,0,154875,5216,0,0.23012189426192106,Low
22291,20000,32,2,15073,1600,1,0.9260126453015733,Very High
16955,20000,50,0,1956,16573,0,0.41588151022565645,Elevated
29438,160000,29,0,498,682,0,0.2712812631662762,Moderate
12025,90000,28,2,48177,2500,1,0.8837290745778793,Very High
6762,230000,29,0,0,0,0,0.4787548264965612,High
10324,40000,24,1,9958,2500,0,0.7132952380403815,Very High
28566,250000,41,0,22423,60,0,0.23012189426192106,Low
8478,480000,30,0,75834,105,0,0.347541273276117,Elevated
28817,280000,36,0,2874,2888,0,0.347541273276117,Elevated
3070,30000,38,1,30771,0,0,0.7132952380403815,Very High
7162,100000,37,0,177961,3082,1,0.23012189426192106,Low
29455,70000,30,0,2329,55000,1,0.5348990689804838,High
7402,20000,23,0,17030,1315,0,0.4787548264965612,High
15225,60000,28,0,58204,2030,0,0.38283804163614554,Elevated
5644,360000,49,0,15000,0,0,0.4787548264965612,High
165,60000,46,0,21148,3000,0,0.41588151022565645,Elevated
17894,200000,30,0,6589,3449,0,0.347541273276117,Elevated
15788,70000,26,0,105338,3600,0,0.38283804163614554,Elevated
13870,220000,32,0,17715,316,0,0.4787548264965612,High
10058,510000,61,0,181733,17000,0,0.3697892966663365,Elevated
10611,50000,61,0,20907,1672,0,0.38283804163614554,Elevated
11760,100000,51,0,98918,4523,0,0.23012189426192106,Low
18031,90000,34,0,53105,2525,0,0.23012189426192106,Low
4893,50000,47,0,48888,1900,0,0.41588151022565645,Elevated
5293,50000,47,0,49032,2599,0,0.38283804163614554,Elevated
9038,60000,36,1,36544,1700,0,0.7132952380403815,Very High
28868,210000,46,0,50720,3111,0,0.23012189426192106,Low
4104,90000,26,0,11181,3194,0,0.23012189426192106,Low
18256,80000,55,0,80037,63000,0,0.23012189426192106,Low
7170,20000,51,0,10400,0,1,0.4787548264965612,High
4958,60000,27,0,14853,5000,1,0.38283804163614554,Elevated
110,360000,35,1,-103,0,0,0.6088952019010146,High
2946,260000,48,0,266762,11500,0,0.23012189426192106,Low
21346,350000,57,0,262719,11500,0,0.23012189426192106,Low
29919,190000,33,0,144706,6388,0,0.23012189426192106,Low
16343,160000,45,0,108799,3972,0,0.23012189426192106,Low
24588,350000,34,0,38021,3000,0,0.23012189426192106,Low
23435,350000,36,0,1133,0,0,0.4787548264965612,High
5002,500000,45,0,5307,6616,1,0.23012189426192106,Low
24134,130000,29,0,78337,4000,0,0.23012189426192106,Low
2241,380000,45,0,202,37791,0,0.23012189426192106,Low
16665,480000,47,0,10668,0,0,0.4787548264965612,High
25361,260000,26,0,264249,9800,0,0.23012189426192106,Low
28644,460000,35,1,-14,707,0,0.3396499288321693,Elevated
14434,50000,26,0,45431,1811,0,0.41588151022565645,Elevated
6212,50000,52,0,46436,2300,0,0.38283804163614554,Elevated
18840,150000,27,0,346,21379,0,0.2969376556285609,Moderate
3595,500000,42,0,506787,21000,1,0.23012189426192106,Low
21895,30000,27,0,27347,5500,0,0.570501077187048,High
10256,50000,23,0,17528,1000,0,0.4787548264965612,High
6991,20000,59,2,5119,1500,0,0.8837290745778793,Very High
28113,480000,38,0,5619,7600,0,0.23012189426192106,Low
6120,50000,24,2,20632,1700,1,0.9260126453015733,Very High
21673,80000,23,2,71975,3139,1,0.8837290745778793,Very High
13204,220000,24,0,51908,2017,0,0.23012189426192106,Low
7655,30000,24,0,27576,1500,0,0.4787548264965612,High
23737,230000,51,0,0,0,1,0.4787548264965612,High
17879,50000,28,0,8608,2000,0,0.5348990689804838,High
27429,20000,40,0,17613,1590,1,0.41588151022565645,Elevated
23696,120000,51,0,82865,3652,0,0.2969376556285609,Moderate
10796,240000,42,0,159362,146282,0,0.23012189426192106,Low
6383,80000,30,1,82891,0,0,0.7132952380403815,Very High
3351,30000,44,1,23171,0,1,0.8800187576626742,Very High
93,100000,27,0,-2000,7555,0,0.2969376556285609,Moderate
5350,80000,23,1,80461,37,1,0.7735534076852892,Very High
26518,80000,48,0,1198,1150,1,0.4787548264965612,High
8219,30000,46,0,32006,1755,0,0.41588151022565645,Elevated
27233,260000,43,0,1350,0,0,0.4787548264965612,High
24718,30000,29,0,10305,1500,0,0.4787548264965612,High
22009,230000,28,0,111295,4473,0,0.23012189426192106,Low
3966,210000,33,0,137009,20000,0,0.23012189426192106,Low
26912,150000,43,0,88812,3309,0,0.23012189426192106,Low
22628,180000,37,2,326,326,1,0.6670123550244665,Very High
2857,20000,34,0,15907,1498,0,0.4787548264965612,High
22780,350000,41,0,5037,15069,0,0.23012189426192106,Low
29174,360000,64,0,0,4900,0,0.2969376556285609,Moderate
6868,50000,29,0,47373,2000,0,0.38283804163614554,Elevated
7327,360000,30,0,6419,1067,0,0.2712812631662762,Moderate
28529,80000,34,0,71435,2642,0,0.23012189426192106,Low
26221,210000,40,0,316,316,0,0.4787548264965612,High
23432,360000,29,0,0,0,1,0.4787548264965612,High
27270,380000,37,0,288908,12036,0,0.23012189426192106,Low
5988,360000,39,1,0,0,1,0.6088952019010146,High
6178,50000,35,0,57570,2460,1,0.41588151022565645,Elevated
18087,360000,36,0,222,1256,1,0.4787548264965612,High
4933,50000,38,0,51047,1849,0,0.38283804163614554,Elevated
28904,470000,45,0,212948,30000,0,0.23012189426192106,Low
20179,300000,30,0,0,0,0,0.4787548264965612,High
206,20000,43,0,227,22359,0,0.41588151022565645,Elevated
4706,150000,41,1,0,0,0,0.5087149171511306,High
20383,50000,23,0,49276,0,0,0.4787548264965612,High
23237,300000,49,1,0,0,0,0.6088952019010146,High
9767,360000,49,1,-3,633,0,0.5087149171511306,High
24595,380000,47,1,0,0,1,0.6088952019010146,Very High
8021,30000,45,0,30488,1600,1,0.41588151022565645,Elevated
280,250000,31,0,103109,4000,0,0.23012189426192106,Low
3132,150000,24,0,4857,1733,0,0.347541273276117,Elevated
25993,360000,38,0,0,212,0,0.347541273276117,Elevated
14945,180000,43,0,3690,15682,0,0.23012189426192106,Low
10024,50000,39,3,5171,0,0,0.8837290745778793,Very High
28502,20000,39,1,17751,1800,0,0.7132952380403815,Very High
21707,100000,26,0,98530,4301,0,0.23012189426192106,Low
8963,350000,31,0,232501,20000,0,0.23012189426192106,Low
19251,400000,30,0,-38,10446,1,0.23012189426192106,Low
11398,290000,35,0,703,0,1,0.4787548264965612,High
8727,80000,22,0,1812,390,0,0.4787548264965612,High
1444,200000,51,0,3556,5020,0,0.23012189426192106,Low
6077,120000,68,2,125406,4400,1,0.8837290745778793,Very High
27651,20000,54,2,14381,2350,0,0.9260126453015733,Very High
28409,250000,28,0,116861,5000,0,0.23012189426192106,Low
8987,200000,29,0,295,1130,0,0.347541273276117,Elevated
15160,70000,22,2,64838,6000,0,0.8837290745778793,Very High
8481,140000,30,0,4975,1200,0,0.4787548264965612,High
5285,80000,36,2,600,0,1,0.9260126453015733,Very High
12009,20000,24,0,17147,1700,0,0.41588151022565645,Elevated
12360,20000,40,0,13639,1600,0,0.41588151022565645,Elevated
27555,40000,55,1,-150,0,1,0.8499312992672737,Very High
6428,100000,23,0,8002,2000,0,0.23012189426192106,Low
10919,260000,36,0,107030,13011,0,0.23012189426192106,Low
11563,80000,27,0,77967,3565,0,0.23012189426192106,Low
5814,150000,44,0,1365,0,0,0.4787548264965612,High
25735,200000,46,0,10687,18031,0,0.23012189426192106,Low
18825,90000,27,0,83840,3200,0,0.23012189426192106,Low
18264,90000,53,0,24782,3000,1,0.23012189426192106,Low
23000,110000,42,0,106478,3951,0,0.23012189426192106,Low
119,400000,34,0,19660,9677,0,0.23012189426192106,Low
13944,30000,50,0,178,1860,1,0.6550539400917675,Very High
21178,300000,31,0,80928,4000,0,0.23012189426192106,Low
13906,150000,32,0,1663,14045,0,0.2969376556285609,Moderate
3342,140000,28,0,5925,2000,0,0.2969376556285609,Moderate
22748,220000,34,0,3410,1623,0,0.347541273276117,Elevated
8720,100000,27,0,70204,4000,0,0.23012189426192106,Low
8560,110000,27,0,84342,6657,0,0.23012189426192106,Low
23342,120000,30,2,416,416,1,0.6670123550244665,Very High
4049,150000,39,0,76415,4150,1,0.6832214599145177,Very High
14445,490000,28,0,422483,15358,0,0.23012189426192106,Low
5873,80000,30,0,36676,2165,0,0.23012189426192106,Low
16437,50000,52,0,22377,1380,0,0.4787548264965612,High
3502,440000,40,0,54408,5000,0,0.23012189426192106,Low
24575,140000,39,0,92861,3992,0,0.23012189426192106,Low
2081,70000,24,0,69572,2828,0,0.38283804163614554,Elevated
3633,50000,64,0,48369,2384,0,0.38283804163614554,Elevated
4014,20000,22,4,19529,0,1,0.9260126453015733,Very High
4820,50000,35,0,51505,2500,0,0.38283804163614554,Elevated
24556,100000,31,0,91176,6000,0,0.23012189426192106,Low
12770,70000,22,0,9232,68209,0,0.38283804163614554,Elevated
7314,30000,22,0,27447,1923,1,0.41588151022565645,Elevated
7922,20000,24,0,10085,1500,1,0.4787548264965612,High
9230,390000,37,0,178087,10000,0,0.23012189426192106,Low
23908,20000,22,0,19231,1331,1,0.38283804163614554,Elevated
2479,80000,27,0,45920,5013,0,0.23012189426192106,Low
2418,30000,24,2,30279,1500,1,0.8837290745778793,Very High
4410,20000,50,1,-5,5000,0,0.5087149171511306,High
4327,150000,41,0,390,390,0,0.4787548264965612,High
2188,30000,57,0,23978,3478,1,0.5348990689804838,High
15076,520000,34,0,203647,6501,0,0.23012189426192106,Low
28634,60000,35,2,49825,1700,1,0.9260126453015733,Very High
9682,460000,36,0,58312,36570,0,0.23012189426192106,Low
2794,250000,44,1,0,664,0,0.5087149171511306,High
17504,220000,30,0,204491,7000,0,0.23012189426192106,Low
22177,150000,28,2,89336,4027,1,0.8837290745778793,Very High
338,140000,31,0,390,0,0,0.4787548264965612,High
7417,110000,34,2,108180,5000,0,0.9260126453015733,Very High
11379,180000,25,0,4236,2001,0,0.23012189426192106,Low
10265,20000,47,0,16888,1616,0,0.5348990689804838,High
1395,140000,23,0,67505,2000,0,0.23012189426192106,Low
14075,90000,28,1,56889,0,1,0.7735534076852892,Very High
13853,250000,25,0,4769,6720,0,0.23012189426192106,Low
13834,20000,43,0,20212,1415,0,0.2712812631662762,Moderate
9002,260000,31,0,1629,933,0,0.347541273276117,Elevated
25901,500000,28,0,234957,8086,0,0.23012189426192106,Low
28484,390000,41,0,10496,0,0,0.4787548264965612,High
5767,90000,26,0,14692,1269,0,0.4787548264965612,High
1140,230000,47,0,147300,10000,0,0.23012189426192106,Low
17584,260000,49,0,8046,2184,1,0.347541273276117,Elevated
14996,20000,24,0,2500,3068,0,0.41588151022565645,Elevated
28004,510000,30,0,71121,493358,0,0.23012189426192106,Low
25223,70000,23,0,312,1837,0,0.41588151022565645,Elevated
29705,240000,35,1,0,0,0,0.6088952019010146,Very High
25789,200000,33,0,9099,3775,0,0.2969376556285609,Moderate
24926,50000,47,0,50593,1798,0,0.38283804163614554,Elevated
13999,140000,32,0,0,10626,0,0.2969376556285609,Moderate
5261,40000,24,1,36890,0,1,0.7735534076852892,Very High
9033,170000,25,0,26359,1275,0,0.4787548264965612,High
13592,120000,42,0,117059,5026,0,0.23012189426192106,Low
9480,360000,32,1,0,0,1,0.6088952019010146,Very High
29727,60000,36,3,2400,0,1,0.9260126453015733,Very High
23116,30000,47,0,29851,1500,0,0.38283804163614554,Elevated
11895,60000,32,0,56228,2147,0,0.38283804163614554,Elevated
12436,280000,28,0,7370,3420,1,0.347541273276117,Elevated
10247,180000,35,0,95757,3400,0,0.23012189426192106,Low
26552,80000,59,0,80893,2799,1,0.23012189426192106,Low
28554,500000,37,1,5186,0,0,0.5382018784947318,High
20559,50000,32,0,49292,2661,0,0.38283804163614554,Elevated
22089,90000,28,0,2943,906,0,0.4787548264965612,High
21635,50000,23,2,25046,1724,1,0.8837290745778793,Very High
3340,550000,49,0,42141,1522,1,0.2969376556285609,Moderate
17901,50000,28,1,52753,0,0,0.7132952380403815,Very High
8228,110000,35,0,114023,4097,1,0.23012189426192106,Low
21913,30000,22,0,2293,1009,0,0.38283804163614554,Elevated
7305,180000,37,0,78089,3333,0,0.23012189426192106,Low
19203,280000,36,0,183797,6083,0,0.23012189426192106,Low
19416,230000,37,0,312,3186,1,0.347541273276117,Elevated
18579,160000,25,0,154365,7000,0,0.23012189426192106,Low
25705,260000,29,2,792,0,1,0.7660818893216393,Very High
18910,210000,29,0,742,742,0,0.4787548264965612,High
1469,360000,39,0,1761,2816,0,0.2969376556285609,Moderate
5099,120000,26,0,19544,5000,0,0.23012189426192106,Low
4676,90000,29,0,90749,3481,0,0.23012189426192106,Low
22307,100000,27,0,667,0,1,0.6832214599145177,Very High
19996,130000,40,0,133559,5400,0,0.23012189426192106,Low
22689,50000,33,2,40669,3424,1,0.9260126453015733,Very High
7838,290000,27,0,63584,2000,0,0.2969376556285609,Moderate
7104,240000,44,0,47315,3000,0,0.23012189426192106,Low
19136,30000,34,0,26253,1444,0,0.38283804163614554,Elevated
11761,140000,27,1,-488,0,0,0.6088952019010146,Very High
24155,110000,29,2,55700,5000,1,0.8837290745778793,Very High
26817,260000,29,0,2335,1432,0,0.2712812631662762,Moderate
10002,50000,28,0,780,0,0,0.4787548264965612,High
18214,300000,50,0,301731,60000,1,0.23012189426192106,Low
11621,140000,29,0,141740,7001,0,0.23012189426192106,Low
25006,220000,40,0,1208,0,0,0.4787548264965612,High
11935,140000,51,0,4885,650,0,0.2712812631662762,Moderate
7011,310000,43,0,4323,650,0,0.347541273276117,Elevated
15283,240000,28,0,188956,7200,0,0.23012189426192106,Low
29842,320000,47,0,162701,20000,0,0.23012189426192106,Low
28414,80000,28,0,73606,10200,0,0.23012189426192106,Low
11630,110000,48,0,216582,8788,0,0.23012189426192106,Low
29521,50000,34,0,49093,2400,1,0.38283804163614554,Elevated
27461,330000,50,0,-17,0,0,0.4787548264965612,High
10484,110000,43,0,390,5050,0,0.23012189426192106,Low
28174,280000,29,0,0,0,1,0.4787548264965612,High
28750,360000,30,0,2500,0,0,0.4787548264965612,High
7916,400000,29,0,6748,7777,0,0.23012189426192106,Low
22691,140000,38,2,119715,6000,0,0.9260126453015733,Very High
5589,70000,24,0,75894,10004,0,0.38283804163614554,Elevated
15105,180000,39,0,257579,20000,0,0.23012189426192106,Low
18543,150000,24,0,66731,3000,0,0.23012189426192106,Low
26440,150000,48,0,36717,2000,0,0.5348990689804838,High
22369,80000,32,0,77535,3010,0,0.23012189426192106,Low
3513,60000,28,2,43662,0,1,0.9260126453015733,Very High
19047,330000,39,0,94384,4000,0,0.23012189426192106,Low
27540,50000,52,0,47594,2200,1,0.38283804163614554,Elevated
21703,50000,26,2,47510,1744,0,0.8837290745778793,Very High
16263,100000,33,0,42622,5000,0,0.23012189426192106,Low
22544,200000,47,1,0,0,1,0.6088952019010146,Very High
28921,360000,33,1,0,0,1,0.6088952019010146,Very High
10724,500000,32,0,13631,3840,0,0.23012189426192106,Low
11958,230000,48,0,500,14883,0,0.23012189426192106,Low
20614,90000,29,0,500,715,0,0.347541273276117,Elevated
5315,200000,27,1,0,0,0,0.6088952019010146,Very High
22482,150000,36,0,7160,5279,0,0.2969376556285609,Moderate
16220,180000,44,0,7668,2489,1,0.6550539400917675,Very High
12055,80000,60,1,-2,761,1,0.8499312992672737,Very High
5694,50000,42,0,2389,1064,0,0.4787548264965612,High
2683,160000,30,0,632,0,0,0.4787548264965612,High
1690,50000,46,0,13473,0,1,0.6550539400917675,Very High
20448,10000,26,0,4457,1400,0,0.4787548264965612,High
27982,60000,28,0,59650,3376,0,0.38283804163614554,Elevated
27191,230000,29,2,306836,9062,0,0.8837290745778793,Very High
8951,350000,30,0,51672,13113,0,0.23012189426192106,Low
20625,120000,32,0,1166,2000,0,0.2969376556285609,Moderate
14337,380000,33,0,79099,3000,0,0.23012189426192106,Low
19922,30000,44,0,9725,1200,0,0.4787548264965612,High
7517,80000,52,1,0,0,0,0.6088952019010146,Very High
16907,80000,33,0,45524,2000,0,0.23012189426192106,Low
16613,130000,27,2,73561,3500,1,0.8837290745778793,Very High
600,300000,36,0,-475,10000,1,0.3697892966663365,Elevated
13132,60000,28,0,55731,3000,0,0.38283804163614554,Elevated
10834,80000,51,1,-12,0,1,0.5087149171511306,High
28219,20000,47,0,20151,2000,0,0.38283804163614554,Elevated
15250,500000,35,0,416,258,0,0.4787548264965612,High
4142,50000,42,3,34542,1000,0,0.8837290745778793,Very High
278,50000,26,0,1156,316,0,0.4787548264965612,High
9934,410000,31,0,4182,0,1,0.347541273276117,Elevated
21649,450000,25,0,0,0,0,0.4787548264965612,High
16051,150000,45,0,16611,18552,0,0.23012189426192106,Low
1284,260000,34,0,12071,2114,0,0.2969376556285609,Moderate
22092,320000,29,0,34818,1690,0,0.2969376556285609,Moderate
1217,360000,54,0,16230,0,0,0.2712812631662762,Moderate
24033,50000,25,0,28651,14200,1,0.6832214599145177,Very High
29093,200000,52,0,290122,7100,0,0.23012189426192106,Low
9246,130000,33,0,7547,1011,0,0.23012189426192106,Low
2077,20000,49,0,390,678,0,0.4787548264965612,High
11197,120000,28,0,4174,3821,0,0.2969376556285609,Moderate
19506,210000,29,0,145499,4751,0,0.2969376556285609,Moderate
10533,90000,29,0,82410,8000,0,0.23012189426192106,Low
4399,380000,37,0,173252,10069,0,0.23012189426192106,Low
29104,60000,51,0,38788,2065,0,0.38283804163614554,Elevated
28078,230000,46,0,699,699,0,0.4787548264965612,High
28631,260000,35,0,9286,2036,0,0.23012189426192106,Low
20636,20000,30,0,82812,2697,0,0.38283804163614554,Elevated
14927,230000,24,0,35000,35000,0,0.23012189426192106,Low
7377,130000,31,1,120890,5200,0,0.7132952380403815,Very High
17684,70000,36,0,79640,3000,0,0.38283804163614554,Elevated
27923,30000,28,1,24307,0,1,0.7735534076852892,Very High
18116,170000,48,0,6203,5079,0,0.2969376556285609,Moderate
16534,320000,26,0,303703,12167,0,0.23012189426192106,Low
761,50000,52,1,43343,1300,1,0.7132952380403815,Very High
1277,480000,54,0,17189,6026,0,0.23012189426192106,Low
25155,70000,26,2,71862,3500,1,0.8837290745778793,Very High
18613,350000,27,0,83415,4000,0,0.23012189426192106,Low
12926,80000,45,0,79552,3130,0,0.23012189426192106,Low
17276,90000,32,0,1560,23153,0,0.23012189426192106,Low
28268,230000,43,0,7075,1279,0,0.4787548264965612,High
29060,30000,52,0,27964,1720,0,0.38283804163614554,Elevated
18296,360000,54,0,0,0,1,0.4787548264965612,High
9092,240000,50,0,223045,9490,0,0.23012189426192106,Low
9716,210000,26,1,120098,4500,0,0.5382018784947318,High
527,20000,27,1,18649,0,0,0.7132952380403815,Very High
8857,80000,52,2,36649,3700,1,0.9260126453015733,Very High
13574,220000,30,0,596,892,0,0.347541273276117,Elevated
971,300000,42,0,11973,20979,1,0.23012189426192106,Low
6356,120000,34,1,0,0,0,0.3396499288321693,Elevated
17173,90000,27,0,85822,3327,0,0.23012189426192106,Low
11509,330000,33,1,-271,0,0,0.3396499288321693,Elevated
10519,150000,43,0,105416,5800,0,0.23012189426192106,Low
15408,540000,50,0,66637,3100,0,0.23012189426192106,Low
16661,360000,34,0,2739,1206,0,0.347541273276117,Elevated
12661,260000,49,1,0,0,0,0.6088952019010146,Very High
541,200000,38,0,399,0,0,0.4787548264965612,High
2855,50000,25,2,15679,1100,1,0.9260126453015733,Very High
20482,20000,26,0,17961,1513,0,0.5348990689804838,High
2670,10000,43,0,17560,2537,1,0.41588151022565645,Elevated
475,120000,32,0,4158,2682,0,0.2969376556285609,Moderate
24685,50000,34,2,13731,1530,1,0.8837290745778793,Very High
5143,60000,48,0,62652,2300,0,0.38283804163614554,Elevated
6264,230000,29,0,200,840,0,0.4787548264965612,High
4290,100000,52,0,81382,4611,0,0.23012189426192106,Low
15682,30000,25,1,0,1170,1,0.6088952019010146,Very High
25257,60000,23,0,22241,2000,0,0.5348990689804838,High
1193,270000,34,0,381,3406,1,0.347541273276117,Elevated
8729,370000,29,0,28397,19438,0,0.2969376556285609,Moderate
27025,100000,35,2,92590,3251,0,0.8837290745778793,Very High
23895,270000,36,0,276192,11000,0,0.23012189426192106,Low
14622,500000,27,0,33299,60957,0,0.23012189426192106,Low
26011,400000,39,0,52306,3656,0,0.347541273276117,Elevated
24668,200000,41,0,10799,1213,0,0.4787548264965612,High
18574,250000,24,0,0,0,1,0.347541273276117,Elevated
1190,180000,24,0,169263,8000,0,0.23012189426192106,Low
15161,80000,22,2,73954,5400,1,0.8837290745778793,Very High
15667,130000,27,1,133019,6000,0,0.7132952380403815,Very High
8804,10000,28,0,5236,2200,0,0.6550539400917675,Very High
16104,10000,37,0,3305,0,0,0.7549348273892288,Very High
23338,300000,43,0,2936,1676,0,0.2969376556285609,Moderate
8350,80000,29,0,61565,2281,0,0.23012189426192106,Low
3010,30000,25,2,22440,2390,1,0.9260126453015733,Very High
6498,190000,40,0,184276,15000,0,0.23012189426192106,Low
20108,50000,47,0,39296,2000,0,0.38283804163614554,Elevated
8569,220000,50,0,3484,6758,0,0.23012189426192106,Low
2423,80000,39,0,4948,1000,0,0.4787548264965612,High
5297,500000,33,0,125,4366,0,0.347541273276117,Elevated
35,500000,58,0,13709,5006,0,0.23012189426192106,Low
6218,300000,38,1,10361,0,0,0.5382018784947318,High
26909,170000,38,0,2430,2430,0,0.347541273276117,Elevated
6174,160000,48,1,0,0,0,0.6088952019010146,Very High
13969,240000,25,2,178878,6095,1,0.8837290745778793,Very High
24541,230000,37,0,21374,3000,0,0.23012189426192106,Low
29430,50000,30,0,16397,1572,0,0.41588151022565645,Elevated
11807,180000,68,0,127933,15000,0,0.23012189426192106,Low
11314,180000,35,0,0,0,0,0.4787548264965612,High
27172,100000,32,0,83845,4500,0,0.23012189426192106,Low
22820,500000,37,0,43643,4000,0,0.23012189426192106,Low
11315,50000,30,2,50110,1500,1,0.8837290745778793,Very High
28097,50000,39,1,27094,0,1,0.7132952380403815,Very High
28650,370000,46,0,6370,2120,0,0.347541273276117,Elevated
3263,180000,40,0,991,991,0,0.4787548264965612,High
25183,10000,21,2,9917,1400,1,0.8837290745778793,Very High
155,30000,26,0,9014,1700,0,0.41588151022565645,Elevated
18297,20000,31,1,15903,0,1,0.7132952380403815,Very High
27222,300000,36,2,285177,13003,1,0.9260126453015733,Very High
28800,200000,42,1,-105,10000,0,0.6088952019010146,Very High
26319,100000,41,0,0,0,1,0.4787548264965612,High
9133,250000,36,0,168899,10000,0,0.23012189426192106,Low
8771,130000,29,0,9700,0,0,0.4787548264965612,High
11212,130000,26,2,134836,0,1,0.8837290745778793,Very High
29600,100000,38,0,15788,2000,0,0.23012189426192106,Low
20864,130000,43,0,59762,3496,0,0.2969376556285609,Moderate
21044,20000,42,0,15717,1276,0,0.4787548264965612,High
3745,120000,26,0,10415,5771,0,0.23012189426192106,Low
28973,50000,34,0,2435,0,0,0.2712812631662762,Moderate
25520,280000,34,0,38,34163,0,0.3697892966663365,Elevated
3824,200000,39,0,15109,3155,0,0.347541273276117,Elevated
839,420000,34,0,88948,30000,0,0.23012189426192106,Low
12164,50000,42,1,44350,0,0,0.7735534076852892,Very High
27794,420000,25,2,68394,5620,0,0.8837290745778793,Very High
15052,200000,45,0,74416,3061,0,0.23012189426192106,Low
842,350000,31,0,67648,3039,0,0.23012189426192106,Low
17556,180000,31,0,0,1152,0,0.347541273276117,Elevated
10304,210000,51,0,1900,0,0,0.4787548264965612,High
21192,360000,35,0,41327,20059,0,0.23012189426192106,Low
654,450000,42,1,-200,0,1,0.5087149171511306,High
24380,330000,49,0,5813,65,0,0.347541273276117,Elevated
21232,150000,44,0,4825,3018,0,0.347541273276117,Elevated
16274,30000,31,0,9388,1162,0,0.4787548264965612,High
26432,50000,38,0,38945,2511,0,0.38283804163614554,Elevated
23830,240000,50,0,242152,8000,0,0.23012189426192106,Low
25698,140000,39,0,567,1498,0,0.4787548264965612,High
28628,210000,31,0,1983,422,0,0.4787548264965612,High
20327,390000,53,0,611,0,0,0.4787548264965612,High
5442,360000,42,0,18186,9548,0,0.23012189426192106,Low
13927,80000,44,0,10350,1199,0,0.4787548264965612,High
22711,360000,34,0,0,0,1,0.4787548264965612,High
20867,60000,32,1,47908,3000,0,0.7735534076852892,Very High
27202,360000,38,0,1288,2520,0,0.347541273276117,Elevated
9275,50000,38,0,26533,1000,0,0.4787548264965612,High
2828,150000,57,0,5483,9136,0,0.23012189426192106,Low
28275,430000,42,0,89756,3169,0,0.23012189426192106,Low
26544,200000,51,0,2433,735,0,0.2712812631662762,Moderate
7437,30000,24,2,12324,4500,1,0.8837290745778793,Very High
27871,140000,27,0,0,0,0,0.347541273276117,Elevated
24145,30000,28,0,29234,2000,0,0.38283804163614554,Elevated
10376,70000,24,0,68689,3120,0,0.38283804163614554,Elevated
26074,80000,35,1,0,0,0,0.6088952019010146,Very High
29365,20000,22,0,-7,0,0,0.4787548264965612,High
21130,240000,37,1,211808,2000,0,0.5382018784947318,High
14956,50000,44,0,27321,1415,0,0.4787548264965612,High
13247,360000,29,0,90071,3032,0,0.23012189426192106,Low
23466,30000,33,2,29498,1,1,0.8837290745778793,Very High
23654,150000,38,0,1544,463,0,0.4787548264965612,High
29513,50000,45,0,942,942,1,0.4787548264965612,High
17362,100000,42,1,3256,0,0,0.7132952380403815,Very High
17214,50000,24,1,12744,0,1,0.7735534076852892,Very High
10891,110000,32,1,42867,0,1,0.7132952380403815,Very High
13095,20000,55,1,19420,1000,0,0.7132952380403815,Very High
15268,30000,34,1,22419,3207,0,0.7132952380403815,Very High
11226,10000,23,1,11640,0,0,0.7735534076852892,Very High
3647,220000,41,0,10804,34415,0,0.23012189426192106,Low
4704,520000,41,2,435924,0,1,0.8837290745778793,Very High
19528,30000,35,0,31955,1800,1,0.41588151022565645,Elevated
29212,50000,22,0,51159,3000,0,0.38283804163614554,Elevated
4935,30000,22,2,26505,0,0,0.8837290745778793,Very High
24619,20000,41,0,7472,2000,0,0.38283804163614554,Elevated
29642,320000,29,0,225892,9429,0,0.23012189426192106,Low
1844,20000,41,0,18803,36147,1,0.41588151022565645,Elevated
15997,140000,37,0,136431,4849,1,0.23012189426192106,Low
7411,20000,52,0,15768,1285,0,0.4787548264965612,High
25975,70000,33,0,56778,20000,0,0.570501077187048,High
29904,260000,30,0,27378,10018,0,0.23012189426192106,Low
28453,50000,37,0,47832,3010,0,0.38283804163614554,Elevated
16598,450000,29,0,179547,8101,0,0.23012189426192106,Low
16148,140000,34,0,131138,6300,0,0.23012189426192106,Low
20896,390000,41,0,7015,500,0,0.4787548264965612,High
23668,200000,41,0,5592,0,0,0.4787548264965612,High
23468,230000,30,0,168708,10699,0,0.23012189426192106,Low
21105,270000,45,1,0,0,0,0.5087149171511306,High
1148,360000,33,1,71195,0,0,0.5382018784947318,High
17768,320000,53,0,188373,276698,0,0.23012189426192106,Low
9723,360000,34,0,8871,6411,0,0.23012189426192106,Low
15753,30000,22,3,200,0,0,0.6670123550244665,Very High
27451,200000,33,0,12202,4994,0,0.347541273276117,Elevated
29152,30000,60,3,1950,0,1,0.9260126453015733,Very High
9796,250000,40,0,142477,7000,1,0.23012189426192106,Low
3102,280000,28,0,1799,1782,0,0.347541273276117,Elevated
18582,280000,26,0,4664,1578,0,0.2969376556285609,Moderate
8086,500000,35,0,207237,20001,0,0.23012189426192106,Low
9729,280000,46,0,1401,5201,0,0.23012189426192106,Low
16546,30000,26,0,27889,2875,0,0.38283804163614554,Elevated
28886,250000,43,0,331,0,0,0.4787548264965612,High
470,90000,41,0,6160,3276,0,0.347541273276117,Elevated
5704,380000,30,0,3745,745,0,0.4787548264965612,High
2037,250000,32,0,26465,5000,0,0.23012189426192106,Low
28951,280000,33,0,75953,9348,1,0.6832214599145177,Very High
29187,80000,41,0,60588,2505,0,0.5348990689804838,High
24319,210000,39,0,840,1665,0,0.2969376556285609,Moderate
27144,60000,30,0,921,1498,0,0.570501077187048,High
19422,210000,35,0,188,971,1,0.347541273276117,Elevated
24928,220000,35,1,0,0,0,0.6088952019010146,Very High
28203,50000,46,0,3737,0,0,0.38283804163614554,Elevated
27229,30000,40,1,14557,0,1,0.7735534076852892,Very High
4488,20000,24,0,3808,4515,0,0.38283804163614554,Elevated
8454,350000,33,0,314994,12695,1,0.23012189426192106,Low
9315,170000,29,0,5539,1147,1,0.347541273276117,Elevated
18683,120000,27,0,15234,1137,1,0.4787548264965612,High
29172,510000,61,0,187070,8500,0,0.3026740989175491,Moderate
28963,100000,36,0,905,3450,0,0.2969376556285609,Moderate
1293,200000,34,1,-2,760,0,0.3396499288321693,Elevated
12351,20000,21,0,19030,1500,0,0.4787548264965612,High
11013,20000,45,1,4516,700,0,0.5087149171511306,High
22117,300000,29,0,-5478,1220,0,0.4787548264965612,High
12139,50000,25,0,42056,5000,1,0.38283804163614554,Elevated
12721,20000,32,0,14662,1500,0,0.4787548264965612,High
15331,270000,39,0,161039,6000,0,0.23012189426192106,Low
5193,330000,41,0,4122,0,0,0.4787548264965612,High
6374,100000,52,4,101762,3504,1,0.8837290745778793,Very High
15691,20000,24,0,15110,2000,0,0.41588151022565645,Elevated
22593,160000,35,1,0,0,0,0.6088952019010146,Very High
11241,30000,44,2,28290,3600,0,0.8837290745778793,Very High
29946,30000,42,0,28658,1656,0,0.38283804163614554,Elevated
29328,90000,27,0,21506,1600,0,0.23012189426192106,Low
14380,160000,35,0,38486,1652,0,0.23012189426192106,Low
20127,50000,48,0,2896,1500,0,0.570501077187048,High
19365,30000,36,0,8839,0,0,0.38283804163614554,Elevated
16469,50000,50,0,51212,2070,0,0.38283804163614554,Elevated
24063,80000,27,1,83062,0,0,0.7132952380403815,Very High
24824,130000,31,0,26528,1400,0,0.4787548264965612,High
4967,50000,45,0,45982,1421,0,0.4787548264965612,High
26713,30000,26,2,14598,2000,0,0.9260126453015733,Very High
19838,200000,44,0,0,1904,0,0.2969376556285609,Moderate
22047,210000,25,0,66517,3000,0,0.23012189426192106,Low
28012,170000,30,0,66805,5148,0,0.23012189426192106,Low
4369,20000,24,0,625,709,1,0.4787548264965612,High
18771,50000,26,0,6064,0,1,0.4787548264965612,High
1912,170000,31,0,1561,1239,0,0.347541273276117,Elevated
16336,140000,37,1,-18,0,0,0.6088952019010146,Very High
9942,30000,22,0,30397,3500,0,0.6550539400917675,Very High
23109,60000,28,0,46233,2100,0,0.38283804163614554,Elevated
28698,330000,34,0,252755,25000,0,0.23012189426192106,Low
27388,120000,43,0,3972,2816,0,0.2969376556285609,Moderate
5844,10000,37,0,885,1475,0,0.2712812631662762,Moderate
29936,50000,48,0,48187,46895,1,0.38283804163614554,Elevated
19748,180000,40,0,15118,6047,0,0.23012189426192106,Low
5671,340000,40,0,0,0,0,0.4787548264965612,High
1785,400000,34,0,52271,6000,0,0.23012189426192106,Low
18166,50000,42,0,47282,2500,0,0.38283804163614554,Elevated
2454,60000,23,0,59423,5500,0,0.570501077187048,High
13861,150000,32,0,35601,2003,0,0.23012189426192106,Low
1708,310000,29,0,74955,4000,0,0.23012189426192106,Low
8317,320000,45,0,300598,14227,0,0.23012189426192106,Low
13350,390000,38,0,30642,2000,0,0.2969376556285609,Moderate
16402,30000,36,0,23309,2000,0,0.5348990689804838,High
27403,20000,37,0,19701,2000,0,0.41588151022565645,Elevated
2952,80000,24,0,15621,3768,0,0.2969376556285609,Moderate
114,100000,24,0,52128,2000,0,0.23012189426192106,Low
15729,50000,21,0,36809,5143,0,0.38283804163614554,Elevated
16819,30000,34,0,26774,2000,0,0.38283804163614554,Elevated
11005,90000,28,0,62062,2971,0,0.23012189426192106,Low
24076,180000,28,2,187205,5,0,0.8837290745778793,Very High
6794,310000,29,0,182202,5118,0,0.23012189426192106,Low
13934,200000,32,0,34500,36659,0,0.23012189426192106,Low
19952,30000,38,0,1535,835,0,0.38283804163614554,Elevated
10615,120000,28,0,8460,5000,0,0.2969376556285609,Moderate
8205,150000,40,0,123548,4221,0,0.23012189426192106,Low
2732,250000,31,0,-23,3125,1,0.347541273276117,Elevated
19091,70000,34,0,5219,3092,0,0.20287159931475213,Low
13620,80000,25,0,48470,4700,1,0.5348990689804838,High
22096,310000,29,0,594,477,0,0.347541273276117,Elevated
16010,140000,30,0,106526,4000,0,0.23012189426192106,Low
23353,150000,28,0,12780,850,1,0.4787548264965612,High
25844,170000,33,0,143805,10000,0,0.23012189426192106,Low
18587,80000,27,0,390,390,0,0.4787548264965612,High
4885,70000,30,0,17526,3000,1,0.570501077187048,High
19221,30000,47,2,25893,5501,1,0.8837290745778793,Very High
17077,100000,24,3,85016,4200,1,0.9260126453015733,Very High
29207,50000,23,0,11148,3000,0,0.38283804163614554,Elevated
13273,80000,23,1,-12,2333,0,0.3396499288321693,Elevated
17176,180000,29,0,9418,0,0,0.347541273276117,Elevated
7607,90000,25,0,78651,3600,1,0.23012189426192106,Low
19899,130000,33,2,73250,0,1,0.8837290745778793,Very High
7198,100000,39,0,39667,1649,0,0.23012189426192106,Low
8121,90000,53,0,30045,1000,0,0.4787548264965612,High
4770,100000,29,3,87791,0,1,0.8837290745778793,Very High
19305,230000,31,0,23526,7005,0,0.6832214599145177,Very High
20717,210000,39,0,173187,4000,0,0.23012189426192106,Low
2246,180000,32,0,396,712,0,0.4787548264965612,High
19014,160000,31,0,207,565,1,0.347541273276117,Elevated
28768,160000,41,0,13512,1206,0,0.4787548264965612,High
6202,260000,38,0,10448,1211,1,0.347541273276117,Elevated
18004,70000,33,1,26181,12000,0,0.7735534076852892,Very High
9138,200000,35,0,82831,15089,0,0.23012189426192106,Low
5949,170000,26,0,108426,3600,0,0.23012189426192106,Low
5616,500000,33,0,13284,17311,0,0.23012189426192106,Low
8170,240000,39,0,2688,2688,0,0.347541273276117,Elevated
24626,280000,32,0,19668,1000,0,0.347541273276117,Elevated
5438,240000,33,0,153062,7000,0,0.23012189426192106,Low
25754,100000,31,1,0,0,0,0.3396499288321693,Elevated
3362,310000,39,0,1989,4566,0,0.23012189426192106,Low
16322,180000,44,0,3481,761,0,0.347541273276117,Elevated
13604,30000,31,0,28405,4000,1,0.41588151022565645,Elevated
14508,180000,27,0,51826,1500,0,0.23012189426192106,Low
12540,250000,49,0,632,0,1,0.4787548264965612,High
22793,260000,44,0,279670,11778,0,0.23012189426192106,Low
14395,340000,29,0,135538,4093,0,0.23012189426192106,Low
20870,240000,31,0,230234,8200,0,0.23012189426192106,Low
21702,70000,25,2,19112,1629,1,0.9260126453015733,Very High
11152,10000,58,2,8857,1400,1,0.8837290745778793,Very High
2427,30000,67,1,30734,0,0,0.7132952380403815,Very High
26380,240000,37,1,0,0,0,0.6088952019010146,Very High
18109,350000,34,0,259524,8432,0,0.23012189426192106,Low
29691,390000,29,0,570,2691,0,0.2969376556285609,Moderate
1961,30000,37,3,29657,1763,1,0.8837290745778793,Very High
24920,150000,41,0,1980,0,0,0.4787548264965612,High
5554,400000,44,1,0,0,0,0.5087149171511306,High
7298,430000,40,0,6112,10590,0,0.23012189426192106,Low
25425,200000,31,0,10742,165,0,0.4787548264965612,High
27352,210000,39,0,1443,1443,0,0.4787548264965612,High
24552,270000,37,0,174532,6900,1,0.23012189426192106,Low
21505,80000,29,0,19833,2000,0,0.23012189426192106,Low
8523,320000,34,0,-532,0,0,0.4787548264965612,High
729,330000,29,0,49549,90000,0,0.23012189426192106,Low
16313,140000,38,0,139001,4826,0,0.23012189426192106,Low
18652,100000,29,0,118008,5614,0,0.23012189426192106,Low
886,70000,23,0,49605,3000,0,0.38283804163614554,Elevated
14354,30000,28,0,25354,1650,0,0.41588151022565645,Elevated
7716,180000,33,0,33331,5317,0,0.6550539400917675,Very High
18864,200000,28,0,106519,4000,0,0.23012189426192106,Low
18660,50000,22,0,25561,2134,0,0.570501077187048,High
18577,110000,24,0,9334,100082,0,0.5348990689804838,High
11649,50000,47,0,29336,1641,0,0.41588151022565645,Elevated
6068,90000,28,0,81553,2000,0,0.2969376556285609,Moderate
26551,50000,51,0,22000,2000,1,0.38283804163614554,Elevated
6386,240000,36,1,0,18000,0,0.3396499288321693,Elevated
28444,80000,36,0,63908,10051,0,0.23012189426192106,Low
19616,50000,30,0,22459,26499,0,0.38283804163614554,Elevated
1261,150000,37,0,45000,3000,0,0.23012189426192106,Low
7904,230000,36,1,2404,687,0,0.6088952019010146,Very High
21241,260000,39,3,235799,13,0,0.8837290745778793,Very High
9417,120000,40,0,109399,3900,0,0.23012189426192106,Low
29934,190000,44,0,291,0,0,0.4787548264965612,High
14697,300000,39,0,89792,4500,0,0.23012189426192106,Low
11756,50000,34,0,48973,91000,0,0.41588151022565645,Elevated
15700,20000,31,1,21676,0,0,0.7132952380403815,Very High
24349,450000,32,0,166295,5771,0,0.23012189426192106,Low
11537,200000,38,0,60473,101796,0,0.23012189426192106,Low
9664,230000,30,0,3686,5619,0,0.23012189426192106,Low
7233,30000,36,0,390,390,0,0.4787548264965612,High
17208,50000,27,2,34044,0,1,0.9260126453015733,Very High
986,130000,43,1,1018,6433,1,0.5087149171511306,High
13413,100000,28,0,316,316,1,0.4787548264965612,High
578,80000,31,0,5994,13647,0,0.23012189426192106,Low
852,30000,32,1,29095,2500,0,0.7132952380403815,Very High
18485,90000,24,0,24179,0,0,0.4787548264965612,High
11382,360000,46,0,6402,13389,1,0.23012189426192106,Low
28413,340000,29,0,43733,16787,0,0.23012189426192106,Low
4358,30000,43,0,27862,2000,0,0.41588151022565645,Elevated
28602,200000,41,0,6981,1000,0,0.4787548264965612,High
7347,170000,40,0,511,1001,0,0.347541273276117,Elevated
1292,20000,53,0,12197,1600,0,0.41588151022565645,Elevated
9593,300000,31,0,149893,7000,0,0.23012189426192106,Low
21418,140000,26,0,128720,6450,0,0.23012189426192106,Low
7061,120000,37,0,12006,1171,0,0.6832214599145177,Very High
22867,80000,40,0,390,390,0,0.4787548264965612,High
6622,50000,41,2,36329,3406,1,0.8837290745778793,Very High
7405,20000,34,0,14676,1286,1,0.38283804163614554,Elevated
12728,270000,29,0,125120,4000,0,0.23012189426192106,Low
9216,100000,26,0,214,0,1,0.4787548264965612,High
15744,130000,26,0,0,365,0,0.4787548264965612,High
5761,30000,38,0,23819,1553,0,0.41588151022565645,Elevated
22215,80000,27,0,20417,3082,0,0.347541273276117,Elevated
22073,80000,26,0,124224,4574,0,0.23012189426192106,Low
24598,320000,28,0,67264,3231,0,0.2969376556285609,Moderate
8873,500000,37,0,51652,5300,0,0.23012189426192106,Low
1353,130000,30,0,4536,1161,0,0.4787548264965612,High
28172,110000,48,0,108668,4322,0,0.23012189426192106,Low
8357,360000,44,1,-3,586,0,0.5087149171511306,High
6735,500000,31,0,2181,5700,0,0.23012189426192106,Low
11046,100000,40,0,90828,3523,0,0.23012189426192106,Low
3203,70000,25,0,71106,3292,0,0.38283804163614554,Elevated
23434,190000,44,0,162051,17917,0,0.23012189426192106,Low
14623,180000,34,0,43374,2100,0,0.23012189426192106,Low
18095,20000,42,3,1050,0,1,0.9260126453015733,Very High
715,400000,31,0,203,770,0,0.4787548264965612,High
26119,200000,30,0,38540,1928,0,0.23012189426192106,Low
5824,50000,43,0,26342,1547,0,0.41588151022565645,Elevated
15312,240000,37,1,-3,0,0,0.3396499288321693,Elevated
14835,200000,37,0,118134,15034,0,0.23012189426192106,Low
22329,160000,25,0,45835,2000,0,0.23012189426192106,Low
26830,50000,32,0,25411,2000,1,0.38283804163614554,Elevated
27835,260000,26,0,144112,5033,0,0.23012189426192106,Low
18463,30000,24,0,28218,2000,0,0.5348990689804838,High
23563,150000,36,0,127204,5900,1,0.23012189426192106,Low
29616,60000,39,1,60037,0,1,0.7132952380403815,Very High
18394,90000,24,2,14085,0,1,0.8837290745778793,Very High
22286,30000,29,1,27705,1500,1,0.7735534076852892,Very High
25529,420000,32,0,8871,358,0,0.4787548264965612,High
10468,110000,24,2,101402,6600,0,0.9260126453015733,Very High
29227,20000,22,0,4341,1245,0,0.4787548264965612,High
22989,500000,42,0,237066,20000,0,0.23012189426192106,Low
27963,70000,25,1,73167,0,0,0.7132952380403815,Very High
2605,60000,24,0,15527,2000,0,0.38283804163614554,Elevated
23042,210000,32,0,0,0,0,0.4787548264965612,High
25817,200000,45,0,2377,221,0,0.4787548264965612,High
18392,170000,23,0,15639,1265,0,0.23012189426192106,Low
16425,200000,50,0,162296,13000,0,0.23012189426192106,Low
24924,500000,36,0,34639,10010,0,0.23012189426192106,Low
17849,80000,27,0,48329,5004,0,0.23012189426192106,Low
572,50000,23,0,49809,2040,0,0.38283804163614554,Elevated
6737,30000,33,0,27729,1500,0,0.4787548264965612,High
20517,150000,24,0,10459,2516,0,0.23012189426192106,Low
20645,130000,42,0,390,0,1,0.4787548264965612,High
8567,120000,69,0,106775,3810,0,0.23012189426192106,Moderate
17253,150000,39,2,151664,6300,0,0.8837290745778793,Very High
25699,200000,27,0,6369,5830,0,0.23012189426192106,Moderate
28220,20000,33,0,11635,2000,0,0.41588151022565645,Elevated
4332,250000,37,0,-207,0,0,0.2712812631662762,Moderate
5946,270000,39,1,0,10193,0,0.3396499288321693,Elevated
2707,30000,47,2,24081,6155,1,0.8837290745778793,Very High
2254,10000,48,0,8858,1228,0,0.4787548264965612,High
28269,120000,34,1,0,0,0,0.6088952019010146,Very High
21150,280000,39,0,273651,11128,0,0.23012189426192106,Moderate
10985,260000,45,0,3814,2861,0,0.2969376556285609,Moderate
16491,30000,23,0,19321,5320,1,0.7549348273892288,Very High
29571,140000,41,2,73259,3600,1,0.9260126453015733,Very High
15213,360000,27,1,0,0,1,0.6088952019010146,Very High
19241,380000,44,0,7234,1500,0,0.23012189426192106,Moderate
13210,10000,24,0,11035,1500,1,0.4787548264965612,High
11818,30000,23,2,26795,3300,0,0.9260126453015733,Very High
10591,50000,28,0,2940,1100,0,0.4787548264965612,High
24923,300000,42,0,23742,10000,0,0.23012189426192106,Moderate
12155,70000,35,4,77021,0,0,0.8837290745778793,Very High
164,250000,34,0,141223,17994,0,0.3697892966663365,Elevated
244,180000,32,0,3139,2821,0,0.3697892966663365,Elevated
28090,80000,45,0,77402,2900,0,0.23012189426192106,Moderate
28590,370000,35,0,5886,8190,0,0.23012189426192106,Moderate
23239,50000,37,0,50664,3000,0,0.38283804163614554,Elevated
18165,190000,36,0,154456,6176,1,0.23012189426192106,Moderate
10476,260000,46,0,0,135,0,0.4787548264965612,High
10696,90000,27,2,85753,4000,1,0.8837290745778793,Very High
12635,500000,49,0,5157,77677,0,0.23012189426192106,Moderate
7334,260000,31,0,257920,10036,0,0.23012189426192106,Moderate
24886,260000,37,0,5275,0,0,0.4787548264965612,High
1459,90000,24,0,595,207,1,0.347541273276117,Elevated
264,230000,37,0,2283,51315,0,0.2969376556285609,Moderate
2523,60000,29,0,34081,2000,0,0.38283804163614554,Elevated
29578,450000,42,0,3566,0,1,0.347541273276117,Elevated
23187,360000,39,0,1070,0,1,0.4787548264965612,High
29140,110000,51,0,111255,4112,0,0.23012189426192106,Moderate
5888,230000,43,0,39677,5000,0,0.23012189426192106,Moderate
20709,340000,43,0,185,4418,0,0.2969376556285609,Moderate
7935,180000,28,1,7445,0,1,0.5382018784947318,High
16295,110000,44,0,87418,7900,1,0.570501077187048,High
28084,150000,41,0,1650,0,0,0.4787548264965612,High
27203,150000,43,0,122084,5000,0,0.23012189426192106,Moderate
27785,230000,25,0,95544,4200,0,0.23012189426192106,Moderate
12564,300000,31,0,11158,1000,0,0.347541273276117,Elevated
7891,440000,31,0,21359,5023,0,0.23012189426192106,Moderate
9837,110000,46,0,1495,86367,0,0.23012189426192106,Moderate
19210,210000,30,0,0,0,0,0.4787548264965612,High
14802,50000,35,1,0,354,0,0.6088952019010146,Very High
15574,260000,63,0,261326,9166,0,0.23012189426192106,Moderate
19281,260000,40,0,0,0,0,0.4787548264965612,High
29650,230000,34,0,56449,231788,0,0.23012189426192106,Moderate
1796,200000,34,1,-800,0,0,0.6088952019010146,Very High
6069,450000,30,0,25244,0,0,0.4787548264965612,High
3819,200000,35,1,0,0,0,0.6088952019010146,Very High
24682,400000,34,0,26912,10016,0,0.23012189426192106,Moderate
18684,200000,27,1,0,0,0,0.6088952019010146,Very High
15309,50000,43,1,15214,0,0,0.7735534076852892,Very High
2998,80000,37,0,1118,0,0,0.347541273276117,Elevated
11205,50000,40,1,37458,2010,0,0.7735534076852892,Very High
6336,360000,34,0,122193,5004,0,0.23012189426192106,Moderate
10356,180000,44,0,18896,2006,0,0.23012189426192106,Moderate
1038,180000,54,0,149698,4834,1,0.23012189426192106,Moderate
2564,20000,32,0,15498,1600,0,0.41588151022565645,Elevated
29531,100000,38,0,1473,390,0,0.4787548264965612,High
24642,20000,28,0,3608,5000,0,0.20287159931475213,Low
3406,560000,32,0,68199,1548,0,0.2969376556285609,Moderate
8293,170000,35,0,473,0,1,0.4787548264965612,High
17024,70000,23,0,7668,1500,1,0.4787548264965612,High
14976,50000,28,0,4545,0,1,0.4787548264965612,High
17376,350000,31,1,279767,0,0,0.5382018784947318,High
7774,80000,44,0,5730,5837,0,0.2969376556285609,Moderate
8101,100000,30,0,83312,2900,0,0.23012189426192106,Moderate
7803,50000,31,2,30619,1800,1,0.9260126453015733,Very High
5577,150000,26,0,3627,0,1,0.4787548264965612,High
27844,20000,26,1,18025,0,0,0.7132952380403815,Very High
15453,120000,27,0,75896,3900,0,0.23012189426192106,Moderate
26610,20000,23,0,10208,4972,1,0.6832214599145177,Very High
8181,140000,28,0,110384,3729,1,0.23012189426192106,Moderate
17650,130000,47,2,123896,0,1,0.9260126453015733,Very High
20854,80000,28,0,10677,2017,0,0.2969376556285609,Moderate
34,500000,54,0,10929,4152,0,0.23012189426192106,Moderate
22558,80000,43,0,78374,4000,0,0.23012189426192106,Moderate
10306,120000,41,0,7877,11532,0,0.23012189426192106,Moderate
12998,50000,30,2,200,0,1,0.6670123550244665,Very High
11060,320000,32,1,114180,5012,0,0.7735534076852892,Very High
27783,90000,25,0,6090,1500,0,0.4787548264965612,High
13787,280000,35,0,211645,6445,0,0.23012189426192106,Moderate
10936,120000,23,0,107934,19000,0,0.570501077187048,High
8497,300000,36,0,1041,3,0,0.6550539400917675,Very High
15594,600000,53,2,458652,17000,1,0.8837290745778793,Very High
26660,50000,25,0,47077,2800,0,0.570501077187048,High
18364,170000,34,0,156526,7500,0,0.23012189426192106,Moderate
23938,150000,27,0,3462,1147,0,0.347541273276117,Elevated
3634,420000,25,1,72874,0,1,0.5382018784947318,High
12951,50000,30,0,4166,2859,0,0.41588151022565645,Elevated
15795,20000,24,0,13506,1500,0,0.38283804163614554,Elevated
25745,240000,33,0,2193,0,0,0.4787548264965612,High
4816,50000,37,0,44828,2005,0,0.38283804163614554,Elevated
29550,490000,33,0,59016,0,0,0.23012189426192106,Moderate
7172,360000,39,0,4964,177,0,0.347541273276117,Elevated
20249,210000,51,2,42795,2007,1,0.9260126453015733,Very High
544,100000,24,0,30092,1553,0,0.23012189426192106,Moderate
24122,30000,29,0,27720,0,0,0.4787548264965612,High
10415,20000,24,1,-1400,0,0,0.3396499288321693,Elevated
9155,490000,34,0,13955,52280,0,0.23012189426192106,Moderate
10047,130000,31,0,5551,1500,1,0.4787548264965612,High
3004,50000,41,2,39159,1669,1,0.8837290745778793,Very High
29468,270000,31,0,9526,1116,0,0.4787548264965612,High
14925,280000,38,0,237821,11000,0,0.23012189426192106,Moderate
21631,280000,25,1,6714,22,0,0.5382018784947318,High
29983,90000,36,0,7752,1500,1,0.4787548264965612,High
21476,460000,28,0,25537,1335,0,0.23012189426192106,Moderate
23859,80000,25,0,67751,2500,0,0.23012189426192106,Moderate
15800,20000,23,0,13858,1500,0,0.4787548264965612,High
21274,70000,50,2,41087,2000,1,0.9260126453015733,Very High
27886,80000,27,0,24003,3028,1,0.2969376556285609,Moderate
13030,20000,64,0,528,0,1,0.4787548264965612,High
7342,50000,34,0,49940,2128,0,0.41588151022565645,Elevated
26875,350000,37,0,70257,20001,0,0.23012189426192106,Moderate
2611,340000,39,0,66623,2500,0,0.23012189426192106,Moderate
4166,50000,51,0,11583,5000,1,0.6832214599145177,Very High
19434,180000,39,1,0,0,1,0.6088952019010146,Very High
18804,270000,26,0,134235,6000,0,0.23012189426192106,Moderate
19742,160000,32,0,6919,2389,0,0.347541273276117,Elevated
21494,250000,29,0,390,0,1,0.347541273276117,Elevated
20995,80000,40,0,71578,3007,0,0.23012189426192106,Moderate
16796,500000,30,0,135634,5034,0,0.23012189426192106,Moderate
4478,100000,40,0,26702,2008,0,0.23012189426192106,Moderate
29429,50000,26,0,45253,1724,0,0.38283804163614554,Elevated
24774,500000,40,0,18110,0,0,0.4787548264965612,High
9307,400000,27,1,0,0,0,0.6088952019010146,Very High
9450,80000,30,0,2688,2208,1,0.2969376556285609,Moderate
25072,50000,54,2,46431,1756,0,0.8837290745778793,Very High
14728,110000,46,0,110950,4088,1,0.23012189426192106,Moderate
29400,230000,28,0,-73,0,0,0.2712812631662762,Moderate
12634,20000,54,0,10618,2000,0,0.38283804163614554,Elevated
27528,110000,51,0,54051,1972,1,0.23012189426192106,Moderate
6451,50000,23,0,33713,5012,0,0.38283804163614554,Elevated
14538,60000,29,0,4511,1096,1,0.4787548264965612,High
12991,60000,36,1,57285,5336,1,0.7132952380403815,Very High
22939,60000,43,0,49340,4570,0,0.38283804163614554,Elevated
1522,60000,40,3,9744,1500,0,0.9260126453015733,Very High
6490,250000,31,1,59878,0,1,0.5382018784947318,High
8318,60000,37,0,57985,2550,0,0.41588151022565645,Elevated
15254,180000,37,0,34607,10000,0,0.23012189426192106,Moderate
16277,300000,31,0,34515,30000,1,0.23012189426192106,Moderate
10828,160000,63,1,-2,0,0,0.5087149171511306,High
17627,130000,29,0,86584,4100,0,0.5348990689804838,High
7188,20000,25,1,19242,1700,0,0.7735534076852892,Very High
17694,20000,42,1,8395,0,0,0.7132952380403815,Very High
27644,20000,24,1,4697,0,1,0.7735534076852892,Very High
22227,160000,28,0,316,1617,0,0.347541273276117,Elevated
26857,360000,38,0,0,0,1,0.4787548264965612,High
29917,330000,33,0,50999,2000,0,0.23012189426192106,Moderate
5805,140000,28,0,99296,3205,0,0.23012189426192106,Moderate
20468,10000,26,0,9861,1099,0,0.38283804163614554,Elevated
23994,20000,25,0,390,390,0,0.4787548264965612,High
19991,150000,32,0,3204,0,0,0.347541273276117,Elevated
1110,30000,33,1,31089,0,0,0.7132952380403815,Very High
10343,70000,53,0,24645,0,0,0.20287159931475213,Low
23340,160000,44,2,1500,0,1,0.7660818893216393,Very High
23684,240000,44,0,2771,4756,0,0.23012189426192106,Moderate
14089,130000,32,0,132105,8000,0,0.23012189426192106,Moderate
8435,160000,34,0,430,430,0,0.2712812631662762,Moderate
11099,170000,27,2,46899,2732,0,0.9260126453015733,Very High
9465,80000,39,0,51644,3000,0,0.23012189426192106,Moderate
22834,170000,39,0,100849,2000,0,0.23012189426192106,Moderate
2482,50000,51,0,17453,8338,0,0.20287159931475213,Low
24709,100000,42,2,95926,5000,0,0.8837290745778793,Very High
15946,230000,28,0,64992,2500,0,0.23012189426192106,Moderate
13100,80000,26,0,80233,4000,0,0.23012189426192106,Moderate
19061,50000,27,0,7439,1028,1,0.38283804163614554,Elevated
26163,310000,38,0,-41,8239,0,0.2969376556285609,Moderate
9158,330000,45,0,123813,5100,0,0.23012189426192106,Moderate
20345,120000,63,0,49394,3000,0,0.23012189426192106,Moderate
12872,200000,27,0,7934,16140,0,0.2969376556285609,Moderate
2563,140000,40,2,136785,5051,1,0.9260126453015733,Very High
6496,50000,28,0,9014,3000,0,0.38283804163614554,Elevated
8065,20000,51,0,10400,0,0,0.4787548264965612,High
1934,20000,39,0,628,700,0,0.4787548264965612,High
24849,390000,48,0,32708,3000,0,0.2969376556285609,Moderate
5016,290000,24,1,0,0,0,0.3396499288321693,Elevated
15520,170000,42,0,191865,7080,0,0.23012189426192106,Moderate
24093,180000,27,2,10070,1500,0,0.8837290745778793,Very High
17988,240000,36,0,135053,10000,0,0.23012189426192106,Moderate
9802,190000,27,0,72656,2000,1,0.23012189426192106,Moderate
28124,80000,41,0,78480,3100,1,0.5348990689804838,High
23472,100000,30,1,46809,2000,0,0.7132952380403815,Very High
22590,350000,33,0,61937,5343,0,0.2969376556285609,Moderate
18634,150000,27,0,35688,14820,0,0.23012189426192106,Moderate
24003,400000,27,0,15330,2501,0,0.23012189426192106,Moderate
20090,30000,33,0,390,390,0,0.4787548264965612,High
9447,200000,29,0,204541,7186,0,0.23012189426192106,Moderate
64,50000,46,0,28718,1000,1,0.4787548264965612,High
9252,30000,39,1,30559,129,0,0.7132952380403815,Very High
15067,420000,39,0,403552,13703,0,0.23012189426192106,Moderate
19605,110000,31,1,0,0,0,0.6088952019010146,Very High
29347,400000,27,0,3359,6034,0,0.23012189426192106,Moderate
25994,470000,37,0,0,0,0,0.4787548264965612,High
2433,30000,34,2,31746,1800,1,0.8837290745778793,Very High
14280,220000,27,0,1051,735,1,0.4787548264965612,High
25537,50000,35,1,0,0,0,0.6088952019010146,Very High
29414,100000,30,2,89898,4900,1,0.7964088951003658,Very High
10622,20000,24,0,24146,2024,0,0.38283804163614554,Elevated
13400,80000,26,1,0,0,1,0.6088952019010146,Very High
26330,350000,34,1,-20,650,0,0.3396499288321693,Elevated
6943,20000,27,1,0,0,1,0.6088952019010146,Very High
13412,360000,29,0,229928,4905,0,0.2969376556285609,Moderate
13539,50000,22,0,49086,2047,0,0.41588151022565645,Elevated
22530,210000,40,1,66635,0,0,0.5382018784947318,High
29635,210000,31,0,36042,2000,0,0.23012189426192106,Moderate
18820,150000,26,1,0,0,0,0.6088952019010146,Very High
263,160000,38,0,4473,4664,0,0.23012189426192106,Moderate
1397,180000,24,1,108580,0,1,0.7735534076852892,Very High
15981,30000,37,1,28361,0,0,0.7132952380403815,Very High
21632,400000,26,0,2871,4016,0,0.23012189426192106,Moderate
25837,170000,31,0,102477,5210,0,0.23012189426192106,Moderate
27581,320000,55,2,200545,9600,1,0.8837290745778793,Very High
3577,500000,37,0,4168,19169,0,0.23012189426192106,Moderate
17103,50000,24,0,43627,3000,0,0.38283804163614554,Elevated
26812,100000,28,0,942,390,0,0.4787548264965612,High
5796,120000,26,0,110934,4432,0,0.23012189426192106,Moderate
28115,150000,38,0,149957,6000,0,0.23012189426192106,Moderate
16842,260000,37,0,3000,150,0,0.4787548264965612,High
4683,500000,47,0,0,3270,0,0.347541273276117,Elevated
22367,20000,32,0,9763,925,0,0.38283804163614554,Elevated
5057,120000,34,2,64139,2900,1,0.9260126453015733,Very High
19356,580000,33,0,18812,2000,0,0.23012189426192106,Moderate
8834,90000,37,2,117793,6732,0,0.8837290745778793,Very High
7472,60000,63,0,56285,5000,0,0.38283804163614554,Elevated
5625,210000,33,0,206409,8546,0,0.23012189426192106,Moderate
15123,200000,52,0,2343,3943,0,0.2969376556285609,Moderate
697,50000,34,0,27966,1267,0,0.4787548264965612,High
22730,70000,40,0,390,780,0,0.570501077187048,High
12179,260000,35,0,89420,3578,0,0.23012189426192106,Moderate
12844,160000,43,0,5617,267,0,0.4787548264965612,High
12773,70000,36,0,1156,2044,1,0.7549348273892288,Very High
4660,100000,50,2,44078,2000,1,0.9260126453015733,Very High
261,510000,29,0,78331,40010,0,0.23012189426192106,Moderate
27637,10000,22,1,0,0,0,0.6088952019010146,Very High
13126,400000,34,0,0,0,0,0.4787548264965612,High
17604,210000,43,0,91152,3348,0,0.23012189426192106,Moderate
17319,120000,25,2,94635,5400,0,0.9260126453015733,Very High
27537,250000,51,3,2487,0,1,0.9260126453015733,Very High
8273,50000,24,0,10834,1509,0,0.41588151022565645,Elevated
15698,130000,33,0,39251,2500,0,0.23012189426192106,Moderate
29541,10000,40,0,9649,1500,1,0.4787548264965612,High
25432,170000,28,0,30860,304815,0,0.23012189426192106,Moderate
1036,60000,27,1,43356,0,1,0.7735534076852892,Very High
12028,460000,39,0,15950,13101,0,0.5348990689804838,High
15103,50000,40,1,25667,1500,0,0.7132952380403815,Very High
7661,80000,44,2,78950,2815,1,0.8837290745778793,Very High
18284,190000,54,0,205824,7154,0,0.23012189426192106,Moderate
9219,500000,47,0,396,396,1,0.4787548264965612,High
28618,100000,41,0,98075,3600,0,0.23012189426192106,Moderate
20171,280000,43,1,0,4051,1,0.5087149171511306,High
28691,70000,32,0,57550,3000,0,0.38283804163614554,Elevated
17427,30000,39,0,28144,2000,0,0.5348990689804838,High
18316,150000,25,0,-19,0,0,0.2712812631662762,Moderate
2712,360000,37,0,1605,14,0,0.6550539400917675,Very High
1754,60000,29,0,33147,24511,0,0.38283804163614554,Elevated
8092,290000,35,1,0,0,0,0.6088952019010146,Very High
13434,10000,25,0,9501,1300,0,0.38283804163614554,Elevated
25156,30000,24,1,29654,0,0,0.7735534076852892,Very High
18410,20000,25,2,18696,1705,1,0.8837290745778793,Very High
7975,70000,25,0,23018,1400,0,0.4787548264965612,High
2444,30000,42,1,30607,10,0,0.7132952380403815,Very High
25241,80000,26,0,62536,3000,0,0.23012189426192106,Moderate
13534,50000,41,0,15502,1500,0,0.4787548264965612,High
16690,260000,46,2,82683,4000,1,0.9260126453015733,Very High
4557,150000,33,1,0,0,0,0.6088952019010146,Very High
3371,30000,36,0,36124,2500,1,0.38283804163614554,Elevated
24450,190000,44,0,231,3190,0,0.7549348273892288,Very High
5392,120000,38,0,117738,5820,0,0.23012189426192106,Moderate
21146,200000,45,0,197600,10265,0,0.23012189426192106,Moderate
18026,20000,47,0,16013,1419,0,0.4787548264965612,High
15042,350000,39,0,3948,2184,0,0.23012189426192106,Moderate
8047,30000,39,2,27000,0,0,0.9260126453015733,Very High
13007,80000,24,0,390,1063,0,0.4787548264965612,High
8049,70000,41,2,34751,3500,1,0.9260126453015733,Very High
15376,500000,33,0,264479,15000,0,0.23012189426192106,Moderate
16070,140000,33,0,316,316,0,0.347541273276117,Elevated
18966,420000,29,0,392,400,0,0.347541273276117,Elevated
22400,200000,27,0,24635,0,0,0.4787548264965612,High
14418,400000,30,0,1919,7389,0,0.23012189426192106,Moderate
13114,220000,29,0,223773,8391,0,0.23012189426192106,Moderate
20466,190000,25,0,3173,2323,0,0.6550539400917675,Very High
10286,400000,29,0,31348,28102,0,0.23012189426192106,Moderate
8649,180000,37,0,121744,4406,0,0.23012189426192106,Moderate
2354,180000,32,0,64008,3414,0,0.2969376556285609,Moderate
4349,180000,51,0,513,396,0,0.4787548264965612,High
17598,310000,29,0,976,0,0,0.4787548264965612,High
3074,360000,30,0,312,313,1,0.4787548264965612,High
9036,420000,25,0,2804,0,0,0.4787548264965612,High
18950,290000,32,0,76383,3400,0,0.23012189426192106,Moderate
18275,420000,51,0,57815,1000,0,0.2712812631662762,Moderate
22804,180000,35,0,68488,3603,0,0.23012189426192106,Moderate
6804,50000,27,0,26380,1000,0,0.4787548264965612,High
9937,50000,48,0,10420,1310,0,0.4787548264965612,High
21884,130000,27,0,124769,5400,0,0.23012189426192106,Moderate
4658,50000,45,0,40650,2850,0,0.38283804163614554,Elevated
9564,300000,33,0,1496,1500,0,0.4787548264965612,High
7059,310000,34,0,4153,1002,0,0.347541273276117,Elevated
26539,30000,50,0,10741,1498,0,0.4787548264965612,High
28807,390000,41,0,-13,0,1,0.4787548264965612,High
9136,240000,54,0,16135,234000,0,0.3697892966663365,Elevated
7073,200000,41,0,-780,0,0,0.347541273276117,Elevated
29009,190000,40,0,124082,4500,0,0.23012189426192106,Moderate
24695,60000,29,0,58634,3000,0,0.20287159931475213,Low
5592,30000,49,0,27838,3330,0,0.570501077187048,High
16257,130000,28,0,2936,2464,0,0.347541273276117,Elevated
19030,30000,45,2,26155,1482,1,0.8837290745778793,Very High
3808,100000,46,0,94657,3000,0,0.23012189426192106,Moderate
6526,330000,30,0,155285,10000,0,0.23012189426192106,Moderate
5751,160000,37,2,147333,200,1,0.9260126453015733,Very High
27423,170000,31,0,172012,168019,0,0.23012189426192106,Moderate
6656,500000,58,0,4101,11155,0,0.23012189426192106,Moderate
23996,80000,25,1,80906,3800,0,0.7132952380403815,Very High
6730,390000,43,2,78658,4514,1,0.8837290745778793,Very High
22842,150000,34,0,28210,1130,0,0.4787548264965612,High
20132,300000,43,0,5972,1857,0,0.347541273276117,Elevated
2269,30000,39,2,13888,3000,1,0.8837290745778793,Very High
24198,80000,30,2,66995,2500,1,0.9260126453015733,Very High
19355,30000,39,0,21173,2000,1,0.5348990689804838,High
15297,420000,44,1,0,5526,0,0.5087149171511306,High
12549,170000,33,0,2164,165,0,0.2712812631662762,Moderate
11059,360000,26,0,7127,1034,0,0.23012189426192106,Moderate
22386,140000,29,0,4880,0,1,0.2712812631662762,Moderate
19417,270000,45,0,0,0,1,0.4787548264965612,High
17166,180000,29,0,10265,1200,0,0.23012189426192106,Moderate
10902,210000,32,0,8600,0,0,0.347541273276117,Elevated
15910,50000,28,1,40527,2500,0,0.7735534076852892,Very High
14808,30000,29,1,31986,0,0,0.7132952380403815,Very High
28629,80000,32,0,70163,4000,0,0.23012189426192106,Moderate
16831,50000,46,0,43719,1700,0,0.38283804163614554,Elevated
11040,110000,48,1,0,0,0,0.6088952019010146,Very High
28071,140000,35,0,92924,4691,0,0.23012189426192106,Moderate
8784,50000,34,0,37643,1538,0,0.41588151022565645,Elevated
9542,160000,25,0,227,861,0,0.4787548264965612,High
26172,80000,45,0,67142,2420,0,0.23012189426192106,Moderate
11267,70000,34,2,16965,1000,1,0.9260126453015733,Very High
3989,300000,64,0,1068,1168,0,0.4787548264965612,High
8005,180000,42,0,27884,1526,1,0.2969376556285609,Moderate
1950,180000,50,0,66114,5000,0,0.23012189426192106,Moderate
22113,50000,31,0,19889,1500,0,0.4787548264965612,High
13505,50000,35,0,15609,0,1,0.38283804163614554,Elevated
970,180000,32,0,74189,2000,0,0.2969376556285609,Moderate
1206,210000,29,0,209807,5088,1,0.23012189426192106,Moderate
10933,50000,48,1,49295,2200,0,0.7132952380403815,Very High
13626,250000,47,0,7363,27474,0,0.2969376556285609,Moderate
21612,110000,24,1,72184,0,0,0.7132952380403815,Very High
6307,360000,35,0,15798,16713,0,0.23012189426192106,Moderate
4325,20000,49,0,15945,1288,0,0.5348990689804838,High
6835,50000,24,0,894,1020,0,0.4787548264965612,High
4558,160000,39,0,43583,7500,0,0.3697892966663365,Elevated
15907,180000,30,0,148860,6500,0,0.23012189426192106,Moderate
17167,20000,26,0,17921,1333,0,0.38283804163614554,Elevated
22334,300000,29,0,45117,1281,0,0.2712812631662762,Moderate
2759,200000,23,0,488,878,0,0.4787548264965612,High
7068,90000,30,2,750,0,0,0.9260126453015733,Very High
23099,220000,47,0,103078,10000,0,0.23012189426192106,Moderate
8676,290000,28,0,42601,5000,0,0.23012189426192106,Moderate
23657,160000,41,1,99496,0,0,0.7132952380403815,Very High
14205,30000,24,0,2880,3285,1,0.6550539400917675,Very High
21530,80000,22,0,77408,2677,0,0.23012189426192106,Moderate
28989,160000,47,0,1857,0,1,0.3697892966663365,Elevated
24402,150000,36,0,5856,4914,0,0.2969376556285609,Moderate
21012,50000,41,0,50516,2721,0,0.38283804163614554,Elevated
2455,390000,25,0,83514,4013,0,0.23012189426192106,Moderate
800,210000,35,0,37148,2000,0,0.23012189426192106,Moderate
10879,30000,25,1,25787,3000,0,0.7132952380403815,Very High
7401,80000,29,0,12393,2022,0,0.2969376556285609,Moderate
29260,70000,24,0,12109,5328,0,0.38283804163614554,Elevated
13657,200000,43,0,142291,14200,0,0.3697892966663365,Elevated
23279,150000,49,0,575,25622,0,0.23012189426192106,Moderate
15883,50000,23,0,19455,1500,0,0.4787548264965612,High
11464,30000,59,0,29272,1404,0,0.4787548264965612,High
9498,350000,34,0,147070,7331,0,0.23012189426192106,Moderate
2387,80000,24,1,0,0,0,0.3396499288321693,Elevated
13172,240000,37,0,12365,90500,0,0.23012189426192106,Moderate
19878,40000,38,0,40125,2006,0,0.38283804163614554,Elevated
23691,500000,53,0,1200,0,0,0.347541273276117,Elevated
2702,50000,47,0,17569,1613,0,0.38283804163614554,Elevated
17682,300000,47,0,514,2392,1,0.2969376556285609,Moderate
17570,70000,34,2,71332,2744,1,0.8837290745778793,Very High
24199,140000,30,0,1800,1885,0,0.5348990689804838,High
29288,60000,25,0,56473,6000,0,0.5348990689804838,High
21709,230000,23,1,5263,3,0,0.7735534076852892,Very High
18930,200000,30,0,4833,6370,0,0.23012189426192106,Moderate
8149,30000,30,0,15199,3100,1,0.5348990689804838,High
3065,430000,42,0,89395,3243,0,0.23012189426192106,Moderate
29177,240000,56,3,2500,0,1,0.8837290745778793,Very High
29978,420000,34,0,131939,7000,0,0.23012189426192106,Moderate
6338,20000,26,2,20155,0,0,0.8837290745778793,Very High
26305,90000,29,0,8927,8000,0,0.23012189426192106,Moderate
25589,80000,37,0,69767,5000,0,0.23012189426192106,Moderate
26368,180000,48,0,860,102,1,0.4787548264965612,High
10258,360000,32,0,2708,5588,0,0.23012189426192106,Moderate
3113,440000,43,0,58108,2400,0,0.23012189426192106,Moderate
23146,210000,37,0,2978,1798,0,0.2969376556285609,Moderate
4393,20000,29,0,15760,1593,0,0.41588151022565645,Elevated
15353,180000,46,1,0,0,0,0.6088952019010146,Very High
8062,50000,24,0,51261,2600,0,0.38283804163614554,Elevated
29986,240000,30,0,0,0,0,0.4787548264965612,High
18700,210000,26,0,186544,8102,0,0.23012189426192106,Moderate
8433,150000,27,0,138066,5767,0,0.23012189426192106,Moderate
5677,160000,43,0,8460,0,0,0.4787548264965612,High
2431,160000,36,0,816,316,1,0.4787548264965612,High
27145,160000,40,0,152240,7650,0,0.23012189426192106,Moderate
10488,170000,33,0,170440,8200,1,0.23012189426192106,Moderate
21107,80000,45,0,55385,2019,0,0.23012189426192106,Moderate
27331,500000,40,0,1010,4682,0,0.23012189426192106,Moderate
3583,250000,32,0,39936,8666,0,0.23012189426192106,Moderate
10052,70000,24,0,65429,3136,0,0.38283804163614554,Elevated
27996,80000,30,0,4161,2000,0,0.347541273276117,Elevated
27980,160000,28,0,160,0,0,0.4787548264965612,High
6859,30000,48,0,25615,1751,0,0.38283804163614554,Elevated
29320,280000,26,0,688,2400,0,0.2969376556285609,Moderate
26421,180000,40,0,1552,776,1,0.2712812631662762,Moderate
12717,200000,29,0,41151,1650,0,0.2969376556285609,Moderate
11329,250000,30,0,6476,5000,0,0.23012189426192106,Moderate
27181,200000,48,0,2772,4127,0,0.23012189426192106,Moderate
9532,200000,40,0,390,390,1,0.4787548264965612,High
29843,490000,49,0,19107,10238,0,0.23012189426192106,Moderate
23484,20000,31,0,13080,1500,0,0.38283804163614554,Elevated
26932,200000,38,0,3528,1196,0,0.347541273276117,Elevated
3863,380000,48,0,356375,40000,0,0.23012189426192106,Moderate
28591,80000,34,0,43321,5000,1,0.5348990689804838,High
10546,50000,28,1,50146,0,0,0.7132952380403815,Very High
1078,500000,35,0,172041,58761,0,0.23012189426192106,Moderate
6199,30000,49,0,12855,3690,0,0.7549348273892288,Very High
17621,280000,31,0,410,3977,0,0.23012189426192106,Moderate
28539,300000,33,0,3890,4008,0,0.2969376556285609,Moderate
26455,120000,50,2,81979,3000,1,0.9260126453015733,Very High
28235,220000,43,0,215050,9029,0,0.23012189426192106,Moderate
1236,30000,54,0,26278,1700,1,0.38283804163614554,Elevated
23630,150000,42,0,97066,2000,0,0.2969376556285609,Moderate
13498,10000,37,0,678,602,1,0.4787548264965612,High
18951,30000,23,1,33181,0,1,0.7132952380403815,Very High
24091,130000,37,0,1390,2196,0,0.347541273276117,Elevated
250,50000,46,0,35713,1561,0,0.41588151022565645,Elevated
18435,150000,23,0,330,330,0,0.347541273276117,Elevated
4831,140000,36,0,94586,3519,0,0.23012189426192106,Moderate
1973,200000,41,0,96910,10000,0,0.23012189426192106,Moderate
25864,120000,46,0,28675,1500,0,0.4787548264965612,High
12568,150000,30,0,116778,60367,0,0.23012189426192106,Moderate
11754,240000,33,0,124105,7000,0,0.23012189426192106,Moderate
27507,170000,51,0,201851,6873,1,0.23012189426192106,Moderate
14402,160000,52,0,390,780,0,0.6550539400917675,Very High
26807,360000,31,0,81740,8000,0,0.23012189426192106,Moderate
29030,100000,28,0,77007,5000,0,0.23012189426192106,Moderate
20241,90000,55,0,3388,0,0,0.4787548264965612,High
25182,10000,22,0,7828,1009,0,0.4787548264965612,High
14972,120000,30,1,6305,1000,1,0.7132952380403815,Very High
8355,170000,42,0,164824,6107,0,0.23012189426192106,Moderate
6412,350000,41,0,349125,12005,0,0.23012189426192106,Moderate
8119,450000,48,0,5514,0,1,0.2712812631662762,Moderate
26260,10000,33,1,0,0,0,0.6088952019010146,Very High
27823,120000,27,0,50620,1000,0,0.4787548264965612,High
16250,310000,37,0,123,123,0,0.4787548264965612,High
4814,130000,42,0,24565,5000,0,0.23012189426192106,Moderate
14749,150000,38,0,509,14310,0,0.2969376556285609,Moderate
24390,210000,43,0,197743,7500,0,0.23012189426192106,Moderate
17086,10000,22,0,6759,2450,1,0.7549348273892288,Very High
28692,260000,31,0,50312,85387,0,0.23012189426192106,Moderate
5328,210000,28,0,37608,2000,0,0.23012189426192106,Moderate
2091,250000,42,0,744,2186,0,0.3697892966663365,Elevated
25508,380000,30,0,295618,13437,0,0.23012189426192106,Moderate
15181,50000,23,2,48668,4034,1,0.8837290745778793,Very High
5415,280000,44,0,235635,7665,0,0.23012189426192106,Moderate
23600,160000,42,0,34186,1569,0,0.23012189426192106,Moderate
17775,110000,54,2,95090,3400,1,0.9260126453015733,Very High
2244,90000,28,2,63869,2368,1,0.8837290745778793,Very High
2458,30000,44,0,8347,1500,0,0.7549348273892288,Very High
28427,50000,30,1,41934,2100,0,0.7735534076852892,Very High
2396,110000,27,0,61152,2326,0,0.23012189426192106,Moderate
3947,150000,35,0,329,0,0,0.347541273276117,Elevated
28314,120000,34,0,0,360,0,0.4787548264965612,High
9427,180000,30,0,149525,7320,0,0.23012189426192106,Moderate
17738,40000,53,0,4621,2150,1,0.7549348273892288,Very High
22635,50000,38,0,25184,1800,0,0.38283804163614554,Elevated
5894,110000,38,0,100699,3530,0,0.23012189426192106,Moderate
8983,180000,42,0,102646,5006,0,0.23012189426192106,Moderate
25153,50000,27,0,29875,4506,0,0.38283804163614554,Elevated
355,50000,58,2,15899,3400,0,0.9260126453015733,Very High
14885,40000,25,0,511,513,1,0.4787548264965612,High
6119,360000,29,0,2273,1175,0,0.2712812631662762,Moderate
6426,210000,39,0,7128,3623,0,0.347541273276117,Elevated
25913,80000,48,2,66321,0,0,0.8837290745778793,Very High
2445,50000,54,0,47872,2000,0,0.5348990689804838,High
2687,360000,48,0,68032,4500,0,0.23012189426192106,Moderate
18320,80000,29,0,78626,3400,0,0.23012189426192106,Moderate
13175,200000,25,0,194202,8000,0,0.23012189426192106,Moderate
25451,50000,25,0,42684,2000,0,0.38283804163614554,Elevated
24360,90000,38,2,89094,3000,1,0.8837290745778793,Very High
19815,100000,45,3,94471,0,1,0.8837290745778793,Very High
29563,290000,35,0,80748,2755,0,0.23012189426192106,Moderate
11853,200000,38,1,-57,0,0,0.6088952019010146,Very High
10957,80000,35,0,2227,1250,0,0.4787548264965612,High
28238,360000,43,0,6088,17980,0,0.23012189426192106,Moderate
8091,410000,38,2,180922,7670,1,0.8837290745778793,Very High
26866,140000,48,1,86114,4100,1,0.8800187576626742,Very High
3198,10000,33,0,8417,1700,0,0.38283804163614554,Elevated
6244,120000,36,0,84171,3438,0,0.23012189426192106,Moderate
15271,230000,42,0,430,430,1,0.4787548264965612,High
15085,80000,41,0,76015,3008,1,0.23012189426192106,Moderate
17462,170000,44,1,0,4142,1,0.5087149171511306,High
28711,60000,39,0,32734,1506,0,0.38283804163614554,Elevated
14865,180000,39,1,0,0,1,0.6088952019010146,Very High
10433,500000,49,0,478030,205,1,0.23012189426192106,Moderate
13130,10000,53,0,1772,8304,0,0.41588151022565645,Elevated
29652,50000,41,5,54090,0,1,0.8837290745778793,Very High
254,160000,28,0,70243,7042,0,0.23012189426192106,Moderate
6494,50000,34,2,61220,9,0,0.8837290745778793,Very High
15703,180000,27,0,172511,8008,0,0.23012189426192106,Moderate
15898,200000,27,1,18354,0,0,0.5382018784947318,High
27926,360000,26,2,2500,0,0,0.8837290745778793,Very High
16910,90000,46,0,91092,4000,0,0.23012189426192106,Moderate
24163,60000,29,0,11976,2000,0,0.38283804163614554,Elevated
20386,30000,23,1,30391,0,0,0.7132952380403815,Very High
29095,80000,56,0,1407,1068,0,0.4787548264965612,High
2908,500000,38,0,499231,22600,1,0.2969376556285609,Moderate
20487,50000,27,0,45586,3000,0,0.38283804163614554,Elevated
16130,50000,41,0,23064,1281,0,0.4787548264965612,High
16196,400000,35,0,1432,8132,1,0.23012189426192106,Moderate
26720,30000,25,1,12925,1000,1,0.7735534076852892,Very High
1676,50000,49,0,90231,2852,1,0.38283804163614554,Elevated
21367,180000,56,0,89560,3460,0,0.23012189426192106,Moderate
23825,50000,51,0,45096,1500,0,0.4787548264965612,High
27465,70000,50,0,68725,3220,0,0.38283804163614554,Elevated
28797,30000,37,0,264,264,1,0.4787548264965612,High
7144,30000,39,0,19643,1700,1,0.38283804163614554,Elevated
25599,50000,43,0,45807,1800,0,0.38283804163614554,Elevated
8643,400000,46,0,10965,9283,0,0.23012189426192106,Moderate
7543,80000,28,1,0,0,1,0.6088952019010146,Very High
15285,490000,41,0,250970,10000,0,0.23012189426192106,Moderate
2619,80000,27,0,23107,5034,0,0.23012189426192106,Moderate
18675,230000,28,0,24867,4300,0,0.23012189426192106,Moderate
24722,360000,38,0,176,252,0,0.4787548264965612,High
18023,50000,49,0,33346,2000,1,0.38283804163614554,Elevated
17932,230000,32,2,253935,10183,1,0.9260126453015733,Very High
7779,230000,45,0,43885,1749,0,0.23012189426192106,Moderate
9642,150000,29,0,94409,5000,0,0.23012189426192106,Moderate
25138,260000,52,1,0,0,0,0.6088952019010146,Very High
10238,140000,41,0,57607,4000,0,0.5348990689804838,High
4604,750000,40,0,16372,15420,0,0.23012189426192106,Moderate
14585,20000,25,1,-431,1000,0,0.3396499288321693,Elevated
20607,150000,30,0,989,1023,0,0.347541273276117,Elevated
1438,210000,33,0,187610,8500,0,0.23012189426192106,Moderate
15118,50000,48,2,47009,4000,0,0.8837290745778793,Very High
16251,50000,24,0,46108,4000,0,0.570501077187048,High
8663,440000,32,0,324469,11129,0,0.23012189426192106,Moderate
21388,60000,54,1,60500,0,0,0.7132952380403815,Very High
6156,30000,24,0,165,165,1,0.4787548264965612,High
1933,260000,36,0,1891,2637,0,0.347541273276117,Elevated
9505,360000,29,1,-1808,0,0,0.3396499288321693,Elevated
8045,380000,31,0,331697,15000,0,0.23012189426192106,Moderate
21408,30000,30,0,1483,1378,0,0.38283804163614554,Elevated
19278,80000,41,0,2727,1679,0,0.2969376556285609,Moderate
13721,100000,27,0,96191,3504,1,0.23012189426192106,Moderate
27624,80000,23,2,84052,7100,1,0.8837290745778793,Very High
193,180000,29,0,11386,199,0,0.2712812631662762,Moderate
18481,330000,25,0,118053,198842,0,0.23012189426192106,Moderate
21246,30000,37,0,22629,5002,0,0.38283804163614554,Elevated
26527,60000,52,0,60250,2167,0,0.38283804163614554,Elevated
10440,330000,27,1,0,0,1,0.6088952019010146,Very High
14937,80000,41,0,78337,3500,1,0.23012189426192106,Moderate
8566,180000,40,0,93648,4246,0,0.23012189426192106,Moderate
28446,100000,47,0,24735,3555,0,0.23012189426192106,Moderate
19120,110000,35,0,22514,1378,0,0.23012189426192106,Moderate
4277,80000,28,0,57798,2050,0,0.23012189426192106,Moderate
18446,130000,24,0,10071,46034,0,0.23012189426192106,Moderate
19486,280000,46,2,506515,0,1,0.8837290745778793,Very High
14126,210000,26,0,6608,3582,0,0.347541273276117,Elevated
28272,130000,38,0,64517,3000,0,0.23012189426192106,Moderate
12786,240000,40,0,4480,1735,0,0.347541273276117,Elevated
12628,340000,32,0,0,0,1,0.347541273276117,Elevated
8311,310000,30,0,33376,2000,0,0.23012189426192106,Moderate
18082,100000,41,1,96310,0,0,0.7132952380403815,Very High
22242,150000,30,0,55,0,0,0.4787548264965612,High
19547,30000,36,0,26535,1433,0,0.4787548264965612,High
10659,50000,43,0,150,809,0,0.4787548264965612,High
24661,180000,39,0,0,444,0,0.4787548264965612,High
24653,260000,42,0,252107,12004,0,0.23012189426192106,Moderate
14692,20000,28,2,12762,0,1,0.9260126453015733,Very High
5723,380000,48,0,379080,13000,0,0.23012189426192106,Moderate
19921,50000,40,0,44749,2229,0,0.38283804163614554,Elevated
14221,70000,42,2,44689,2000,1,0.9260126453015733,Very High
19298,300000,40,0,0,0,1,0.4787548264965612,High
26448,340000,48,0,310866,15000,0,0.23012189426192106,Moderate
19455,230000,31,0,2850,1940,0,0.347541273276117,Elevated
6739,360000,32,1,0,0,1,0.6088952019010146,Very High
3853,50000,48,0,1058,1726,1,0.41588151022565645,Elevated
10517,350000,33,0,293303,50070,0,0.23012189426192106,Moderate
5262,50000,36,0,27433,1161,0,0.2712812631662762,Moderate
28642,150000,33,1,5607,1200,1,0.7735534076852892,Very High
22081,100000,28,2,21117,1400,1,0.9260126453015733,Very High
339,50000,31,0,46512,1974,1,0.38283804163614554,Elevated
17120,300000,27,0,105786,9000,0,0.23012189426192106,Moderate
4800,20000,24,0,16199,0,0,0.4787548264965612,High
23184,80000,39,0,41753,2200,0,0.23012189426192106,Moderate
10255,160000,41,0,2524,0,1,0.4787548264965612,High
1493,60000,48,2,43533,1700,0,0.8837290745778793,Very High
3488,70000,27,0,157,157,0,0.4787548264965612,High
4970,140000,37,0,10025,2000,0,0.2969376556285609,Moderate
5053,100000,25,0,16659,10000,0,0.23012189426192106,Moderate
7375,180000,38,0,54198,4400,1,0.3697892966663365,Elevated
11972,20000,34,1,20690,0,1,0.7132952380403815,Very High
20087,30000,45,0,0,0,0,0.4787548264965612,High
11500,220000,33,0,0,2500,0,0.2969376556285609,Moderate
16284,230000,34,0,167299,8448,0,0.23012189426192106,Moderate
24224,580000,32,0,49193,11686,0,0.23012189426192106,Moderate
4776,260000,48,0,8339,5000,0,0.2969376556285609,Moderate
10161,500000,30,0,5800,7210,0,0.2969376556285609,Moderate
11758,60000,39,1,0,0,0,0.6088952019010146,Very High
24504,550000,44,0,21788,0,0,0.4787548264965612,High
2238,180000,35,0,104335,5500,0,0.23012189426192106,Moderate
20767,130000,38,0,131197,7000,0,0.2969376556285609,Moderate
18291,30000,28,0,23176,2867,0,0.38283804163614554,Elevated
1088,260000,40,1,0,342,0,0.6088952019010146,Very High
17296,360000,32,0,-16,3210,0,0.2969376556285609,Moderate
12215,10000,46,0,7170,1200,0,0.4787548264965612,High
5037,320000,33,0,368,10550,0,0.6550539400917675,Very High
10095,170000,31,0,136330,46000,0,0.23012189426192106,Moderate
249,330000,25,0,46140,2504,0,0.23012189426192106,Moderate
9372,200000,50,0,1662,2482,0,0.347541273276117,Elevated
17928,10000,44,0,6696,2668,0,0.6550539400917675,Very High
16509,20000,24,0,3843,1073,0,0.4787548264965612,High
11026,170000,43,0,51054,2489,0,0.23012189426192106,Moderate
21287,110000,57,0,390,390,0,0.4787548264965612,High
26894,200000,29,0,9228,2100,0,0.5348990689804838,High
6516,50000,41,0,48027,3000,1,0.41588151022565645,Elevated
22262,360000,31,1,0,0,0,0.6088952019010146,Very High
7154,150000,37,0,144744,4610,0,0.23012189426192106,Moderate
22758,360000,30,0,17602,1030,0,0.2712812631662762,Moderate
2201,140000,30,2,1070,4593,1,0.7660818893216393,Very High
15368,60000,38,1,0,780,0,0.6088952019010146,Very High
7867,260000,28,0,63504,4000,0,0.23012189426192106,Moderate
5957,500000,38,0,75433,27486,0,0.23012189426192106,Moderate
12787,340000,38,0,15065,41951,0,0.23012189426192106,Moderate
27786,420000,25,0,17685,30553,0,0.23012189426192106,Moderate
29901,20000,29,0,16809,0,1,0.4787548264965612,High
8296,100000,29,2,74396,2700,1,0.9260126453015733,Very High
27265,310000,41,0,369398,10250,0,0.23012189426192106,Moderate
8537,230000,24,0,69158,8149,0,0.23012189426192106,Moderate
15424,20000,24,0,15886,2500,0,0.570501077187048,High
29317,80000,27,1,0,0,0,0.6088952019010146,Very High
2867,80000,26,0,66982,2986,0,0.23012189426192106,Moderate
7320,500000,43,1,0,0,1,0.6088952019010146,Very High
4278,360000,29,0,1146,2500,1,0.2969376556285609,Moderate
25482,210000,29,0,43933,2000,0,0.23012189426192106,Moderate
9334,320000,37,0,31989,5001,0,0.23012189426192106,Moderate
9722,70000,26,0,67864,3517,1,0.38283804163614554,Elevated
27650,50000,25,0,20916,5000,0,0.41588151022565645,Elevated
7421,280000,31,1,0,0,0,0.6088952019010146,Very High
27018,80000,41,0,35646,3000,0,0.23012189426192106,Moderate
15017,30000,42,1,31217,0,0,0.7132952380403815,Very High
11999,280000,41,0,718,3927,0,0.23012189426192106,Moderate
5787,240000,40,2,2500,0,1,0.8837290745778793,Very High
17243,120000,36,0,3225,3232,0,0.23012189426192106,Moderate
23940,50000,27,1,47568,0,1,0.7132952380403815,Very High
13133,200000,38,0,0,0,0,0.4787548264965612,High
6316,10000,24,0,4216,2500,1,0.6550539400917675,Very High
22876,70000,28,0,44397,3000,0,0.38283804163614554,Elevated
12985,360000,51,0,353200,13806,0,0.23012189426192106,Moderate
19523,50000,28,2,19930,0,1,0.8837290745778793,Very High
1487,230000,32,0,44734,10120,0,0.23012189426192106,Moderate
20751,230000,36,0,0,0,0,0.347541273276117,Elevated
2902,210000,39,0,3391,1000,0,0.3697892966663365,Elevated
3758,180000,27,1,-200,0,1,0.6088952019010146,Very High
692,170000,27,0,1170,0,0,0.6550539400917675,Very High
1838,290000,40,0,274558,10700,1,0.23012189426192106,Moderate
14891,50000,39,0,43994,5000,0,0.38283804163614554,Elevated
13035,80000,32,0,60542,3000,0,0.23012189426192106,Moderate
24976,90000,44,0,16420,1300,0,0.4787548264965612,High
25941,360000,30,0,7410,1115,0,0.4787548264965612,High
11403,160000,47,0,1562,1503,0,0.2969376556285609,Moderate
7841,150000,23,0,6319,2000,0,0.2969376556285609,Moderate
16345,20000,43,0,19295,1295,0,0.4787548264965612,High
6387,50000,29,2,30117,1370,1,0.9260126453015733,Very High
10508,360000,34,1,0,0,1,0.6088952019010146,Very High
25299,80000,24,2,79434,3100,1,0.8837290745778793,Very High
17636,220000,31,0,79226,3900,0,0.23012189426192106,Moderate
21047,230000,34,1,0,0,1,0.6088952019010146,Very High
15642,250000,36,0,253627,10153,0,0.23012189426192106,Moderate
23496,60000,31,0,36434,4100,1,0.6832214599145177,Very High
17305,290000,37,2,140599,13010,1,0.8837290745778793,Very High
13812,100000,26,0,567,390,0,0.2712812631662762,Moderate
4205,50000,23,0,373,0,0,0.38283804163614554,Elevated
29533,170000,34,0,7950,6691,0,0.23012189426192106,Moderate
23564,200000,39,0,500,0,0,0.4787548264965612,High
28833,550000,39,0,336722,11007,0,0.23012189426192106,Moderate
19580,230000,44,0,899,1000,0,0.347541273276117,Elevated
28815,230000,34,0,316,316,0,0.4787548264965612,High
4822,360000,43,0,0,0,0,0.4787548264965612,High
4085,30000,24,1,29846,0,0,0.7735534076852892,Very High
23160,230000,47,0,182787,7000,0,0.23012189426192106,Moderate
21327,50000,52,0,50717,1357,1,0.4787548264965612,High
26396,300000,37,0,5771,3217,0,0.347541273276117,Elevated
22449,50000,44,0,390,390,0,0.4787548264965612,High
27954,50000,25,0,44641,1870,0,0.38283804163614554,Elevated
11795,10000,42,1,9980,1000,1,0.7132952380403815,Very High
18060,400000,32,0,525,1610,0,0.2969376556285609,Moderate
2004,50000,33,2,27752,1487,1,0.8837290745778793,Very High
24547,120000,39,0,30000,0,0,0.347541273276117,Elevated
25741,430000,43,0,30000,28647,0,0.23012189426192106,Moderate
7285,110000,24,1,68068,3900,0,0.7132952380403815,Very High
25620,20000,42,0,6336,1125,1,0.4787548264965612,High
26146,230000,48,0,344458,11000,0,0.23012189426192106,Moderate
29994,100000,38,0,3042,2000,0,0.347541273276117,Elevated
15229,130000,29,1,85342,5000,0,0.7735534076852892,Very High
2315,120000,31,0,26307,1483,0,0.23012189426192106,Moderate
21916,190000,28,0,188370,8700,0,0.23012189426192106,Moderate
25794,220000,31,0,218796,5539,0,0.23012189426192106,Moderate
24236,190000,31,0,104503,4000,0,0.5348990689804838,High
26626,170000,26,0,118084,3800,0,0.23012189426192106,Moderate
7256,210000,54,0,16355,3000,0,0.23012189426192106,Moderate
24438,210000,35,0,131956,5000,0,0.23012189426192106,Moderate
19351,80000,36,2,19671,1700,1,0.8837290745778793,Very High
7590,50000,27,2,49296,1881,0,0.8837290745778793,Very High
27450,20000,33,0,20276,1326,0,0.4787548264965612,High
22312,200000,30,0,194747,9000,0,0.23012189426192106,Moderate
21989,200000,29,0,18568,0,0,0.4787548264965612,High
16461,100000,51,0,94247,3200,0,0.23012189426192106,Moderate
8215,300000,30,0,0,0,0,0.4787548264965612,High
26409,240000,36,0,3922,2947,1,0.2969376556285609,Moderate
3664,30000,24,2,1050,0,1,0.9260126453015733,Very High
12195,40000,25,0,1946,17810,1,0.38283804163614554,Elevated
7419,20000,59,1,-1213,52082,0,0.5087149171511306,High
13415,240000,34,1,40286,14,0,0.5382018784947318,High
14708,30000,30,1,21996,0,1,0.7132952380403815,Very High
25674,270000,43,0,2769,0,0,0.2712812631662762,Moderate
14138,30000,38,0,30000,0,0,0.4787548264965612,High
17111,20000,27,0,15248,1265,0,0.4787548264965612,High
22821,290000,46,0,113618,34507,0,0.2969376556285609,Moderate
25261,90000,23,1,39772,0,0,0.7132952380403815,Very High
502,90000,35,1,23132,0,0,0.7735534076852892,Very High
15167,80000,22,0,3436,3473,0,0.347541273276117,Elevated
12742,360000,62,0,234825,15000,0,0.23012189426192106,Moderate
23608,240000,37,3,164691,7000,1,0.9260126453015733,Very High
28370,80000,42,0,42656,1519,0,0.23012189426192106,Moderate
21200,150000,32,0,150201,5039,0,0.23012189426192106,Moderate
25152,350000,33,0,6016,4348,0,0.23012189426192106,Moderate
12493,20000,33,0,2909,1224,0,0.4787548264965612,High
1615,360000,44,0,270248,5000,0,0.23012189426192106,Moderate
4892,420000,33,0,25718,0,0,0.4787548264965612,High
22901,30000,35,2,17880,2000,1,0.9260126453015733,Very High
26736,140000,27,0,130905,6067,0,0.23012189426192106,Moderate
18198,80000,33,0,32394,23185,0,0.23012189426192106,Moderate
1528,120000,27,0,20874,1700,0,0.2969376556285609,Moderate
2419,20000,33,0,12518,1300,0,0.4787548264965612,High
14050,100000,45,1,0,5220,1,0.6088952019010146,Very High
29546,50000,30,0,37208,1615,1,0.38283804163614554,Elevated
25345,80000,22,0,76405,2780,0,0.23012189426192106,Moderate
13957,70000,46,0,11332,1250,1,0.6832214599145177,Very High
3118,110000,27,0,113461,4251,0,0.23012189426192106,Moderate
15394,390000,58,0,1186,15657,0,0.2969376556285609,Moderate
14347,400000,45,0,9083,12658,0,0.23012189426192106,Moderate
15086,300000,41,0,39260,2052,0,0.23012189426192106,Moderate
27765,180000,24,0,6272,0,0,0.4787548264965612,High
8617,200000,49,0,1377,792,1,0.4787548264965612,High
15349,50000,37,0,24380,1366,0,0.2712812631662762,Moderate
14691,50000,37,0,49045,2000,1,0.38283804163614554,Elevated
21905,180000,27,0,3578,3898,0,0.2969376556285609,Moderate
25833,230000,35,0,7035,2969,0,0.347541273276117,Elevated
19574,80000,46,0,79812,2854,0,0.5348990689804838,High
27676,20000,22,2,20549,1400,0,0.8837290745778793,Very High
7518,230000,36,0,0,0,0,0.4787548264965612,High
251,50000,26,1,50867,1710,0,0.7132952380403815,Very High
933,160000,29,2,1989,0,1,0.7660818893216393,Very High
7593,30000,22,0,30719,1900,0,0.41588151022565645,Elevated
24826,460000,35,0,0,737,0,0.347541273276117,Elevated
20612,340000,29,0,277140,10000,1,0.23012189426192106,Moderate
19019,90000,28,0,866,148,0,0.4787548264965612,High
23287,40000,43,0,780,177,0,0.4787548264965612,High
15765,70000,24,0,5633,1114,0,0.4787548264965612,High
2504,260000,30,0,399,399,1,0.4787548264965612,High
4209,30000,23,2,10732,10000,0,0.9260126453015733,Very High
28562,640000,39,0,119887,10000,0,0.23012189426192106,Moderate
8639,50000,39,0,22187,5000,0,0.38283804163614554,Elevated
8302,110000,27,0,8086,1232,0,0.4787548264965612,High
8221,140000,26,0,9589,70000,0,0.23012189426192106,Moderate
29073,160000,52,0,157018,5000,0,0.23012189426192106,Moderate
25414,50000,23,0,5215,1106,1,0.4787548264965612,High
12529,250000,37,0,13504,1267,0,0.4787548264965612,High
21504,100000,24,0,65744,2398,0,0.23012189426192106,Moderate
179,20000,22,0,16001,1212,0,0.4787548264965612,High
17411,30000,36,0,11896,1600,0,0.41588151022565645,Elevated
28909,400000,41,0,43672,678,1,0.4787548264965612,High
28771,120000,39,1,0,0,1,0.6088952019010146,Very High
2255,240000,32,0,1386,1207,0,0.2712812631662762,Moderate
7413,50000,26,1,0,0,0,0.6088952019010146,Very High
4360,100000,25,0,416,416,0,0.4787548264965612,High
7929,200000,29,0,8972,0,1,0.4787548264965612,High
11938,360000,34,0,9,0,1,0.347541273276117,Elevated
11179,200000,39,0,15138,1513,0,0.2969376556285609,Moderate
24011,90000,25,0,91151,3453,0,0.23012189426192106,Moderate
707,50000,38,1,58102,2500,0,0.7132952380403815,Very High
23006,260000,33,2,258150,20485,1,0.8837290745778793,Very High
13267,110000,29,0,64351,1415,1,0.23012189426192106,Moderate
17808,100000,23,0,291,291,0,0.4787548264965612,High
6583,200000,29,2,172325,6000,1,0.9260126453015733,Very High
16394,180000,43,0,543,0,0,0.347541273276117,Elevated
1218,340000,30,0,351828,30076,0,0.23012189426192106,Moderate
15619,90000,26,0,3268,6745,1,0.2969376556285609,Moderate
21024,50000,43,0,27620,1767,1,0.38283804163614554,Elevated
20834,20000,47,0,10628,1200,1,0.6832214599145177,Very High
20798,90000,44,2,58395,2134,1,0.8837290745778793,Very High
21888,300000,26,0,63425,3005,0,0.23012189426192106,Moderate
29945,80000,39,3,75635,0,1,0.8837290745778793,Very High
5063,50000,30,0,47110,2401,0,0.38283804163614554,Elevated
13261,10000,26,0,6346,1129,0,0.4787548264965612,High
28887,200000,42,0,858,1406,0,0.347541273276117,Elevated
17455,210000,45,0,209495,8000,0,0.23012189426192106,Moderate
23025,500000,36,0,352986,13016,0,0.23012189426192106,Moderate
3838,70000,53,0,9928,1497,0,0.4787548264965612,High
4746,160000,28,1,162761,6000,0,0.7735534076852892,Very High
18137,50000,37,0,45553,6324,0,0.570501077187048,High
2466,100000,29,4,175441,0,1,0.8837290745778793,Very High
9211,120000,31,0,46736,30000,1,0.23012189426192106,Moderate
27043,80000,40,0,72185,12660,0,0.23012189426192106,Moderate
9635,240000,34,0,4970,0,0,0.4787548264965612,High
22980,150000,40,0,16019,0,0,0.347541273276117,Elevated
28609,140000,38,0,84539,18000,0,0.570501077187048,High
6216,200000,41,1,11201,980,0,0.7735534076852892,Very High
3254,50000,47,1,4759,0,1,0.7132952380403815,Very High
27517,20000,55,0,15793,1300,0,0.4787548264965612,High
26029,260000,40,0,63273,49857,0,0.23012189426192106,Moderate
630,200000,45,0,4430,7193,0,0.23012189426192106,Moderate
14162,50000,25,0,10695,0,1,0.570501077187048,High
14370,210000,42,0,88498,3555,0,0.23012189426192106,Moderate
19795,180000,39,0,2569,11662,0,0.23012189426192106,Moderate
23462,270000,44,0,-106,3000,0,0.347541273276117,Elevated
15587,240000,57,0,224041,18800,0,0.23012189426192106,Moderate
4793,20000,44,0,17974,2000,0,0.41588151022565645,Elevated
13504,10000,29,0,7170,1500,1,0.38283804163614554,Elevated
23170,320000,37,2,289260,14500,0,0.9260126453015733,Very High
24170,80000,27,0,58323,4000,0,0.23012189426192106,Moderate
18814,50000,27,0,45632,1837,0,0.38283804163614554,Elevated
11050,90000,33,2,75619,3300,0,0.9260126453015733,Very High
22548,360000,33,0,0,0,1,0.347541273276117,Elevated
12956,280000,62,2,2500,0,1,0.9260126453015733,Very High
16430,90000,50,0,72840,0,0,0.347541273276117,Elevated
24392,160000,33,0,25058,1344,0,0.4787548264965612,High
4058,10000,24,0,8283,1500,0,0.4787548264965612,High
29191,60000,24,0,17054,1600,0,0.41588151022565645,Elevated
1126,300000,38,0,2285,0,0,0.4787548264965612,High
11150,70000,62,1,24635,1100,0,0.7132952380403815,Very High
6277,30000,32,0,28292,3000,0,0.41588151022565645,Elevated
11729,120000,25,0,11431,6000,0,0.23012189426192106,Moderate
25989,210000,36,0,4879,3000,0,0.23012189426192106,Moderate
4636,50000,28,1,-9802,10000,0,0.3396499288321693,Elevated
8501,400000,28,0,6500,405016,0,0.3697892966663365,Elevated
20307,30000,56,0,10232,1510,1,0.5348990689804838,High
20326,80000,55,0,79816,1600,0,0.2969376556285609,Moderate
20178,60000,43,0,60788,2500,0,0.38283804163614554,Elevated
6228,30000,47,0,28923,1586,0,0.41588151022565645,Elevated
5141,200000,43,0,202225,1029,0,0.347541273276117,Elevated
14962,30000,42,0,27742,4600,0,0.570501077187048,High
7796,500000,38,0,54787,20015,0,0.5348990689804838,High
10908,150000,30,2,17352,5000,1,0.9260126453015733,Very High
19962,60000,35,0,20163,2000,0,0.38283804163614554,Elevated
13131,80000,36,0,2741,9266,0,0.2969376556285609,Moderate
22008,80000,24,0,42377,2008,0,0.2969376556285609,Moderate
27324,50000,44,0,49911,1762,0,0.6832214599145177,Very High
13842,200000,55,0,195507,7048,0,0.23012189426192106,Moderate
1443,100000,44,0,780,0,1,0.4787548264965612,High
18164,200000,46,0,53643,1765,0,0.23012189426192106,Moderate
1889,90000,32,1,85997,0,0,0.7735534076852892,Very High
18615,50000,24,2,43878,2068,1,0.8837290745778793,Very High
15524,500000,48,0,107595,5000,0,0.23012189426192106,Moderate
10104,260000,40,0,524,248,0,0.4787548264965612,High
28726,200000,37,0,1382,23994,0,0.23012189426192106,Moderate
27174,160000,33,0,326,326,0,0.4787548264965612,High
6103,50000,38,0,25809,2000,0,0.20287159931475213,Low
22421,10000,23,0,8536,1117,0,0.4787548264965612,High
15618,200000,26,0,0,0,0,0.4787548264965612,High
16705,50000,42,2,4864,1252,0,0.9260126453015733,Very High
27114,60000,29,0,50901,4000,0,0.38283804163614554,Elevated
26355,100000,30,0,2419,2177,0,0.6550539400917675,Very High
12049,50000,31,1,51203,0,0,0.7132952380403815,Very High
18106,200000,33,0,223147,8376,0,0.23012189426192106,Moderate
23469,50000,39,1,16983,0,1,0.7735534076852892,Very High
9241,390000,29,0,0,0,0,0.4787548264965612,High
9570,20000,38,0,6715,1287,0,0.4787548264965612,High
29130,30000,52,0,19629,1340,0,0.38283804163614554,Elevated
712,30000,42,0,47912,1755,0,0.41588151022565645,Elevated
13081,180000,33,0,18205,5000,0,0.23012189426192106,Moderate
26893,20000,38,1,26288,0,0,0.7132952380403815,Very High
18922,150000,28,0,62122,2000,0,0.23012189426192106,Moderate
14169,30000,23,0,27044,2000,0,0.41588151022565645,Elevated
14823,80000,35,0,1000,0,1,0.4787548264965612,High
19059,50000,25,0,50673,2500,0,0.5348990689804838,High
3242,200000,40,2,91368,4000,1,0.9260126453015733,Very High
17475,180000,46,0,9509,16359,0,0.23012189426192106,Moderate
4061,320000,24,0,44500,51334,0,0.23012189426192106,Moderate
25026,500000,51,0,79461,3000,0,0.23012189426192106,Moderate
18157,110000,40,0,101781,3700,0,0.23012189426192106,Moderate
28740,240000,30,0,0,0,0,0.347541273276117,Elevated
23422,310000,32,0,69886,2177,0,0.23012189426192106,Moderate
3384,110000,36,1,10448,0,1,0.7735534076852892,Very High
4270,30000,39,0,29493,2006,1,0.41588151022565645,Elevated
11786,20000,44,0,836,390,0,0.4787548264965612,High
13639,240000,29,0,191059,10000,0,0.23012189426192106,Moderate
1836,50000,37,1,14008,0,1,0.7735534076852892,Very High
17302,50000,41,0,47739,2000,0,0.38283804163614554,Elevated
25918,300000,28,0,16094,2259,0,0.2969376556285609,Moderate
24267,150000,31,0,500,15338,0,0.2969376556285609,Moderate
14724,260000,49,0,8654,15328,0,0.23012189426192106,Moderate
17511,90000,36,1,0,0,1,0.6088952019010146,Very High
13391,60000,25,2,36090,2017,1,0.8837290745778793,Very High
15791,80000,25,0,36808,2000,0,0.23012189426192106,Moderate
15313,180000,46,0,184650,0,0,0.4787548264965612,High
22106,230000,28,0,2454,1197,0,0.347541273276117,Elevated
20838,350000,44,0,266692,3569,0,0.347541273276117,Elevated
16517,150000,27,0,84034,5065,0,0.23012189426192106,Moderate
8495,50000,61,2,5016,1135,0,0.8837290745778793,Very High
24385,500000,49,0,12536,28023,0,0.23012189426192106,Moderate
15461,90000,29,0,85769,3535,0,0.23012189426192106,Moderate
4678,360000,35,0,10621,0,0,0.4787548264965612,High
386,410000,42,0,338106,15000,0,0.23012189426192106,Moderate
10090,750000,41,0,184022,6817,0,0.23012189426192106,Moderate
13798,30000,33,1,39995,1700,0,0.7132952380403815,Very High
22790,240000,35,0,238166,8522,1,0.23012189426192106,Moderate
28851,400000,37,0,14889,929,0,0.2712812631662762,Moderate
21417,180000,27,0,4676,1500,0,0.4787548264965612,High
28082,10000,44,5,8678,0,1,0.7964088951003658,Very High
29243,50000,24,0,390,390,1,0.4787548264965612,High
15465,290000,38,0,3137,8042,0,0.23012189426192106,Moderate
3962,240000,28,0,237633,7065,0,0.23012189426192106,Moderate
10219,80000,46,0,4742,1277,0,0.23012189426192106,Moderate
2195,130000,47,0,5837,21038,0,0.2969376556285609,Moderate
874,180000,45,0,4453,3310,0,0.347541273276117,Elevated
26201,200000,27,0,134,0,0,0.4787548264965612,High
24066,20000,23,0,14697,12483,0,0.38283804163614554,Elevated
23233,230000,35,0,0,0,1,0.4787548264965612,High
21264,50000,55,0,23498,1336,0,0.4787548264965612,High
12644,50000,27,0,0,0,0,0.4787548264965612,High
26656,20000,24,1,20464,4,0,0.7132952380403815,Very High
6733,360000,34,0,31580,1549,0,0.2969376556285609,Moderate
29256,30000,25,0,11355,1512,1,0.41588151022565645,Elevated
8081,230000,30,0,105105,2068,0,0.23012189426192106,Moderate
29696,300000,44,0,223211,21000,0,0.5348990689804838,High
1738,380000,41,0,350341,28400,0,0.3697892966663365,Elevated
27837,70000,26,0,65229,3000,0,0.38283804163614554,Elevated
13965,100000,39,0,1442,1261,0,0.4787548264965612,High
19651,200000,32,0,47550,5000,0,0.23012189426192106,Moderate
20552,50000,28,0,57207,2000,0,0.38283804163614554,Elevated
9044,60000,31,1,0,0,1,0.3396499288321693,Elevated
26384,320000,30,0,10283,2488,0,0.347541273276117,Elevated
14812,200000,36,0,390,1308,0,0.347541273276117,Elevated
16572,10000,25,4,5365,600,0,0.8837290745778793,Very High
10301,180000,43,0,130500,47346,0,0.23012189426192106,Moderate
24197,80000,29,0,80832,2000,0,0.2969376556285609,Moderate
7270,260000,42,0,8606,3856,0,0.23012189426192106,Moderate
29940,100000,37,0,31647,2129,0,0.23012189426192106,Moderate
2490,10000,23,0,5857,1117,0,0.38283804163614554,Elevated
1814,200000,27,2,186806,0,0,0.8837290745778793,Very High
20187,60000,32,0,59166,2000,0,0.38283804163614554,Elevated
1952,100000,36,0,23070,1700,0,0.23012189426192106,Moderate
5284,50000,38,0,588,588,0,0.4787548264965612,High
11932,320000,34,0,7806,2944,0,0.347541273276117,Elevated
921,260000,33,1,0,0,0,0.6088952019010146,Very High
3432,160000,55,0,4144,2016,0,0.347541273276117,Elevated
4244,80000,66,0,58592,2912,0,0.23012189426192106,Moderate
13337,180000,31,0,300,253,0,0.4787548264965612,High
15361,360000,39,1,0,791,0,0.3396499288321693,Elevated
12600,150000,38,0,40441,2000,0,0.23012189426192106,Moderate
2545,20000,25,0,13896,2000,1,0.38283804163614554,Elevated
19668,210000,36,2,420522,16000,0,0.8837290745778793,Very High
23783,180000,53,1,0,0,0,0.8499312992672737,Very High
16992,50000,22,2,36665,4626,1,0.9260126453015733,Very High
703,10000,22,0,8109,2000,1,0.41588151022565645,Elevated
29442,300000,30,0,237372,10000,0,0.23012189426192106,Moderate
10368,90000,26,0,83900,4022,1,0.23012189426192106,Moderate
25623,120000,38,0,652,0,0,0.6550539400917675,Very High
12720,400000,36,0,39601,21357,0,0.23012189426192106,Moderate
23334,150000,36,0,43544,5000,0,0.23012189426192106,Moderate
16656,150000,29,0,4614,2000,0,0.23012189426192106,Moderate
27143,160000,29,0,4908,0,0,0.4787548264965612,High
26945,370000,30,0,333930,13000,0,0.23012189426192106,Moderate
26766,180000,26,0,758,0,1,0.4787548264965612,High
16789,30000,37,3,2379,0,1,0.9260126453015733,Very High
16101,50000,30,0,34811,2000,1,0.41588151022565645,Elevated
3791,250000,46,0,1197,0,1,0.347541273276117,Elevated
14424,50000,24,0,18965,3000,0,0.570501077187048,High
3237,120000,41,0,118847,5000,0,0.23012189426192106,Moderate
10522,100000,51,3,56002,1000,1,0.7964088951003658,Very High
19689,240000,33,0,214361,7830,0,0.23012189426192106,Moderate
26682,70000,27,0,64317,2500,0,0.41588151022565645,Elevated
25738,60000,29,0,1033,2081,0,0.41588151022565645,Elevated
1735,100000,36,0,2205,0,0,0.347541273276117,Elevated
15031,150000,46,2,148364,5400,1,0.9260126453015733,Very High
29816,210000,35,0,326,326,0,0.4787548264965612,High
22514,300000,46,0,5287,3000,0,0.23012189426192106,Moderate
368,10000,24,0,2887,0,0,0.7549348273892288,Very High
2480,140000,28,0,132070,6000,0,0.23012189426192106,Moderate
15600,90000,56,2,48900,2000,1,0.8837290745778793,Very High
4043,360000,42,0,2333,6295,0,0.2969376556285609,Moderate
20415,80000,27,0,60829,2061,0,0.23012189426192106,Moderate
28233,340000,39,0,332319,12500,0,0.23012189426192106,Moderate
2134,90000,27,0,56754,3000,0,0.23012189426192106,Moderate
21867,80000,26,0,4620,2991,0,0.2969376556285609,Moderate
3434,20000,22,0,14677,3004,0,0.38283804163614554,Elevated
19151,240000,46,0,233438,11250,0,0.23012189426192106,Moderate
14059,50000,46,0,48885,2000,0,0.38283804163614554,Elevated
28667,260000,35,0,-124,0,1,0.4787548264965612,High
13648,120000,30,0,330,0,1,0.4787548264965612,High
19939,290000,45,0,36335,1564,0,0.2969376556285609,Moderate
21664,60000,24,0,22504,1420,0,0.38283804163614554,Elevated
13193,120000,39,0,44630,1999,0,0.2969376556285609,Moderate
29481,20000,32,0,16354,1700,0,0.5348990689804838,High
9394,170000,42,0,142118,7040,0,0.23012189426192106,Moderate
22365,100000,31,0,75818,2745,0,0.23012189426192106,Moderate
19621,50000,33,0,43268,2011,0,0.38283804163614554,Elevated
13703,60000,37,1,-391,0,0,0.3396499288321693,Elevated
3539,260000,39,0,5912,3786,1,0.2969376556285609,Moderate
17924,50000,36,2,47097,1796,1,0.8837290745778793,Very High
3061,150000,45,0,141415,5457,1,0.23012189426192106,Moderate
18207,500000,48,1,-471,0,0,0.5087149171511306,High
28760,200000,33,0,15126,3000,0,0.23012189426192106,Moderate
10240,60000,24,0,57480,4207,0,0.570501077187048,High
13305,340000,29,0,82770,10000,0,0.23012189426192106,Moderate
23173,50000,48,0,1309,1000,0,0.38283804163614554,Elevated
27669,110000,24,1,115527,0,1,0.7132952380403815,Very High
29771,20000,31,3,2400,0,1,0.9260126453015733,Very High
19469,340000,32,0,61605,3500,0,0.23012189426192106,Moderate
210,330000,50,0,8872,4345,0,0.23012189426192106,Moderate
17339,30000,30,0,3836,1016,0,0.4787548264965612,High
2371,210000,28,0,187992,8500,0,0.23012189426192106,Moderate
25712,10000,36,0,3671,1500,0,0.4787548264965612,High
9496,130000,29,0,3920,4000,0,0.2969376556285609,Moderate
6152,50000,48,0,79681,3200,0,0.38283804163614554,Elevated
20220,230000,53,0,9358,5000,0,0.23012189426192106,Moderate
19775,240000,37,0,86701,5000,0,0.23012189426192106,Moderate
14009,80000,26,0,76118,4196,0,0.23012189426192106,Moderate
23659,180000,36,0,14222,1300,0,0.5348990689804838,High
24632,170000,42,0,610,995,0,0.347541273276117,Elevated
1417,30000,24,0,4882,14630,0,0.38283804163614554,Elevated
5553,10000,27,1,-2000,4475,0,0.3396499288321693,Elevated
16368,380000,38,0,379080,13501,1,0.23012189426192106,Moderate
6168,500000,33,1,2907,9,0,0.6088952019010146,Very High
14923,20000,25,2,8880,1500,0,0.8837290745778793,Very High
6751,30000,46,2,22352,1700,1,0.9260126453015733,Very High
21850,130000,27,0,19486,35000,0,0.23012189426192106,Moderate
369,300000,40,1,0,0,0,0.6088952019010146,Very High
15025,50000,45,1,20530,0,0,0.7132952380403815,Very High
11175,50000,34,0,51400,0,0,0.4787548264965612,High
20302,130000,56,0,30218,2000,0,0.23012189426192106,Moderate
18977,490000,29,0,20984,2000,0,0.23012189426192106,Moderate
2552,80000,28,0,15268,1315,0,0.4787548264965612,High
27586,80000,52,1,77185,5000,1,0.7132952380403815,Very High
7581,360000,38,0,277523,4013,0,0.23012189426192106,Moderate
8274,80000,28,0,47933,2100,0,0.5348990689804838,High
28755,70000,34,0,2226,1245,0,0.4787548264965612,High
16013,300000,36,1,0,0,0,0.6088952019010146,Very High
20770,360000,30,0,8195,100496,0,0.2969376556285609,Moderate
763,260000,35,0,7967,67650,0,0.23012189426192106,Moderate
12764,490000,30,0,250637,11032,0,0.23012189426192106,Moderate
10078,170000,40,0,6115,872,0,0.347541273276117,Elevated
21732,180000,26,0,4745,5865,0,0.23012189426192106,Moderate
18483,110000,24,0,67729,3000,0,0.23012189426192106,Moderate
25866,260000,34,0,136914,7000,0,0.23012189426192106,Moderate
18298,310000,47,0,290211,10989,0,0.23012189426192106,Moderate
588,210000,25,0,8817,23776,1,0.3697892966663365,Elevated
14806,20000,24,2,16276,1000,0,0.9260126453015733,Very High
5565,140000,60,0,137730,4990,1,0.23012189426192106,Moderate
25652,210000,38,0,13744,5000,0,0.23012189426192106,Moderate
19924,50000,31,0,22716,2000,0,0.41588151022565645,Elevated
12170,120000,58,1,0,2228,1,0.8499312992672737,Very High
2886,230000,37,0,228342,6100,0,0.23012189426192106,Moderate
2172,230000,34,0,22954,1700,0,0.2969376556285609,Moderate
22567,120000,30,2,69443,3200,0,0.9260126453015733,Very High
27239,80000,42,0,11204,6922,0,0.570501077187048,High
26354,70000,30,0,71521,0,0,0.38283804163614554,Elevated
12882,70000,40,0,12924,2600,0,0.570501077187048,High
22915,120000,33,0,0,0,0,0.4787548264965612,High
26442,360000,49,1,0,0,1,0.6088952019010146,Very High
16396,320000,36,0,29026,5000,0,0.23012189426192106,Moderate
27562,230000,56,0,38349,1933,0,0.23012189426192106,Moderate
3161,280000,37,0,251486,9352,0,0.23012189426192106,Moderate
13234,60000,44,0,57694,2800,0,0.38283804163614554,Elevated
14543,50000,38,2,27686,1500,1,0.9260126453015733,Very High
27182,230000,45,0,24901,1500,0,0.23012189426192106,Moderate
6986,50000,40,0,50657,2015,0,0.38283804163614554,Elevated
12330,60000,36,0,2130,0,1,0.38283804163614554,Elevated
22379,240000,29,0,186969,5510,0,0.23012189426192106,Moderate
1247,170000,39,2,74298,7000,1,0.9260126453015733,Very High
29681,50000,47,1,16217,0,0,0.7132952380403815,Very High
18132,240000,37,0,4081,7644,0,0.23012189426192106,Moderate
24962,80000,35,0,77298,2515,0,0.23012189426192106,Moderate
7795,300000,36,1,0,0,0,0.6088952019010146,Very High
8498,50000,26,0,48065,2500,0,0.38283804163614554,Elevated
21677,50000,23,0,48771,2106,0,0.5348990689804838,High
14981,30000,23,2,28224,1800,1,0.9260126453015733,Very High
27816,220000,26,0,29452,5000,0,0.23012189426192106,Moderate
24329,330000,48,0,6051,8387,0,0.23012189426192106,Moderate
15616,60000,28,2,5669,2000,1,0.8837290745778793,Very High
15762,50000,23,0,1980,269,0,0.2712812631662762,Moderate
12774,300000,34,0,271928,10230,1,0.23012189426192106,Moderate
23352,50000,27,0,6018,0,0,0.4787548264965612,High
14422,320000,26,0,316,316,0,0.4787548264965612,High
14674,120000,27,0,3215,700,0,0.4787548264965612,High
28430,140000,33,1,0,7933,0,0.3396499288321693,Elevated
4210,480000,30,1,0,0,0,0.6088952019010146,Very High
3929,480000,50,0,14638,11956,0,0.23012189426192106,Moderate
7777,360000,46,1,0,0,1,0.6088952019010146,Very High
11736,60000,23,0,21295,1679,0,0.41588151022565645,Elevated
14423,300000,37,0,41000,0,0,0.4787548264965612,High
23986,50000,37,0,16029,1281,1,0.4787548264965612,High
9510,70000,31,0,63441,1789,0,0.41588151022565645,Elevated
16122,20000,30,1,17836,0,1,0.7132952380403815,Very High
11625,360000,29,0,92693,20595,0,0.23012189426192106,Moderate
932,320000,60,0,9955,3465,1,0.347541273276117,Elevated
26879,200000,49,0,49221,1689,0,0.23012189426192106,Moderate
1447,210000,37,1,0,732,1,0.3396499288321693,Elevated
1402,30000,36,2,30573,0,0,0.8837290745778793,Very High
9390,40000,26,1,39826,1900,0,0.7735534076852892,Very High
10635,50000,30,0,43935,5000,0,0.38283804163614554,Elevated
10371,360000,37,0,4644,1417,0,0.347541273276117,Elevated
4496,50000,65,0,48341,2068,0,0.41588151022565645,Elevated
7852,260000,51,0,771,1596,0,0.2969376556285609,Moderate
13097,250000,55,1,0,0,0,0.8499312992672737,Very High
21191,350000,36,0,15061,10000,0,0.23012189426192106,Moderate
12,260000,51,0,12261,21818,0,0.23012189426192106,Moderate
182,80000,35,0,49608,12500,0,0.23012189426192106,Moderate
1271,50000,57,0,49017,2500,0,0.38283804163614554,Elevated
24149,30000,29,0,27904,1500,0,0.38283804163614554,Elevated
28814,160000,38,0,6555,0,0,0.4787548264965612,High
5325,30000,38,0,3656,0,0,0.4787548264965612,High
26457,50000,49,0,49195,47000,1,0.38283804163614554,Elevated
28243,30000,44,2,21003,1662,1,0.8837290745778793,Very High
4923,230000,30,0,1219,283,0,0.347541273276117,Elevated
15075,50000,33,0,45853,5435,0,0.38283804163614554,Elevated
17948,160000,36,1,0,0,0,0.6088952019010146,Very High
8726,300000,24,0,7571,1181,1,0.4787548264965612,High
1138,50000,41,0,19339,1703,0,0.41588151022565645,Elevated
17238,170000,40,0,69602,2128,0,0.23012189426192106,Moderate
23366,280000,48,0,166473,7750,0,0.23012189426192106,Moderate
29145,20000,51,0,11156,2300,0,0.41588151022565645,Elevated
5941,60000,25,0,51907,1935,0,0.38283804163614554,Elevated
5128,360000,51,0,3019,2444,0,0.2969376556285609,Moderate
3176,270000,26,0,214277,10000,0,0.23012189426192106,Moderate
18135,270000,38,0,0,0,0,0.4787548264965612,High
19765,60000,46,0,58584,2700,0,0.38283804163614554,Elevated
10740,270000,48,2,53624,15018,1,0.8837290745778793,Very High
19009,340000,30,0,47001,2000,0,0.23012189426192106,Moderate
14874,20000,23,1,9352,0,1,0.7132952380403815,Very High
12762,50000,35,0,50000,1150,1,0.4787548264965612,High
11533,100000,27,0,10458,2500,0,0.2969376556285609,Moderate
3405,80000,30,0,42755,3000,0,0.23012189426192106,Moderate
17692,150000,43,0,885,123,0,0.4787548264965612,High
2640,140000,33,0,85314,4000,0,0.23012189426192106,Moderate
10389,10000,22,0,6579,1134,1,0.4787548264965612,High
22506,310000,33,0,2729,0,1,0.4787548264965612,High
29971,360000,34,0,33654,52951,0,0.23012189426192106,Moderate
27515,320000,51,0,1834,556,0,0.2712812631662762,Moderate
21970,390000,28,0,125863,10053,0,0.23012189426192106,Moderate
12485,70000,24,0,49169,1840,0,0.38283804163614554,Elevated
15721,210000,35,0,5811,0,0,0.4787548264965612,High
3476,20000,28,0,17973,1318,0,0.4787548264965612,High
15526,150000,40,0,154432,4000,0,0.23012189426192106,Moderate
17468,180000,29,0,151652,6000,0,0.23012189426192106,Moderate
2229,60000,29,0,53274,2591,0,0.38283804163614554,Elevated
14481,50000,29,0,49660,2000,1,0.41588151022565645,Elevated
12528,80000,41,0,0,0,0,0.4787548264965612,High
15386,90000,34,0,336,0,1,0.4787548264965612,High
22130,180000,24,0,100772,3034,0,0.23012189426192106,Moderate
5249,30000,28,0,11692,3000,1,0.5348990689804838,High
23079,180000,41,0,22777,20328,0,0.23012189426192106,Moderate
20986,500000,30,0,74797,2800,0,0.23012189426192106,Moderate
6355,170000,53,0,-200,0,0,0.4787548264965612,High
2402,330000,29,0,730,213,0,0.347541273276117,Elevated
8739,80000,26,0,15387,6000,0,0.23012189426192106,Moderate
4216,120000,30,0,100802,5200,0,0.23012189426192106,Moderate
1841,70000,31,0,60058,1834,0,0.41588151022565645,Elevated
26034,230000,27,0,11406,5097,0,0.2969376556285609,Moderate
9589,80000,25,0,59366,15027,0,0.2969376556285609,Moderate
6566,180000,28,0,78128,5000,0,0.23012189426192106,Moderate
25604,160000,32,0,162,0,0,0.4787548264965612,High
11195,200000,38,0,0,0,0,0.4787548264965612,High
16657,360000,34,1,0,0,0,0.3396499288321693,Elevated
6186,50000,48,0,53540,1066,0,0.20287159931475213,Low
28130,10000,49,0,9807,2114,0,0.41588151022565645,Elevated
5104,240000,33,0,9187,5005,0,0.23012189426192106,Moderate
23495,110000,32,0,60558,1900,0,0.2969376556285609,Moderate
21681,90000,23,0,13107,1251,0,0.4787548264965612,High
18385,30000,22,0,23185,1400,0,0.38283804163614554,Elevated
6367,160000,27,1,0,1519,1,0.6088952019010146,Very High
1638,30000,40,2,23687,0,0,0.8837290745778793,Very High
7464,360000,34,0,3821,1937,0,0.2969376556285609,Moderate
3173,230000,35,0,176853,10000,0,0.23012189426192106,Moderate
24309,420000,43,0,3542,3010,0,0.347541273276117,Elevated
159,210000,45,2,115785,10478,1,0.9260126453015733,Very High
24449,320000,36,2,283743,12013,1,0.8837290745778793,Very High
29384,200000,30,0,24853,3158,0,0.23012189426192106,Moderate
21897,180000,27,1,0,376,0,0.3396499288321693,Elevated
7956,50000,27,2,49929,1750,0,0.8837290745778793,Very High
15417,350000,53,1,36138,7619,0,0.5087149171511306,High
2443,240000,55,0,25631,2500,0,0.23012189426192106,Moderate
18754,440000,27,0,197019,6040,0,0.23012189426192106,Moderate
12874,20000,25,0,19791,1917,1,0.41588151022565645,Elevated
23330,240000,35,0,5757,3242,0,0.347541273276117,Elevated
8866,500000,42,1,0,0,1,0.6088952019010146,Very High
14532,50000,26,0,20329,1600,0,0.41588151022565645,Elevated
18411,80000,25,0,390,0,0,0.4787548264965612,High
14787,30000,25,0,19041,1500,1,0.4787548264965612,High
9898,200000,34,1,2500,9814,1,0.3396499288321693,Elevated
1243,160000,45,0,0,0,0,0.4787548264965612,High
2560,80000,28,0,9782,2001,0,0.23012189426192106,Moderate
21596,60000,24,0,57802,2960,0,0.38283804163614554,Elevated
3777,250000,26,1,631,0,1,0.7735534076852892,Very High
28927,360000,35,0,0,0,1,0.4787548264965612,High
19680,260000,40,0,411,209,0,0.4787548264965612,High
17392,240000,43,0,50120,1781,0,0.23012189426192106,Moderate
25672,400000,35,0,4689,10097,0,0.23012189426192106,Moderate
21329,20000,51,0,14962,2890,0,0.38283804163614554,Elevated
3058,30000,47,0,29596,1600,0,0.41588151022565645,Elevated
13083,210000,46,0,3095,2768,1,0.347541273276117,Elevated
16707,280000,33,0,265120,9104,0,0.23012189426192106,Moderate
29147,40000,52,0,31960,2000,0,0.38283804163614554,Elevated
18959,230000,30,0,37719,3025,0,0.23012189426192106,Moderate
16527,30000,25,2,22422,2600,0,0.8837290745778793,Very High
83,60000,30,0,26324,1576,1,0.41588151022565645,Elevated
6820,100000,44,0,37222,2000,0,0.23012189426192106,Moderate
11240,180000,26,3,129728,6006,0,0.9260126453015733,Very High
23533,80000,35,1,78959,0,1,0.7132952380403815,Very High
29906,50000,30,1,17479,1300,1,0.7132952380403815,Very High
16834,10000,45,1,7953,1500,0,0.8800187576626742,Very High
26401,360000,46,0,58389,20000,0,0.23012189426192106,Moderate
28690,170000,31,1,0,427,0,0.3396499288321693,Elevated
14685,130000,30,0,780,0,0,0.4787548264965612,High
19658,50000,33,1,49633,24,0,0.7132952380403815,Very High
28957,500000,44,0,522,20007,0,0.23012189426192106,Moderate
26023,220000,44,2,195375,10,0,0.8837290745778793,Very High
13196,180000,31,1,0,0,1,0.6088952019010146,Very High
24078,140000,27,0,24048,2014,0,0.347541273276117,Elevated
28619,270000,42,0,14352,1859,0,0.347541273276117,Elevated
444,200000,27,0,122923,5704,0,0.23012189426192106,Moderate
14235,100000,27,0,14712,5000,0,0.23012189426192106,Moderate
9189,60000,26,0,440,880,0,0.6550539400917675,Very High
7139,50000,22,0,55100,2372,0,0.38283804163614554,Elevated
7605,200000,46,0,722,9086,0,0.23012189426192106,Moderate
13226,80000,29,0,50695,10010,0,0.23012189426192106,Moderate
25046,130000,54,0,129049,3000,0,0.23012189426192106,Moderate
1442,210000,33,0,17420,1236,0,0.4787548264965612,High
7915,450000,37,0,71985,15000,0,0.23012189426192106,Moderate
23955,20000,24,0,10768,1502,0,0.41588151022565645,Elevated
22941,100000,28,0,20068,1800,0,0.23012189426192106,Moderate
16057,50000,35,0,2628,1000,0,0.4787548264965612,High
12795,190000,31,0,-579,579,1,0.4787548264965612,High
16749,150000,36,2,87021,2000,0,0.9260126453015733,Very High
12040,20000,49,2,7823,1151,1,0.8837290745778793,Very High
26533,70000,62,0,57271,2857,0,0.38283804163614554,Elevated
1568,120000,23,0,118063,4700,0,0.23012189426192106,Moderate
447,160000,28,0,146433,4500,0,0.23012189426192106,Moderate
25751,30000,38,0,2433,4000,1,0.570501077187048,High
13486,160000,25,0,31400,0,0,0.4787548264965612,High
9836,80000,32,0,60918,2500,0,0.23012189426192106,Moderate
15019,50000,41,0,34384,2000,0,0.6832214599145177,Very High
23968,220000,26,0,44432,100000,0,0.23012189426192106,Moderate
15640,270000,32,2,276339,11000,0,0.8837290745778793,Very High
13480,390000,41,2,167795,7299,1,0.9260126453015733,Very High
21375,50000,58,0,382,0,0,0.6832214599145177,Very High
24220,290000,30,0,792,264,0,0.7549348273892288,Very High
7403,250000,24,0,956,1339,1,0.347541273276117,Elevated
28636,100000,35,2,93983,5500,1,0.9260126453015733,Very High
3320,210000,27,0,5353,280,0,0.347541273276117,Elevated
1660,20000,22,0,14562,1121,0,0.4787548264965612,High
27867,70000,25,0,69334,3000,0,0.38283804163614554,Elevated
23912,60000,23,0,31348,20109,0,0.38283804163614554,Elevated
1210,20000,23,0,3675,19316,1,0.41588151022565645,Elevated
18487,150000,26,0,92802,7500,0,0.23012189426192106,Moderate
1995,20000,52,0,16735,4008,0,0.570501077187048,High
5025,180000,40,0,4236,3016,0,0.23012189426192106,Moderate
12272,280000,32,0,13532,23871,0,0.347541273276117,Elevated
9094,50000,30,2,6425,1050,1,0.8837290745778793,Very High
3085,210000,45,0,430,430,0,0.4787548264965612,High
20725,270000,38,2,258442,10350,1,0.9260126453015733,Very High
19553,80000,37,0,2000,2000,1,0.347541273276117,Elevated
14331,150000,46,2,11164,1000,1,0.8837290745778793,Very High
29758,50000,30,0,46860,2500,0,0.38283804163614554,Elevated
9147,70000,35,3,69852,0,1,0.8837290745778793,Very High
2226,60000,31,1,0,1012,1,0.3396499288321693,Elevated
1023,210000,37,0,138398,5000,0,0.23012189426192106,Moderate
3694,50000,29,0,20258,3000,0,0.41588151022565645,Elevated
17572,500000,35,0,12590,1225,0,0.4787548264965612,High
23777,80000,52,0,34243,1570,0,0.2969376556285609,Moderate
13806,230000,27,0,70327,2963,0,0.23012189426192106,Moderate
12683,30000,41,1,8247,16463,0,0.5087149171511306,High
24612,80000,32,0,2976,13424,0,0.23012189426192106,Moderate
18422,160000,25,1,0,1000,1,0.3396499288321693,Elevated
25364,20000,25,2,17496,0,0,0.8837290745778793,Very High
4752,100000,29,0,75012,4000,0,0.23012189426192106,Moderate
20674,20000,35,0,6855,5000,1,0.6832214599145177,Very High
12569,200000,40,1,0,0,1,0.6088952019010146,Very High
24797,70000,46,0,24345,1414,0,0.38283804163614554,Elevated
14081,30000,24,1,2706,0,0,0.7132952380403815,Very High
1367,260000,42,0,399,2101,0,0.2969376556285609,Moderate
21803,80000,24,0,754,0,0,0.6832214599145177,Very High
9918,180000,40,1,172584,1000,0,0.5382018784947318,High
1703,150000,30,0,44795,10000,1,0.570501077187048,High
10674,210000,28,0,1082,0,0,0.4787548264965612,High
17006,150000,24,1,-200,600,0,0.3396499288321693,Elevated
17868,60000,28,0,40784,2001,0,0.38283804163614554,Elevated
9051,120000,39,1,0,0,0,0.6088952019010146,Very High
7612,80000,60,0,68085,10000,0,0.2969376556285609,Moderate
10871,80000,37,2,58024,2800,1,0.9260126453015733,Very High
6431,50000,35,0,780,0,0,0.2712812631662762,Moderate
29970,200000,33,0,110006,5000,0,0.23012189426192106,Moderate
4661,80000,36,0,60110,2186,0,0.2969376556285609,Moderate
26968,350000,32,0,43356,2000,0,0.23012189426192106,Moderate
9961,140000,27,0,136899,5200,0,0.23012189426192106,Moderate
22502,230000,33,0,38646,2000,0,0.23012189426192106,Moderate
12797,20000,28,1,5653,0,1,0.7132952380403815,Very High
24890,170000,40,0,148211,5400,0,0.5348990689804838,High
1845,210000,48,0,0,570,0,0.4787548264965612,High
26424,420000,36,0,20326,1479,0,0.4787548264965612,High
105,60000,26,2,56685,0,0,0.8837290745778793,Very High
1610,210000,43,0,80527,4000,0,0.23012189426192106,Moderate
24679,230000,28,0,48144,12000,0,0.23012189426192106,Moderate
29087,60000,61,0,28208,1495,0,0.38283804163614554,Elevated
3874,50000,52,1,32119,0,1,0.7132952380403815,Very High
11433,80000,31,0,3601,9,1,0.347541273276117,Elevated
29851,50000,46,0,62315,2200,0,0.38283804163614554,Elevated
26975,300000,38,0,706,200,1,0.4787548264965612,High
5178,190000,50,2,69518,3500,1,0.9260126453015733,Very High
24937,310000,39,0,16577,1361,0,0.347541273276117,Elevated
14523,30000,25,0,7204,1200,0,0.2712812631662762,Moderate
2728,200000,27,0,25334,2204,0,0.3697892966663365,Elevated
23736,230000,51,0,213457,17000,0,0.23012189426192106,Moderate
17807,30000,35,2,18915,2000,1,0.9260126453015733,Very High
1977,180000,31,0,28566,5000,0,0.5348990689804838,High
7289,50000,39,0,20650,0,0,0.4787548264965612,High
8184,160000,48,0,153390,15102,0,0.3697892966663365,Elevated
17329,30000,39,0,22215,18243,0,0.3026740989175491,Moderate
2706,180000,25,0,177633,5203,0,0.23012189426192106,Moderate
3969,50000,26,1,0,1950,0,0.3396499288321693,Elevated
25561,500000,28,0,302089,10049,0,0.23012189426192106,Moderate
18477,240000,26,0,150886,6537,0,0.23012189426192106,Moderate
24304,20000,34,2,390,18864,1,0.6670123550244665,Very High
316,60000,23,0,49507,1970,1,0.38283804163614554,Elevated
19517,560000,45,0,34669,150000,0,0.23012189426192106,Moderate
27680,20000,24,0,4261,7830,0,0.20287159931475213,Low
23910,80000,26,0,495,0,0,0.6550539400917675,Very High
13877,10000,45,1,9503,0,0,0.7132952380403815,Very High
15636,270000,38,0,2974,1071,0,0.347541273276117,Elevated
13345,80000,25,0,390,390,1,0.4787548264965612,High
22554,180000,38,1,0,0,0,0.6088952019010146,Very High
23123,490000,33,0,58308,10000,0,0.23012189426192106,Moderate
5678,50000,55,0,44258,2489,0,0.41588151022565645,Elevated
7537,300000,32,0,2884,1706,1,0.347541273276117,Elevated
10330,170000,23,2,160189,5936,0,0.8837290745778793,Very High
28204,300000,38,0,1250,940,0,0.347541273276117,Elevated
26407,280000,30,1,25903,50,0,0.5382018784947318,High
15604,20000,24,0,12509,0,0,0.2712812631662762,Moderate
10862,110000,29,2,600,0,1,0.9260126453015733,Very High
3759,80000,27,0,22381,1500,1,0.23012189426192106,Moderate
18358,20000,22,0,12476,3000,0,0.7549348273892288,Very High
13596,50000,39,0,43724,2000,0,0.38283804163614554,Elevated
12223,30000,36,3,26851,0,1,0.8837290745778793,Very High
29755,220000,39,1,0,0,0,0.6088952019010146,Very High
28748,50000,28,3,2400,0,0,0.9260126453015733,Very High
17090,80000,25,1,78894,3000,0,0.7132952380403815,Very High
10215,70000,29,0,68532,3300,0,0.38283804163614554,Elevated
19383,120000,48,0,626,0,0,0.4787548264965612,High
11208,170000,36,0,82898,10000,0,0.2969376556285609,Moderate
16717,430000,29,0,1442,3058,0,0.2969376556285609,Moderate
14262,20000,57,0,390,390,1,0.4787548264965612,High
2301,200000,44,2,188553,8011,0,0.8837290745778793,Very High
2461,280000,26,0,146130,5042,0,0.23012189426192106,Moderate
22525,190000,38,0,39468,2151,0,0.23012189426192106,Moderate
3119,60000,43,0,57033,2880,0,0.38283804163614554,Elevated
24275,360000,29,0,18454,6028,0,0.23012189426192106,Moderate
6398,80000,26,0,33490,5000,0,0.2969376556285609,Moderate
28232,30000,42,1,30445,0,1,0.7132952380403815,Very High
8915,330000,28,0,53260,2000,0,0.23012189426192106,Moderate
2837,240000,39,0,171907,7200,0,0.23012189426192106,Moderate
13064,90000,31,0,79397,2950,1,0.23012189426192106,Moderate
6090,130000,52,1,112434,0,0,0.7132952380403815,Very High
20581,500000,30,0,20544,5835,0,0.7549348273892288,Very High
20610,130000,29,2,47272,1600,0,0.8837290745778793,Very High
17267,20000,33,0,20023,1300,0,0.4787548264965612,High
17491,50000,39,0,49005,6000,0,0.38283804163614554,Elevated
9582,50000,21,0,21023,3000,0,0.41588151022565645,Elevated
18,320000,49,0,253286,10358,0,0.23012189426192106,Moderate
5985,70000,33,0,63845,3224,0,0.38283804163614554,Elevated
28542,330000,31,0,4054,1091,0,0.23012189426192106,Moderate
10120,90000,26,0,70206,3300,0,0.23012189426192106,Moderate
1010,80000,27,0,80000,0,0,0.4787548264965612,High
2215,50000,41,0,22358,1900,0,0.570501077187048,High
1967,90000,29,1,41073,3100,0,0.3396499288321693,Elevated
6555,180000,28,0,-124,1004,0,0.4787548264965612,High
28551,50000,34,0,50854,1314,0,0.38283804163614554,Elevated
21104,80000,45,0,34905,1600,0,0.23012189426192106,Moderate
11142,290000,29,0,232319,5071,0,0.23012189426192106,Moderate
3720,50000,30,0,780,780,0,0.7549348273892288,Very High
4735,420000,43,0,44670,30253,0,0.23012189426192106,Moderate
4841,50000,37,3,30411,1500,1,0.8837290745778793,Very High
16914,50000,60,0,51078,2013,0,0.38283804163614554,Elevated
9185,50000,51,0,50448,2017,1,0.38283804163614554,Elevated
23780,180000,64,0,18084,1703,0,0.347541273276117,Elevated
28488,180000,36,1,0,0,0,0.6088952019010146,Very High
18134,280000,36,0,10831,4216,1,0.5348990689804838,High
16576,20000,24,0,15221,3287,0,0.41588151022565645,Elevated
25131,420000,52,0,11097,16106,0,0.23012189426192106,Moderate
9014,20000,43,0,19107,1330,0,0.4787548264965612,High
16639,50000,41,0,50611,2200,0,0.38283804163614554,Elevated
26939,20000,27,0,11849,1500,1,0.4787548264965612,High
24437,260000,37,0,256,188,0,0.4787548264965612,High
8925,200000,34,0,68262,2791,0,0.23012189426192106,Moderate
23328,170000,47,0,62927,1566,0,0.2969376556285609,Moderate
23529,450000,36,1,5909,968,0,0.3396499288321693,Elevated
4253,180000,39,0,29478,3353,0,0.3697892966663365,Elevated
8469,50000,36,2,50808,0,1,0.8837290745778793,Very High
29082,200000,58,1,203108,7500,1,0.5382018784947318,High
21239,360000,43,0,59,4465,0,0.2969376556285609,Moderate
25820,280000,30,0,2946,3326,0,0.2969376556285609,Moderate
1167,200000,52,0,115702,5517,0,0.23012189426192106,Moderate
14662,120000,26,0,5820,216,0,0.347541273276117,Elevated
21619,50000,26,0,390,2078,0,0.41588151022565645,Elevated
22189,50000,29,0,22120,4000,0,0.38283804163614554,Elevated
28110,60000,39,0,12545,1217,1,0.4787548264965612,High
6962,70000,47,1,64586,0,0,0.8800187576626742,Very High
27894,150000,29,0,146465,7000,0,0.23012189426192106,Moderate
28227,290000,46,0,30365,32575,0,0.23012189426192106,Moderate
8188,160000,51,0,67610,4000,1,0.5348990689804838,High
11879,120000,26,0,67519,3000,0,0.23012189426192106,Moderate
9555,200000,48,0,0,0,0,0.4787548264965612,High
27690,30000,25,0,8935,1165,0,0.4787548264965612,High
7394,100000,41,0,107224,7000,0,0.23012189426192106,Moderate
14673,250000,27,0,8769,990,0,0.4787548264965612,High
23400,240000,35,0,0,0,1,0.4787548264965612,High
13158,480000,36,0,19311,1368,0,0.2712812631662762,Moderate
5089,280000,28,0,17795,4125,0,0.2969376556285609,Moderate
10421,50000,23,0,33109,1660,0,0.41588151022565645,Elevated
26783,280000,30,0,104252,4510,0,0.23012189426192106,Moderate
26433,480000,48,0,1087,188,0,0.4787548264965612,High
11493,320000,37,0,188106,6496,0,0.23012189426192106,Moderate
15038,100000,35,0,65451,8000,0,0.5348990689804838,High
74,290000,37,1,0,0,0,0.6088952019010146,Very High
19818,20000,33,2,19946,1593,1,0.8837290745778793,Very High
11043,100000,28,0,106203,8000,0,0.23012189426192106,Moderate
18235,50000,58,2,7831,1123,0,0.8837290745778793,Very High
16631,120000,25,0,11147,2446,0,0.6550539400917675,Very High
15192,220000,28,0,224166,8200,0,0.23012189426192106,Moderate
6753,30000,50,2,30615,0,1,0.9260126453015733,Very High
8699,200000,44,0,66689,2362,0,0.23012189426192106,Moderate
23823,120000,47,0,632,948,1,0.7549348273892288,Very High
17576,170000,40,2,193,3760,1,0.6670123550244665,Very High
28069,100000,40,0,92393,3500,0,0.23012189426192106,Moderate
8321,360000,41,1,0,0,1,0.6088952019010146,Very High
25743,190000,40,0,182923,8059,1,0.23012189426192106,Moderate
24667,430000,34,2,435,183,0,0.6670123550244665,Very High
19916,500000,40,0,212961,63000,0,0.23012189426192106,Moderate
22452,90000,36,0,91552,55000,0,0.23012189426192106,Moderate
2216,200000,38,0,6677,0,0,0.23012189426192106,Moderate
11968,20000,29,0,4453,8019,0,0.38283804163614554,Elevated
9889,160000,38,0,105313,5416,0,0.23012189426192106,Moderate
6285,150000,32,0,30697,10000,0,0.23012189426192106,Moderate
6305,180000,36,0,100,100,1,0.4787548264965612,High
20932,560000,36,0,4286,3282,0,0.347541273276117,Elevated
27903,60000,25,0,59228,2300,0,0.38283804163614554,Elevated
17301,110000,39,0,107441,4023,0,0.23012189426192106,Moderate
22938,270000,43,0,94125,1326,0,0.4787548264965612,High
17075,200000,25,0,175435,24720,0,0.3697892966663365,Elevated
27865,280000,24,0,316,316,0,0.347541273276117,Elevated
19308,210000,32,0,7544,5255,0,0.23012189426192106,Moderate
6474,170000,23,0,32192,1608,0,0.23012189426192106,Moderate
6237,380000,42,0,4377,0,0,0.347541273276117,Elevated
27116,230000,33,1,0,1427,0,0.3396499288321693,Elevated
4964,180000,42,0,4314,2500,0,0.23012189426192106,Moderate
19671,60000,44,1,61049,0,0,0.7132952380403815,Very High
13780,50000,47,0,-2640,2640,0,0.38283804163614554,Elevated
16089,290000,33,0,2369,1298,1,0.347541273276117,Elevated
15196,120000,26,0,316,316,0,0.4787548264965612,High
28935,50000,37,0,4793,3000,0,0.41588151022565645,Elevated
17536,190000,45,0,76433,3300,0,0.23012189426192106,Moderate
26044,10000,42,2,7587,1000,1,0.8837290745778793,Very High
22716,60000,44,0,2802,0,0,0.4787548264965612,High
2220,340000,41,0,6814,0,1,0.23012189426192106,Moderate
10556,400000,31,0,7912,4220,0,0.23012189426192106,Moderate
21429,160000,35,0,24306,2000,0,0.5348990689804838,High
1650,50000,40,0,42549,2200,0,0.38283804163614554,Elevated
6947,220000,37,2,2345,1007,1,0.8837290745778793,Very High
14819,230000,26,0,1099,19686,0,0.23012189426192106,Moderate
10134,40000,45,1,40910,0,0,0.7132952380403815,Very High
76,20000,24,0,14619,2850,0,0.6550539400917675,Very High
12771,140000,26,0,105930,3029,0,0.23012189426192106,Moderate
29960,290000,32,0,23234,1575,0,0.347541273276117,Elevated
20657,160000,45,0,155842,6139,1,0.23012189426192106,Moderate
19662,120000,39,0,2753,0,0,0.4787548264965612,High
4339,150000,50,3,3227,0,0,0.8837290745778793,Very High
24656,210000,45,0,56024,1836,1,0.23012189426192106,Moderate
2827,360000,31,0,0,18540,0,0.23012189426192106,Moderate
4398,160000,32,0,5315,8300,0,0.23012189426192106,Moderate
20978,30000,44,2,17766,1306,1,0.8837290745778793,Very High
20236,200000,54,0,2841,0,0,0.2712812631662762,Moderate
23080,170000,47,0,34804,1600,0,0.23012189426192106,Moderate
29599,70000,39,0,71059,5000,1,0.38283804163614554,Elevated
19567,240000,47,0,27884,23610,0,0.2969376556285609,Moderate
23570,500000,37,0,747,0,0,0.4787548264965612,High
10466,300000,29,0,-1282,0,0,0.347541273276117,Elevated
22265,260000,31,0,82156,3611,0,0.23012189426192106,Moderate
24363,40000,37,0,20774,1355,0,0.4787548264965612,High
25790,150000,35,0,3003,2698,0,0.347541273276117,Elevated
13967,40000,55,2,2400,0,1,0.9260126453015733,Very High
13718,70000,30,2,56448,2600,1,0.9260126453015733,Very High
14042,230000,43,0,1099,2508,0,0.2969376556285609,Moderate
23751,110000,51,0,105476,5436,0,0.23012189426192106,Moderate
15890,70000,27,0,47938,2500,0,0.38283804163614554,Elevated
25372,320000,28,0,10668,44462,0,0.23012189426192106,Moderate
6903,180000,29,0,4000,6028,0,0.23012189426192106,Moderate
17736,350000,50,0,263390,10532,1,0.23012189426192106,Moderate
5909,140000,40,0,67371,3100,0,0.23012189426192106,Moderate
22267,400000,29,0,74829,7017,1,0.3697892966663365,Elevated
5692,410000,36,0,3827,10534,0,0.23012189426192106,Moderate
10111,240000,47,1,0,0,0,0.6088952019010146,Very High
3646,240000,26,0,161766,7000,0,0.23012189426192106,Moderate
1400,50000,23,0,34422,1544,0,0.41588151022565645,Elevated
14920,800000,53,0,7639,11145,0,0.23012189426192106,Moderate
14225,360000,44,0,10311,2758,0,0.2969376556285609,Moderate
20255,350000,52,3,2400,0,1,0.9260126453015733,Very High
909,50000,27,0,7010,3000,0,0.41588151022565645,Elevated
27297,10000,43,0,9545,1117,0,0.4787548264965612,High
15837,50000,27,0,50686,1779,0,0.38283804163614554,Elevated
3284,230000,27,0,92167,3340,0,0.23012189426192106,Moderate
21133,500000,35,0,5925,11194,0,0.23012189426192106,Moderate
10394,60000,23,0,59318,2065,0,0.41588151022565645,Elevated
16932,50000,55,0,390,390,0,0.4787548264965612,High
19157,350000,36,0,3272,7008,0,0.2969376556285609,Moderate
16970,300000,55,0,390,601,1,0.347541273276117,Elevated
23573,360000,40,0,8736,974,0,0.347541273276117,Elevated
5764,20000,35,0,17584,3013,0,0.41588151022565645,Elevated
26597,20000,27,0,19339,1500,0,0.4787548264965612,High
24857,210000,47,0,-163,0,1,0.2712812631662762,Moderate
23245,160000,40,0,661,2881,0,0.2969376556285609,Moderate
19546,160000,28,2,132528,7000,0,0.8837290745778793,Very High
27420,50000,45,0,390,390,1,0.4787548264965612,High
14186,360000,29,1,0,0,0,0.3396499288321693,Elevated
24914,110000,34,1,53524,6600,1,0.7132952380403815,Very High
9743,150000,27,0,12593,38018,0,0.2969376556285609,Moderate
19963,260000,42,0,16827,1500,0,0.23012189426192106,Moderate
7541,210000,33,0,19951,2000,0,0.23012189426192106,Moderate
2156,110000,29,2,95690,11000,1,0.9260126453015733,Very High
24419,80000,43,1,0,0,0,0.6088952019010146,Very High
15770,30000,24,0,0,0,0,0.4787548264965612,High
24321,780000,48,0,171459,10000,0,0.23012189426192106,Moderate
7653,100000,38,0,84883,4000,0,0.23012189426192106,Moderate
17686,250000,35,2,92966,1641,1,0.8837290745778793,Very High
16008,70000,22,2,69242,3500,0,0.8837290745778793,Very High
1451,40000,25,0,11273,1520,0,0.41588151022565645,Elevated
25336,360000,27,0,660,663,0,0.2712812631662762,Moderate
23010,90000,43,0,0,0,0,0.4787548264965612,High
199,500000,34,0,412,138,0,0.347541273276117,Elevated
14447,80000,39,2,62281,2500,1,0.8837290745778793,Very High
16686,50000,36,0,46712,5000,0,0.7549348273892288,Very High
20902,130000,30,0,70142,1100,0,0.23012189426192106,Moderate
24018,50000,25,0,5814,0,0,0.20287159931475213,Low
7092,50000,23,0,17313,3000,1,0.570501077187048,High
18699,160000,27,1,0,0,0,0.3396499288321693,Elevated
2370,230000,42,0,2915,4203,0,0.2969376556285609,Moderate
19391,370000,42,0,291006,12100,0,0.23012189426192106,Moderate
28141,180000,44,0,16891,0,0,0.4787548264965612,High
8660,50000,24,1,0,0,0,0.6088952019010146,Very High
20191,350000,31,0,35420,4000,0,0.23012189426192106,Moderate
23828,280000,50,2,106341,5600,1,0.8837290745778793,Very High
1072,150000,44,0,390,5104,1,0.23012189426192106,Moderate
15951,50000,31,1,50701,0,1,0.7132952380403815,Very High
20918,20000,46,0,1836,0,1,0.570501077187048,High
24188,240000,29,0,210522,20000,0,0.23012189426192106,Moderate
13239,20000,22,1,19438,1700,1,0.7132952380403815,Very High
12256,120000,28,0,2049,0,1,0.4787548264965612,High
13939,50000,56,0,48316,1700,0,0.38283804163614554,Elevated
21262,30000,51,0,13386,1218,0,0.4787548264965612,High
216,30000,42,0,390,390,0,0.4787548264965612,High
17355,30000,41,0,1688,0,0,0.4787548264965612,High
7122,260000,47,0,164137,10000,0,0.23012189426192106,Moderate
11080,100000,41,0,76828,4000,0,0.23012189426192106,Moderate
22769,60000,44,0,63236,2500,1,0.38283804163614554,Elevated
6437,50000,26,0,49713,2000,0,0.38283804163614554,Elevated
626,20000,24,0,13168,1237,0,0.4787548264965612,High
22706,200000,37,1,-58,0,0,0.6088952019010146,Very High
18240,160000,55,0,-64,0,0,0.347541273276117,Elevated
14465,500000,36,0,70016,2568,0,0.23012189426192106,Moderate
16309,110000,33,0,36075,4000,0,0.23012189426192106,Moderate
15243,70000,38,0,59195,2195,0,0.38283804163614554,Elevated
11227,310000,44,0,11983,7797,0,0.23012189426192106,Moderate
18072,60000,36,2,48547,2000,1,0.9260126453015733,Very High
4029,60000,27,0,18224,2000,0,0.38283804163614554,Elevated
5668,360000,27,0,119138,20006,0,0.23012189426192106,Moderate
28662,50000,46,1,52308,0,0,0.7132952380403815,Very High
4537,270000,33,0,2323,5434,0,0.2969376556285609,Moderate
25052,400000,53,0,15090,4004,0,0.23012189426192106,Moderate
12087,50000,42,0,49887,1850,0,0.41588151022565645,Elevated
24333,50000,49,2,49943,0,1,0.8837290745778793,Very High
9166,260000,34,0,176688,6929,0,0.23012189426192106,Moderate
6570,50000,48,3,12961,507,1,0.8837290745778793,Very High
9760,200000,45,0,80,2230,1,0.347541273276117,Elevated
1822,110000,29,0,48088,2000,0,0.23012189426192106,Moderate
7115,220000,35,0,21960,2000,0,0.23012189426192106,Moderate
10613,20000,31,0,16569,11000,0,0.38283804163614554,Elevated
23785,210000,56,0,25487,6655,0,0.23012189426192106,Moderate
16082,100000,31,0,71171,1746,0,0.23012189426192106,Moderate
16683,350000,36,0,249663,8026,0,0.23012189426192106,Moderate
28231,210000,32,0,0,0,0,0.4787548264965612,High
10204,130000,32,0,65599,3000,0,0.23012189426192106,Moderate
13019,200000,27,0,65489,4013,0,0.23012189426192106,Moderate
20231,20000,51,1,14710,0,0,0.7132952380403815,Very High
12681,200000,26,0,980,2000,0,0.347541273276117,Elevated
14399,400000,36,0,44765,10006,0,0.23012189426192106,Moderate
14769,440000,30,0,390512,10063,0,0.23012189426192106,Moderate
14968,10000,22,0,18289,1317,0,0.4787548264965612,High
13868,380000,31,0,225905,11000,0,0.23012189426192106,Moderate
14215,30000,50,0,665,0,1,0.4787548264965612,High
29896,230000,46,0,39900,1200,0,0.4787548264965612,High
27533,50000,57,0,49543,1500,0,0.4787548264965612,High
13867,30000,36,0,1493,1858,0,0.41588151022565645,Elevated
13587,80000,50,0,56602,5000,0,0.23012189426192106,Moderate
25209,80000,23,0,51980,6670,0,0.23012189426192106,Moderate
20665,370000,39,1,343248,5,1,0.5382018784947318,High
3333,500000,59,0,0,0,1,0.4787548264965612,High
14433,140000,41,0,82309,12682,0,0.23012189426192106,Moderate
18854,80000,26,0,69589,5000,0,0.5348990689804838,High
9100,100000,50,0,95549,5025,0,0.23012189426192106,Moderate
21716,30000,24,1,25193,0,1,0.7735534076852892,Very High
27606,150000,26,0,81638,2481,0,0.23012189426192106,Moderate
21772,360000,25,2,1614,40,0,0.7660818893216393,Very High
3207,300000,37,0,3144,5734,0,0.23012189426192106,Moderate
1632,100000,43,0,9122,22982,0,0.23012189426192106,Moderate
5840,80000,25,0,0,0,0,0.4787548264965612,High
4434,290000,46,0,289002,1343,0,0.347541273276117,Elevated
1903,500000,39,0,6057,9418,0,0.23012189426192106,Moderate
3375,420000,34,0,18037,3048,0,0.23012189426192106,Moderate
17980,20000,39,0,30892,5000,0,0.38283804163614554,Elevated
29598,140000,44,0,129301,6104,0,0.23012189426192106,Moderate
25594,120000,38,0,118016,5720,0,0.23012189426192106,Moderate
28059,20000,40,0,19088,1248,0,0.4787548264965612,High
21177,180000,45,0,130950,6000,0,0.23012189426192106,Moderate
7089,190000,55,0,104344,6003,0,0.23012189426192106,Moderate
23068,440000,33,0,164269,5666,0,0.23012189426192106,Moderate
8685,150000,34,0,1464,1586,0,0.2969376556285609,Moderate
27936,50000,28,0,23318,1398,0,0.4787548264965612,High
14319,140000,24,0,25118,2000,0,0.23012189426192106,Moderate
8758,160000,41,0,2392,316,0,0.4787548264965612,High
22431,90000,35,0,37003,2000,0,0.5348990689804838,High
3981,180000,26,0,71702,2950,1,0.23012189426192106,Moderate
26206,80000,27,0,390,390,0,0.4787548264965612,High
22417,130000,39,2,108879,5500,0,0.9260126453015733,Very High
17324,140000,31,2,159164,0,1,0.8837290745778793,Very High
4351,170000,34,0,326,326,1,0.4787548264965612,High
6107,150000,62,1,0,0,0,0.8499312992672737,Very High
15145,330000,28,0,32316,2000,0,0.23012189426192106,Moderate
22169,50000,28,2,45004,3880,1,0.8837290745778793,Very High
24683,330000,42,0,73214,10000,0,0.23012189426192106,Moderate
24211,70000,31,0,25856,13737,0,0.38283804163614554,Elevated
17396,80000,29,2,72674,3300,0,0.9260126453015733,Very High
5876,340000,33,0,336190,10300,1,0.23012189426192106,Moderate
9426,140000,45,0,55444,3000,0,0.5348990689804838,High
21311,30000,52,1,3997,0,1,0.7132952380403815,Very High
16892,120000,33,1,0,0,0,0.3396499288321693,Elevated
6993,420000,36,0,0,3363,0,0.347541273276117,Elevated
396,140000,27,0,142428,10000,0,0.23012189426192106,Moderate
17731,360000,54,1,0,0,0,0.5087149171511306,High
9762,360000,33,1,296148,14906,0,0.7735534076852892,Very High
22405,150000,26,0,136736,4486,0,0.23012189426192106,Moderate
12972,240000,29,0,59,548,1,0.4787548264965612,High
27434,300000,45,0,3016,0,0,0.347541273276117,Elevated
25621,70000,29,0,66330,3049,0,0.38283804163614554,Elevated
16916,390000,64,0,38383,1608,0,0.23012189426192106,Moderate
28764,290000,32,0,4340,3686,1,0.347541273276117,Elevated
7959,320000,33,0,16003,1939,0,0.347541273276117,Elevated
13437,260000,30,0,434442,10000,0,0.23012189426192106,Moderate
13652,140000,31,0,727,829,0,0.4787548264965612,High
9032,50000,36,1,21031,0,1,0.7735534076852892,Very High
20285,40000,55,1,27849,2000,0,0.8800187576626742,Very High
5312,80000,46,0,30773,10036,0,0.570501077187048,High
10045,200000,44,1,-40,0,0,0.6088952019010146,Very High
19704,30000,37,0,3860,780,0,0.20287159931475213,Low
19119,80000,42,0,50320,1784,0,0.23012189426192106,Moderate
642,130000,28,0,100143,2500,0,0.2969376556285609,Moderate
3676,10000,25,0,6991,1126,0,0.4787548264965612,High
17377,70000,42,0,24133,1702,0,0.41588151022565645,Elevated
7370,50000,37,0,23607,2000,0,0.38283804163614554,Elevated
17178,250000,31,0,1242,0,0,0.2712812631662762,Moderate
26850,20000,26,2,6078,1200,1,0.9260126453015733,Very High
6352,260000,30,2,94114,5000,1,0.8837290745778793,Very High
18962,100000,29,1,63542,5000,0,0.7735534076852892,Very High
3954,110000,37,0,79646,50000,0,0.23012189426192106,Moderate
11231,230000,39,1,0,0,1,0.6088952019010146,Very High
477,50000,44,0,50893,1800,0,0.41588151022565645,Elevated
26358,500000,32,0,422713,15000,0,0.23012189426192106,Moderate
5356,60000,37,0,57694,2800,0,0.38283804163614554,Elevated
1982,80000,40,3,38503,2500,1,0.9260126453015733,Very High
27733,30000,24,0,3740,1100,0,0.4787548264965612,High
15492,110000,41,0,80959,3486,0,0.23012189426192106,Moderate
18455,50000,26,2,50002,2330,1,0.8837290745778793,Very High
15483,20000,39,0,19831,1300,0,0.20287159931475213,Low
16997,50000,22,0,8585,0,0,0.4787548264965612,High
24606,210000,35,0,62809,3018,0,0.23012189426192106,Moderate
8199,60000,27,0,39068,1970,0,0.38283804163614554,Elevated
5021,290000,42,0,154753,7000,0,0.23012189426192106,Moderate
1384,300000,27,0,42189,83754,0,0.23012189426192106,Moderate
8530,240000,35,0,11906,55167,0,0.23012189426192106,Moderate
7778,280000,34,0,126305,4728,1,0.23012189426192106,Moderate
7750,250000,44,0,6826,3924,1,0.23012189426192106,Moderate
26500,30000,55,0,-330,500,0,0.4787548264965612,High
262,50000,29,0,49276,1602,0,0.41588151022565645,Elevated
295,130000,29,1,0,0,0,0.6088952019010146,Very High
6655,190000,26,2,204297,6355,1,0.8837290745778793,Very High
10875,150000,60,0,149892,6780,1,0.23012189426192106,Moderate
14031,50000,31,0,45074,2201,1,0.5348990689804838,High
18611,140000,25,0,2555,2000,1,0.23012189426192106,Moderate
12301,80000,28,0,0,0,0,0.4787548264965612,High
12278,60000,39,0,36343,5140,0,0.38283804163614554,Elevated
15178,50000,23,0,8400,1160,0,0.4787548264965612,High
18548,210000,26,0,4341,402,0,0.347541273276117,Elevated
10288,80000,35,1,0,0,1,0.3396499288321693,Elevated
13933,50000,27,1,15345,0,0,0.7735534076852892,Very High
18782,200000,30,1,38398,0,0,0.5382018784947318,High
3498,240000,37,0,2208,5665,0,0.23012189426192106,Moderate
10784,200000,24,0,156683,5808,0,0.23012189426192106,Moderate
19331,320000,41,0,59807,10000,0,0.23012189426192106,Moderate
18089,140000,40,0,139934,6500,0,0.23012189426192106,Moderate
17540,30000,47,0,27119,2894,0,0.5348990689804838,High
15965,50000,39,2,78874,4725,1,0.8837290745778793,Very High
24964,280000,42,0,11847,10252,0,0.23012189426192106,Moderate
12560,200000,31,0,179063,5000,0,0.23012189426192106,Moderate
17999,80000,33,0,251594,13000,0,0.6550539400917675,Very High
12990,100000,36,0,14891,0,0,0.2712812631662762,Moderate
19772,230000,40,0,0,0,0,0.4787548264965612,High
20855,80000,34,2,81882,3650,1,0.8837290745778793,Very High
19927,40000,42,0,40285,1658,1,0.41588151022565645,Elevated
11263,120000,30,1,0,0,0,0.6088952019010146,Very High
25055,20000,49,0,18260,1621,1,0.41588151022565645,Elevated
24803,140000,26,0,21513,2000,0,0.23012189426192106,Moderate
8144,150000,47,0,316,316,0,0.4787548264965612,High
29028,210000,41,0,194,6479,1,0.2969376556285609,Moderate
9670,380000,39,0,0,4107,0,0.23012189426192106,Moderate
5910,140000,30,0,105732,5000,0,0.23012189426192106,Moderate
14903,180000,24,0,126420,6519,0,0.23012189426192106,Moderate
29222,20000,24,0,18836,1318,0,0.4787548264965612,High
20084,210000,31,1,0,0,0,0.6088952019010146,Very High
22196,70000,29,0,75040,3000,0,0.38283804163614554,Elevated
18419,160000,24,0,55559,3010,0,0.23012189426192106,Moderate
25813,50000,36,0,47317,3000,0,0.5348990689804838,High
29629,150000,29,0,104165,5000,0,0.23012189426192106,Moderate
9063,70000,34,2,44347,0,1,0.9260126453015733,Very High
7613,250000,36,0,62131,2741,0,0.23012189426192106,Moderate
12270,50000,39,0,23540,2010,0,0.41588151022565645,Elevated
13671,320000,40,0,430,430,0,0.4787548264965612,High
22620,400000,49,1,0,877,0,0.5087149171511306,High
5769,320000,32,0,802,4929,0,0.23012189426192106,Moderate
3189,430000,39,0,673,4576,0,0.23012189426192106,Moderate
7196,120000,24,0,34670,2033,1,0.2969376556285609,Moderate
12280,80000,27,0,1995,0,0,0.2712812631662762,Moderate
23413,160000,32,0,18400,10000,0,0.23012189426192106,Moderate
25622,290000,29,0,20593,2002,0,0.23012189426192106,Moderate
13838,200000,31,0,7179,7631,0,0.23012189426192106,Moderate
2485,80000,27,1,81635,3716,0,0.7132952380403815,Very High
29989,250000,34,0,279640,65000,0,0.23012189426192106,Moderate
26918,490000,41,1,230090,0,0,0.5382018784947318,High
8943,90000,35,0,101106,4208,0,0.23012189426192106,Moderate
7499,210000,30,1,0,241,0,0.3396499288321693,Elevated
24427,150000,40,0,0,1003,0,0.4787548264965612,High
5981,90000,23,0,83176,3504,0,0.23012189426192106,Moderate
1539,130000,25,0,1031,1583,1,0.2969376556285609,Moderate
7658,160000,44,1,0,5621,0,0.5087149171511306,High
27634,20000,22,0,15090,1500,0,0.38283804163614554,Elevated
9744,10000,24,0,273,8327,0,0.41588151022565645,Elevated
12736,300000,33,0,920,1592,0,0.2969376556285609,Moderate
3538,220000,28,5,216435,8355,1,0.7964088951003658,Very High
11914,20000,24,0,3980,1318,1,0.4787548264965612,High
28908,500000,39,0,10840,1108,0,0.347541273276117,Elevated
16105,60000,48,0,58653,2500,1,0.38283804163614554,Elevated
22633,230000,38,1,828,1547,0,0.3396499288321693,Elevated
12504,200000,46,1,9367,0,1,0.6088952019010146,Very High
26419,150000,36,0,11085,2507,0,0.2969376556285609,Moderate
2472,20000,29,2,10512,2000,1,0.9260126453015733,Very High
28485,40000,44,0,13033,1232,0,0.4787548264965612,High
581,30000,28,1,0,780,1,0.6088952019010146,Very High
6952,30000,26,1,5231,1300,1,0.7132952380403815,Very High
20605,110000,29,0,104968,4000,0,0.23012189426192106,Moderate
26456,340000,50,1,2728,15650,0,0.5087149171511306,High
2834,50000,60,0,31164,1756,0,0.41588151022565645,Elevated
15706,50000,35,0,47816,3000,0,0.38283804163614554,Elevated
2566,250000,30,0,5607,10000,0,0.3697892966663365,Elevated
28946,250000,43,0,278,278,0,0.4787548264965612,High
29146,230000,70,0,183500,7000,1,0.23012189426192106,Moderate
9104,90000,32,0,23730,2000,0,0.23012189426192106,Moderate
25677,280000,31,2,103,168,0,0.6670123550244665,Very High
12240,200000,29,0,170964,7788,1,0.23012189426192106,Moderate
8344,50000,30,0,37522,2000,0,0.38283804163614554,Elevated
26404,250000,38,0,14766,990,0,0.347541273276117,Elevated
23545,230000,44,0,230101,10125,0,0.23012189426192106,Moderate
20722,20000,37,3,2400,0,1,0.9260126453015733,Very High
16713,20000,35,0,16500,1281,0,0.4787548264965612,High
7717,130000,43,0,129099,5008,0,0.23012189426192106,Moderate
20763,230000,34,0,27178,0,0,0.2712812631662762,Moderate
23790,20000,51,1,0,780,0,0.6088952019010146,Very High
2703,50000,22,0,4124,1070,0,0.2712812631662762,Moderate
17695,380000,38,0,12538,1000,0,0.4787548264965612,High
5287,520000,33,0,485298,22000,1,0.23012189426192106,Moderate
4463,50000,27,0,9837,1010,0,0.20287159931475213,Low
4595,30000,32,0,28401,3434,1,0.6550539400917675,Very High
857,40000,29,0,26461,3400,1,0.570501077187048,High
15400,330000,50,0,5600,0,0,0.4787548264965612,High
8754,150000,44,0,39471,2636,0,0.23012189426192106,Moderate
23164,170000,45,0,12847,9807,0,0.23012189426192106,Moderate
26254,230000,29,0,0,4375,0,0.2969376556285609,Moderate
13974,250000,41,1,4649,0,0,0.5382018784947318,High
14425,210000,27,0,110757,5650,0,0.5348990689804838,High
24910,440000,33,0,2380,1750,0,0.347541273276117,Elevated
9277,450000,31,0,3960,4412,0,0.23012189426192106,Moderate
27258,140000,42,0,137952,7000,0,0.23012189426192106,Moderate
26397,340000,45,0,5754,482,0,0.347541273276117,Elevated
12820,50000,47,2,37277,2000,0,0.8837290745778793,Very High
21053,70000,37,2,60514,3000,1,0.9260126453015733,Very High
20963,290000,32,0,3739,0,1,0.3697892966663365,Elevated
15521,180000,32,0,45469,5000,0,0.23012189426192106,Moderate
24675,30000,35,2,3462,0,1,0.8837290745778793,Very High
25511,100000,24,3,81601,0,1,0.9260126453015733,Very High
29597,160000,36,0,8700,5183,0,0.23012189426192106,Moderate
29469,130000,31,0,2280,1725,0,0.347541273276117,Elevated
26811,60000,27,0,48307,1768,0,0.38283804163614554,Elevated
12005,70000,28,0,20596,5000,0,0.38283804163614554,Elevated
9237,240000,35,0,4215,0,0,0.4787548264965612,High
29392,200000,29,1,0,0,1,0.6088952019010146,Very High
22082,170000,28,1,0,1295,0,0.3396499288321693,Elevated
13003,80000,26,0,67229,2089,0,0.23012189426192106,Moderate
29391,150000,27,0,133374,10000,0,0.23012189426192106,Moderate
1275,150000,34,0,132214,4414,0,0.23012189426192106,Moderate
23030,80000,37,0,600,0,0,0.4787548264965612,High
15887,130000,29,0,867,1200,0,0.4787548264965612,High
26493,160000,58,0,749,3894,1,0.23012189426192106,Moderate
19429,200000,28,0,4571,0,0,0.6832214599145177,Very High
18006,90000,39,2,26493,4000,1,0.9260126453015733,Very High
16587,200000,29,0,60068,2500,0,0.23012189426192106,Moderate
10450,300000,41,1,390,390,0,0.6088952019010146,Very High
26393,380000,43,0,18866,20884,0,0.2969376556285609,Moderate
12890,260000,44,0,99176,2259,0,0.23012189426192106,Moderate
21415,220000,30,0,8939,316,0,0.2712812631662762,Moderate
27729,90000,23,0,28120,5000,0,0.2969376556285609,Moderate
26732,70000,24,0,16861,1300,0,0.4787548264965612,High
10046,50000,39,0,42822,2000,0,0.38283804163614554,Elevated
23274,180000,46,0,1905,2453,0,0.347541273276117,Elevated
16735,20000,40,0,8151,1153,0,0.38283804163614554,Elevated
8756,190000,39,1,-2,0,1,0.6088952019010146,Very High
17405,130000,48,0,23575,1300,0,0.2712812631662762,Moderate
21411,30000,24,1,16704,2000,0,0.7735534076852892,Very High
7008,500000,44,0,38034,1632,0,0.23012189426192106,Moderate
19538,50000,40,0,19869,15584,0,0.38283804163614554,Elevated
27184,150000,46,0,69627,5000,0,0.23012189426192106,Moderate
3310,280000,51,0,2477,3470,0,0.2969376556285609,Moderate
6876,30000,23,2,30558,1500,1,0.8837290745778793,Very High
28635,190000,36,0,6915,4923,0,0.2969376556285609,Moderate
10687,50000,49,1,36728,36,0,0.7132952380403815,Very High
28495,90000,31,0,19929,1500,0,0.4787548264965612,High
2632,80000,55,0,69116,2500,0,0.23012189426192106,Moderate
24708,200000,43,0,3005,4709,0,0.23012189426192106,Moderate
22713,380000,30,0,384846,13291,0,0.23012189426192106,Moderate
16241,210000,38,0,29504,0,0,0.4787548264965612,High
14305,60000,41,0,95648,5000,0,0.38283804163614554,Elevated
11875,60000,31,2,30841,4000,0,0.8837290745778793,Very High
17270,130000,34,0,99891,3700,0,0.23012189426192106,Moderate
18542,170000,24,0,19103,3000,0,0.23012189426192106,Moderate
13697,30000,49,2,28859,0,0,0.9260126453015733,Very High
4786,80000,36,0,59223,1141,0,0.23012189426192106,Moderate
20144,380000,34,0,25079,100000,0,0.23012189426192106,Moderate
25560,280000,28,0,119587,4411,0,0.23012189426192106,Moderate
17520,20000,33,0,11391,5000,0,0.7549348273892288,Very High
25731,20000,41,0,19080,3000,0,0.6550539400917675,Very High
23890,20000,27,0,1200,0,0,0.4787548264965612,High
5405,130000,36,0,23997,3440,1,0.570501077187048,High
2635,200000,42,0,0,0,1,0.4787548264965612,High
17702,360000,43,0,9011,4045,0,0.6550539400917675,Very High
16946,230000,51,2,204643,5805,0,0.8837290745778793,Very High
25880,200000,32,0,11191,6002,0,0.23012189426192106,Moderate
15528,190000,39,0,146224,5500,0,0.23012189426192106,Moderate
4731,220000,29,0,47944,5000,0,0.23012189426192106,Moderate
9996,140000,31,1,0,241,0,0.6088952019010146,Very High
3241,130000,29,0,3594,0,0,0.4787548264965612,High
11694,230000,32,0,750,0,0,0.4787548264965612,High
21117,220000,36,0,792,0,0,0.4787548264965612,High
17418,150000,33,0,147350,11150,0,0.570501077187048,High
13942,50000,49,0,50180,2400,1,0.41588151022565645,Elevated
26463,300000,50,0,882,0,0,0.4787548264965612,High
23273,130000,49,1,0,0,0,0.6088952019010146,Very High
24861,200000,38,0,3810,3063,0,0.347541273276117,Elevated
19977,210000,32,1,-974,0,0,0.3396499288321693,Elevated
22760,460000,40,3,2650,0,1,0.9260126453015733,Very High
2307,30000,26,0,10540,1081,0,0.4787548264965612,High
5574,230000,33,0,172567,7000,0,0.23012189426192106,Moderate
29008,100000,35,0,100207,4026,0,0.23012189426192106,Moderate
10783,30000,43,0,25724,5300,0,0.570501077187048,High
2031,500000,39,0,358020,15000,0,0.23012189426192106,Moderate
29364,390000,29,0,6664,6931,0,0.23012189426192106,Moderate
23505,100000,33,0,3417,7400,0,0.23012189426192106,Moderate
13093,20000,53,2,15794,1281,1,0.8837290745778793,Very High
2836,50000,27,2,43333,4000,1,0.8837290745778793,Very High
13235,130000,35,0,42950,2036,1,0.23012189426192106,Moderate
14241,500000,45,0,10147,7395,0,0.23012189426192106,Moderate
13177,50000,24,0,50628,2235,0,0.38283804163614554,Elevated
17122,30000,27,2,25557,1800,1,0.9260126453015733,Very High
15660,120000,37,0,3140,448,0,0.4787548264965612,High
1000,120000,25,2,113348,0,0,0.8837290745778793,Very High
29249,20000,25,0,14989,1263,1,0.4787548264965612,High
10290,50000,26,0,28408,1477,0,0.4787548264965612,High
1744,90000,32,0,6546,1498,0,0.347541273276117,Elevated
21701,240000,25,0,198768,2986,0,0.347541273276117,Elevated
29042,460000,50,0,581319,19141,1,0.23012189426192106,Moderate
13810,20000,23,0,9811,6097,0,0.570501077187048,High
6026,440000,31,1,274263,0,1,0.5382018784947318,High
2426,20000,22,0,18743,3000,0,0.7549348273892288,Very High
14915,30000,26,2,200,0,1,0.6670123550244665,Very High
21882,160000,26,0,390,390,0,0.4787548264965612,High
12057,60000,41,0,60672,2741,0,0.38283804163614554,Elevated
28678,500000,29,0,70287,5000,0,0.23012189426192106,Moderate
13575,60000,37,0,42372,1500,0,0.38283804163614554,Elevated
10187,50000,22,2,41632,3509,1,0.8837290745778793,Very High
26001,50000,41,0,22824,1100,0,0.4787548264965612,High
12026,180000,35,0,133733,3514,0,0.23012189426192106,Moderate
5627,360000,51,1,3551,0,1,0.5382018784947318,High
19900,410000,41,2,348559,13000,1,0.8837290745778793,Very High
26852,140000,32,0,32678,5400,0,0.570501077187048,High
19102,10000,49,2,2240,1057,1,0.8837290745778793,Very High
4263,50000,32,1,32814,0,1,0.7132952380403815,Very High
28766,220000,34,0,135132,7245,0,0.23012189426192106,Moderate
19656,150000,33,0,11529,2000,0,0.2969376556285609,Moderate
25265,150000,23,0,167317,10000,0,0.23012189426192106,Moderate
13733,500000,32,0,185419,10573,0,0.2969376556285609,Moderate
8410,120000,30,0,116887,4615,0,0.23012189426192106,Moderate
10314,210000,33,1,0,0,0,0.3396499288321693,Elevated
20177,200000,37,1,226365,0,0,0.5382018784947318,High
11726,300000,42,0,1188,2000,1,0.347541273276117,Elevated
18363,80000,22,0,1247,0,1,0.347541273276117,Elevated
21588,30000,22,0,27762,5000,0,0.570501077187048,High
819,150000,45,0,2605,2605,0,0.347541273276117,Elevated
2711,320000,36,0,262613,10043,0,0.23012189426192106,Moderate
8389,180000,30,0,375,375,1,0.4787548264965612,High
16867,360000,40,0,0,256,0,0.4787548264965612,High
4256,50000,30,0,50995,2500,0,0.41588151022565645,Elevated
14794,20000,25,2,2902,4200,1,0.9260126453015733,Very High
14332,490000,42,0,15838,11404,0,0.23012189426192106,Moderate
25940,150000,36,0,113368,2354,0,0.23012189426192106,Moderate
16524,20000,24,0,16973,1600,0,0.41588151022565645,Elevated
7506,80000,37,1,79900,21,1,0.7132952380403815,Very High
14705,50000,32,0,20542,1411,0,0.4787548264965612,High
5360,160000,33,0,140225,5211,0,0.23012189426192106,Moderate
22802,230000,33,0,10765,1300,0,0.4787548264965612,High
15450,150000,25,0,51568,3000,0,0.23012189426192106,Moderate
17138,20000,25,0,1828,1200,1,0.6832214599145177,Very High
22091,320000,28,0,320635,12500,1,0.3697892966663365,Elevated
5148,50000,25,1,13750,2000,1,0.7735534076852892,Very High
28623,80000,41,0,42124,1835,0,0.347541273276117,Elevated
15878,350000,28,0,0,0,1,0.4787548264965612,High
15542,160000,30,0,750,400,0,0.4787548264965612,High
7175,20000,36,2,25274,1700,0,0.9260126453015733,Very High
12387,10000,39,1,0,0,1,0.6088952019010146,Very High
21427,130000,24,0,128499,5100,0,0.23012189426192106,Moderate
25094,280000,39,0,1585,6416,0,0.23012189426192106,Moderate
6070,270000,27,0,144376,6000,0,0.23012189426192106,Moderate
10195,10000,46,0,6277,1000,1,0.6832214599145177,Very High
16809,110000,38,0,42617,1678,0,0.23012189426192106,Moderate
10927,50000,29,0,49156,4000,0,0.38283804163614554,Elevated
2689,290000,30,0,284239,11000,1,0.23012189426192106,Moderate
20985,360000,33,0,15299,44730,0,0.23012189426192106,Moderate
1418,80000,29,0,2673,0,0,0.4787548264965612,High
3917,50000,26,2,50951,2500,1,0.8837290745778793,Very High
19728,140000,30,0,97288,4400,1,0.23012189426192106,Moderate
7490,200000,40,0,158809,5380,0,0.23012189426192106,Moderate
5739,20000,23,1,9126,0,1,0.7735534076852892,Very High
21921,60000,24,0,47386,4807,1,0.41588151022565645,Elevated
14224,20000,42,0,15610,3000,0,0.41588151022565645,Elevated
6809,160000,30,0,124178,4507,0,0.23012189426192106,Moderate
13535,50000,40,0,34582,2000,0,0.38283804163614554,Elevated
2176,340000,53,0,3780,3295,0,0.2969376556285609,Moderate
18389,60000,23,0,60876,2523,0,0.38283804163614554,Elevated
20004,400000,37,0,10677,31008,0,0.23012189426192106,Moderate
5979,90000,45,0,37453,24509,0,0.2969376556285609,Moderate
7679,90000,26,0,43310,2500,0,0.23012189426192106,Moderate
25906,30000,35,0,25485,1447,0,0.4787548264965612,High
3348,60000,39,0,54978,2050,0,0.38283804163614554,Elevated
11349,160000,25,0,153392,8000,0,0.23012189426192106,Moderate
18195,450000,38,0,322402,15000,0,0.23012189426192106,Moderate
24772,20000,40,0,29035,4000,0,0.5348990689804838,High
26753,120000,28,0,59688,3000,0,0.23012189426192106,Moderate
8117,130000,42,0,130888,6000,0,0.2969376556285609,Moderate
5314,80000,50,1,0,0,0,0.6088952019010146,Very High
29636,20000,32,0,19435,2003,0,0.41588151022565645,Elevated
23443,100000,43,0,94713,4366,0,0.23012189426192106,Moderate
19332,20000,35,0,17008,1501,0,0.41588151022565645,Elevated
21985,30000,28,0,8432,25460,0,0.41588151022565645,Elevated
4993,80000,36,2,77054,6900,1,0.9260126453015733,Very High
16565,320000,28,0,79819,3524,0,0.23012189426192106,Moderate
25264,20000,23,0,13291,1600,0,0.41588151022565645,Elevated
26096,50000,46,0,4640,2720,0,0.20287159931475213,Low
10139,140000,34,0,27098,3485,1,0.7549348273892288,Very High
11030,20000,30,0,390,286,0,0.38283804163614554,Elevated
3007,160000,44,0,156400,7200,0,0.23012189426192106,Moderate
2369,460000,33,0,128302,2371,0,0.23012189426192106,Moderate
19307,150000,33,0,25849,1735,0,0.23012189426192106,Moderate
12823,140000,50,1,136183,6901,0,0.8800187576626742,Very High
11782,490000,36,0,5310,2711,0,0.347541273276117,Elevated
23039,320000,46,0,15176,24969,0,0.23012189426192106,Moderate
29665,420000,32,0,1100,1183,0,0.347541273276117,Elevated
9320,200000,39,0,91415,20387,0,0.23012189426192106,Moderate
24356,210000,33,0,396,396,0,0.4787548264965612,High
2860,190000,28,1,0,0,0,0.6088952019010146,Very High
4502,180000,36,0,4524,2000,1,0.2969376556285609,Moderate
26428,220000,32,0,217636,8000,0,0.23012189426192106,Moderate
6024,70000,71,0,64670,3166,0,0.5348990689804838,High
29316,230000,26,0,-8,0,0,0.347541273276117,Elevated
5741,180000,34,0,16953,1000,0,0.23012189426192106,Moderate
20993,460000,44,2,282944,12000,1,0.9260126453015733,Very High
3122,260000,44,0,257987,7100,0,0.23012189426192106,Moderate
9274,500000,28,0,24677,7013,0,0.23012189426192106,Moderate
26083,20000,36,1,16161,2000,0,0.7735534076852892,Very High
23695,100000,54,1,66212,0,0,0.7132952380403815,Very High
5286,300000,36,0,272899,9251,0,0.23012189426192106,Moderate
14177,60000,44,2,32202,1802,1,0.8837290745778793,Very High
25861,270000,44,0,-1404,75000,0,0.23012189426192106,Moderate
18586,310000,27,0,83756,4000,0,0.23012189426192106,Moderate
4305,40000,44,0,11770,4740,0,0.41588151022565645,Elevated
7040,170000,25,0,1906,4000,0,0.23012189426192106,Moderate
7260,210000,28,0,198724,4500,0,0.2969376556285609,Moderate
16447,20000,54,0,14034,1500,1,0.6832214599145177,Very High
9809,230000,32,0,441,28200,0,0.2969376556285609,Moderate
5778,130000,27,0,129150,5300,0,0.23012189426192106,Moderate
12622,230000,30,0,190919,7214,0,0.23012189426192106,Moderate
20279,150000,54,0,-1,263,1,0.4787548264965612,High
20923,360000,46,0,8746,3108,1,0.347541273276117,Elevated
6415,140000,33,1,0,840,0,0.6088952019010146,Very High
12829,100000,25,2,100000,0,0,0.8837290745778793,Very High
28705,100000,42,0,1651,631,0,0.347541273276117,Elevated
19239,200000,35,0,5956,10402,0,0.2969376556285609,Moderate
3129,140000,35,1,148305,0,0,0.7132952380403815,Very High
19739,50000,42,0,13562,1500,0,0.38283804163614554,Elevated
6752,30000,32,0,22541,1338,1,0.4787548264965612,High
28903,60000,38,0,27527,5000,0,0.38283804163614554,Elevated
6320,240000,44,0,4221,2188,0,0.347541273276117,Elevated
26763,180000,29,1,-366,0,0,0.6088952019010146,Very High
22440,260000,38,0,81745,2984,0,0.23012189426192106,Moderate
3887,70000,41,0,69866,10000,0,0.38283804163614554,Elevated
18607,50000,24,0,14345,2836,1,0.570501077187048,High
778,20000,26,0,1438,1261,0,0.4787548264965612,High
2666,50000,22,0,29637,1826,0,0.41588151022565645,Elevated
3686,200000,32,0,11494,9139,0,0.23012189426192106,Moderate
1351,50000,29,1,0,0,0,0.6088952019010146,Very High
15514,260000,32,0,170276,6200,1,0.23012189426192106,Moderate
18916,80000,28,1,0,146,0,0.3396499288321693,Elevated
7269,20000,36,2,10360,3467,0,0.8837290745778793,Very High
7155,70000,27,2,27241,3628,1,0.9260126453015733,Very High
6790,50000,45,0,46188,1261,0,0.4787548264965612,High
14960,20000,28,0,8814,1500,0,0.4787548264965612,High
29577,120000,45,1,63911,0,1,0.8800187576626742,Very High
9325,80000,47,0,15739,17253,0,0.23012189426192106,Moderate
23500,140000,33,1,-23,5765,0,0.3396499288321693,Elevated
21338,230000,55,0,208273,10012,0,0.23012189426192106,Moderate
20073,230000,32,0,17957,3000,0,0.23012189426192106,Moderate
10283,120000,47,0,118148,5033,0,0.23012189426192106,Moderate
16965,200000,53,0,66012,2500,0,0.23012189426192106,Moderate
15862,30000,29,2,13519,3211,1,0.8837290745778793,Very High
27059,100000,34,0,19138,1100,0,0.4787548264965612,High
4672,110000,26,0,49732,2300,0,0.23012189426192106,Moderate
9268,50000,33,0,21171,2028,0,0.38283804163614554,Elevated
23126,110000,46,0,2359,2410,1,0.347541273276117,Elevated
509,80000,30,0,21507,1700,0,0.2969376556285609,Moderate
25424,200000,30,0,10225,9468,0,0.23012189426192106,Moderate
4287,30000,22,0,28579,2006,0,0.38283804163614554,Elevated
25980,200000,38,0,0,0,0,0.347541273276117,Elevated
11671,20000,31,0,18490,1500,0,0.38283804163614554,Elevated
10096,30000,26,0,8009,2316,0,0.570501077187048,High
11994,100000,28,2,29770,1825,0,0.9260126453015733,Very High
4766,480000,33,0,57732,55614,0,0.23012189426192106,Moderate
9118,360000,30,0,40514,1800,0,0.23012189426192106,Moderate
12263,50000,25,1,19454,0,0,0.7132952380403815,Very High
13327,50000,27,0,47261,2055,1,0.38283804163614554,Elevated
4563,200000,26,0,6666,6666,0,0.23012189426192106,Moderate
20768,400000,42,0,2984,3369,1,0.347541273276117,Elevated
27697,40000,26,1,7904,0,1,0.7132952380403815,Very High
24041,60000,26,0,1870,32607,0,0.38283804163614554,Elevated
22383,140000,34,0,47922,2710,0,0.23012189426192106,Moderate
16460,80000,57,2,82150,0,1,0.8837290745778793,Very High
4767,360000,44,0,16731,4864,0,0.2969376556285609,Moderate
26881,50000,39,3,65766,0,0,0.8837290745778793,Very High
28208,310000,48,0,0,99,0,0.4787548264965612,High
24750,50000,44,0,47674,1764,0,0.6832214599145177,Very High
22093,190000,28,0,112039,4600,0,0.23012189426192106,Moderate
14966,50000,34,0,50713,3000,0,0.41588151022565645,Elevated
12378,120000,32,0,18955,1315,0,0.4787548264965612,High
28994,480000,39,0,98569,10620,1,0.23012189426192106,Moderate
10718,200000,28,0,3099,3174,0,0.2969376556285609,Moderate
18519,40000,26,2,26487,1500,1,0.9260126453015733,Very High
24017,120000,28,0,231,6673,0,0.2969376556285609,Moderate
4266,500000,34,0,218570,18978,0,0.23012189426192106,Moderate
15224,460000,35,0,442291,16000,1,0.23012189426192106,Moderate
24421,500000,38,0,6178,829,0,0.347541273276117,Elevated
24701,280000,47,0,92288,4004,0,0.23012189426192106,Moderate
29839,190000,43,0,83399,4000,1,0.23012189426192106,Moderate
16595,10000,28,0,619,0,1,0.6832214599145177,Very High
23760,140000,50,0,845,0,1,0.347541273276117,Elevated
29719,140000,39,0,138317,6047,0,0.23012189426192106,Moderate
8903,270000,47,0,5908,2222,0,0.23012189426192106,Moderate
22627,200000,35,0,29327,2000,0,0.23012189426192106,Moderate
24729,200000,38,0,105729,3806,0,0.23012189426192106,Moderate
28993,80000,43,0,66047,2071,0,0.23012189426192106,Moderate
478,70000,37,0,66759,2518,0,0.5348990689804838,High
19002,200000,27,1,-896,7052,0,0.6088952019010146,Very High
4388,90000,35,8,112662,0,1,0.7964088951003658,Very High
21125,230000,36,0,4761,1110,0,0.23012189426192106,Moderate
25125,460000,51,0,1637,0,0,0.347541273276117,Elevated
7157,50000,30,0,49259,2500,0,0.38283804163614554,Elevated
12022,80000,52,1,13701,0,1,0.8800187576626742,Very High
28454,360000,40,2,108399,0,1,0.8837290745778793,Very High
1377,50000,54,0,11351,1150,0,0.4787548264965612,High
28756,500000,35,0,3994,11160,0,0.2969376556285609,Moderate
5790,300000,29,0,0,0,0,0.4787548264965612,High
20598,70000,33,0,70011,15000,1,0.38283804163614554,Elevated
13943,360000,33,0,7831,0,0,0.4787548264965612,High
13603,310000,33,0,47224,4900,0,0.3697892966663365,Elevated
24752,330000,38,0,1051,671,0,0.4787548264965612,High
11907,100000,25,0,87401,7497,1,0.570501077187048,High
22397,130000,30,0,106796,4000,0,0.23012189426192106,Moderate
14286,290000,36,0,22681,20246,0,0.23012189426192106,Moderate
24099,250000,26,0,123148,15447,0,0.23012189426192106,Moderate
6970,450000,45,1,0,0,0,0.6088952019010146,Very High
21437,30000,24,0,4848,3000,0,0.41588151022565645,Elevated
26091,300000,38,0,15230,1222,0,0.4787548264965612,High
9567,10000,52,1,6969,0,1,0.7132952380403815,Very High
25197,30000,23,2,12376,1600,1,0.9260126453015733,Very High
20815,180000,37,0,49531,45612,0,0.2969376556285609,Moderate
13998,90000,31,1,63276,0,1,0.7735534076852892,Very High
23351,150000,41,0,88818,3241,1,0.23012189426192106,Moderate
8176,200000,31,0,3702,25678,1,0.23012189426192106,Moderate
28714,200000,37,0,454,2500,0,0.347541273276117,Elevated
8073,300000,32,0,170379,6600,0,0.23012189426192106,Moderate
13850,170000,24,0,169883,6808,0,0.23012189426192106,Moderate
27869,30000,26,0,27818,3000,1,0.38283804163614554,Elevated
17774,100000,58,0,96821,3589,0,0.23012189426192106,Moderate
1759,80000,36,0,20366,1352,0,0.23012189426192106,Moderate
29737,500000,48,0,1900,5441,0,0.2969376556285609,Moderate
8465,470000,31,0,78833,3000,0,0.23012189426192106,Moderate
22501,180000,33,0,3490,0,0,0.4787548264965612,High
18560,50000,24,0,27890,2000,0,0.38283804163614554,Elevated
7856,20000,22,0,19248,2000,0,0.41588151022565645,Elevated
21303,50000,51,0,46094,1831,0,0.38283804163614554,Elevated
12949,130000,24,2,126874,6500,1,0.8837290745778793,Very High
17463,190000,46,0,140626,8000,0,0.23012189426192106,Moderate
12727,200000,28,0,339,5322,0,0.23012189426192106,Moderate
847,300000,34,0,205064,0,0,0.4787548264965612,High
21153,110000,48,0,92806,5000,0,0.23012189426192106,Moderate
25303,20000,21,0,14326,1252,0,0.6832214599145177,Very High
27663,20000,21,0,390,780,0,0.7549348273892288,Very High
27852,70000,26,2,71832,3275,0,0.8837290745778793,Very High
29514,30000,32,0,26742,2800,0,0.5348990689804838,High
16824,130000,36,0,91016,1848,0,0.2969376556285609,Moderate
4319,170000,40,0,73784,3663,0,0.23012189426192106,Moderate
449,200000,42,0,38564,5000,0,0.2969376556285609,Moderate
20366,50000,23,0,34376,1806,0,0.41588151022565645,Elevated
13484,100000,35,0,47843,2111,0,0.23012189426192106,Moderate
1276,20000,26,0,416,416,1,0.4787548264965612,High
28630,500000,32,0,405490,20000,0,0.23012189426192106,Moderate
25883,80000,26,0,78872,2800,0,0.23012189426192106,Moderate
17893,60000,29,0,816,2440,0,0.570501077187048,High
4385,140000,28,0,13159,30000,0,0.23012189426192106,Moderate
18601,80000,27,0,725,2968,0,0.347541273276117,Elevated
12610,50000,54,2,47927,4090,1,0.8837290745778793,Very High
14604,150000,31,0,148815,5147,0,0.23012189426192106,Moderate
27746,290000,24,0,11157,0,0,0.4787548264965612,High
4415,350000,39,0,325,2770,0,0.3697892966663365,Elevated
17933,200000,32,0,190530,9000,0,0.23012189426192106,Moderate
18472,300000,25,1,0,9048,0,0.6088952019010146,Very High
11228,170000,29,0,3362,64612,0,0.23012189426192106,Moderate
7049,350000,44,3,314607,14000,1,0.9260126453015733,Very High
29019,150000,41,0,3275,1105,0,0.4787548264965612,High
25194,30000,23,2,27216,3003,1,0.8837290745778793,Very High
5106,80000,45,0,28219,1816,0,0.23012189426192106,Moderate
2832,110000,42,0,776,776,0,0.4787548264965612,High
21443,160000,25,0,83005,3900,0,0.23012189426192106,Moderate
12432,200000,56,0,15603,1500,0,0.23012189426192106,Moderate
25786,200000,35,0,3023,3965,0,0.23012189426192106,Moderate
28207,400000,39,0,0,0,1,0.4787548264965612,High
8267,310000,30,0,118109,18008,0,0.23012189426192106,Moderate
14440,50000,31,3,27166,3769,1,0.9260126453015733,Very High
8690,230000,26,0,3741,0,1,0.4787548264965612,High
23425,300000,31,0,16612,19099,0,0.23012189426192106,Moderate
25492,60000,22,0,4049,1815,0,0.38283804163614554,Elevated
14758,30000,24,2,27896,2506,0,0.8837290745778793,Very High
25807,150000,30,0,69955,1873,0,0.23012189426192106,Moderate
11899,200000,29,0,1945,1000,0,0.347541273276117,Elevated
16495,60000,54,0,892,21690,0,0.20287159931475213,Low
25177,50000,22,2,50583,2300,0,0.8837290745778793,Very High
5867,250000,30,0,170559,6523,0,0.23012189426192106,Moderate
6353,50000,33,2,24947,249,0,0.8837290745778793,Very High
14197,450000,32,0,14237,5016,0,0.2969376556285609,Moderate
27107,150000,32,0,1437,162,0,0.4787548264965612,High
26648,40000,26,2,36460,2000,1,0.8837290745778793,Very High
15256,80000,33,0,1305,0,0,0.4787548264965612,High
14606,10000,25,0,6892,1294,0,0.38283804163614554,Elevated
10754,160000,31,0,42781,2300,1,0.23012189426192106,Moderate
27365,50000,28,0,26538,1500,0,0.5348990689804838,High
8550,500000,38,0,0,0,0,0.2712812631662762,Moderate
10762,180000,27,0,2658,2014,1,0.2969376556285609,Moderate
10617,360000,40,0,5772,11694,0,0.23012189426192106,Moderate
6166,360000,42,0,429169,16629,0,0.23012189426192106,Moderate
24509,80000,44,0,1798,2310,0,0.2969376556285609,Moderate
6530,20000,23,0,16740,1600,0,0.41588151022565645,Elevated
28076,360000,26,0,273,3558,0,0.2969376556285609,Moderate
627,70000,46,0,60040,2600,0,0.38283804163614554,Elevated
1544,50000,34,0,50375,2400,0,0.41588151022565645,Elevated
4039,50000,58,0,7556,1140,0,0.4787548264965612,High
23128,170000,29,0,79091,2235,0,0.23012189426192106,Moderate
9206,280000,29,0,768,788,0,0.4787548264965612,High
8044,170000,36,0,396,5596,1,0.23012189426192106,Moderate
8255,30000,22,0,2949,19689,0,0.38283804163614554,Elevated
5614,60000,48,0,2970,430,0,0.4787548264965612,High
22823,90000,47,0,28240,2000,0,0.23012189426192106,Moderate
16643,50000,33,1,7148,0,0,0.7132952380403815,Very High
18492,170000,27,0,164646,7200,0,0.23012189426192106,Moderate
18559,310000,26,0,27638,1393,0,0.4787548264965612,High
28259,230000,48,0,0,0,0,0.4787548264965612,High
15463,120000,36,0,396,396,0,0.4787548264965612,High
15873,110000,28,0,107649,3500,0,0.23012189426192106,Moderate
17819,20000,24,0,18661,1400,0,0.38283804163614554,Elevated
26651,30000,25,2,29608,1600,0,0.8837290745778793,Very High
6223,50000,32,0,36211,1709,0,0.38283804163614554,Elevated
17912,20000,38,0,8337,3000,1,0.41588151022565645,Elevated
16278,280000,32,0,215052,7000,0,0.23012189426192106,Moderate
23989,20000,27,0,2003,1086,0,0.4787548264965612,High
25231,30000,24,0,21540,1358,0,0.38283804163614554,Elevated
5972,80000,28,0,32114,1324,1,0.23012189426192106,Moderate
25851,300000,32,0,0,0,1,0.4787548264965612,High
21058,160000,38,4,99340,0,1,0.9260126453015733,Very High
19552,30000,46,2,19830,0,0,0.8837290745778793,Very High
23715,80000,57,0,78312,3459,0,0.23012189426192106,Moderate
3492,220000,30,0,72546,5206,0,0.23012189426192106,Moderate
26362,120000,35,0,525,2458,0,0.347541273276117,Elevated
28540,230000,30,0,8685,1079,0,0.347541273276117,Elevated
11739,120000,30,2,87199,4110,1,0.9260126453015733,Very High
8562,80000,38,0,39410,3000,0,0.5348990689804838,High
24854,500000,42,0,17360,13222,0,0.23012189426192106,Moderate
28500,260000,34,0,8383,2985,0,0.347541273276117,Elevated
988,380000,53,0,0,0,0,0.4787548264965612,High
9031,80000,54,0,76752,3768,0,0.23012189426192106,Moderate
13802,50000,24,1,0,0,0,0.6088952019010146,Very High
15569,100000,40,0,95600,15037,0,0.23012189426192106,Moderate
11728,130000,26,0,131724,5510,1,0.23012189426192106,Moderate
12741,200000,28,0,972,0,0,0.4787548264965612,High
22076,190000,28,0,7188,2459,0,0.3697892966663365,Elevated
22756,230000,39,0,5650,3798,1,0.23012189426192106,Moderate
4965,380000,44,0,40352,1523,0,0.2969376556285609,Moderate
2569,10000,54,0,5186,3300,0,0.7549348273892288,Very High
11876,350000,29,0,36151,2056,0,0.23012189426192106,Moderate
15807,100000,27,0,81152,3000,0,0.23012189426192106,Moderate
27494,160000,51,0,4042,1000,1,0.2712812631662762,Moderate
11222,10000,22,0,8730,1303,0,0.4787548264965612,High
29880,210000,37,0,18896,1500,0,0.4787548264965612,High
6671,320000,26,0,111710,1267,0,0.23012189426192106,Moderate
26632,100000,24,1,100364,107,0,0.7132952380403815,Very High
2885,300000,36,0,15536,10000,0,0.23012189426192106,Moderate
14684,450000,29,0,72622,2000,0,0.2969376556285609,Moderate
4424,50000,51,0,38434,1681,0,0.41588151022565645,Elevated
6934,50000,59,0,50739,1500,0,0.4787548264965612,High
20250,40000,52,0,0,3500,0,0.41588151022565645,Elevated
27166,280000,40,1,238094,0,0,0.5382018784947318,High
12784,160000,35,0,11988,0,0,0.4787548264965612,High
13707,50000,24,0,45404,1700,0,0.38283804163614554,Elevated
2375,50000,25,3,35592,1800,1,0.9260126453015733,Very High
21245,250000,44,0,3893,54946,0,0.6832214599145177,Very High
5745,400000,36,0,14421,8911,0,0.23012189426192106,Moderate
25872,80000,36,1,4233,14233,0,0.3396499288321693,Elevated
13629,50000,57,0,42624,2173,0,0.41588151022565645,Elevated
24538,20000,37,0,17622,3000,0,0.38283804163614554,Elevated
4901,320000,28,1,0,0,1,0.6088952019010146,Very High
26867,390000,37,0,73,10952,1,0.2969376556285609,Moderate
29676,320000,36,0,5360,726,0,0.347541273276117,Elevated
22255,220000,29,0,2848,7181,0,0.23012189426192106,Moderate
28552,340000,34,0,0,2630,0,0.2969376556285609,Moderate
1465,90000,24,0,17524,5000,0,0.23012189426192106,Moderate
132,240000,41,1,95,2622,0,0.6088952019010146,Very High
10943,60000,42,0,1570,20680,1,0.6550539400917675,Very High
18200,230000,42,0,26644,1440,0,0.2712812631662762,Moderate
3521,180000,44,1,0,0,0,0.6088952019010146,Very High
28216,80000,37,0,24941,1423,0,0.23012189426192106,Moderate
17315,40000,30,1,40672,9,0,0.7132952380403815,Very High
1627,150000,48,0,37800,4000,0,0.570501077187048,High
1475,110000,29,0,101006,5300,1,0.23012189426192106,Moderate
16374,280000,49,0,66749,3001,0,0.23012189426192106,Moderate
27,60000,27,1,-109,0,1,0.6088952019010146,Very High
23309,390000,32,0,2075,0,0,0.2712812631662762,Moderate
21189,130000,39,0,103566,3969,1,0.23012189426192106,Moderate
29718,50000,40,0,46185,3000,1,0.38283804163614554,Elevated
21993,100000,29,0,47107,18000,0,0.23012189426192106,Moderate
12959,50000,23,2,11744,1507,1,0.8837290745778793,Very High
18762,240000,29,0,66473,8000,0,0.23012189426192106,Moderate
666,130000,43,0,130067,5540,0,0.23012189426192106,Moderate
17164,20000,27,0,20288,1500,0,0.2712812631662762,Moderate
12427,30000,24,0,20069,1700,0,0.38283804163614554,Elevated
20579,100000,29,0,66195,2303,0,0.23012189426192106,Moderate
26707,130000,26,2,137204,7000,1,0.8837290745778793,Very High
1707,230000,35,2,117277,5800,0,0.9260126453015733,Very High
26967,60000,44,0,58216,3000,0,0.38283804163614554,Elevated
3811,80000,46,0,76184,3345,0,0.23012189426192106,Moderate
8072,30000,33,0,29574,28000,0,0.38283804163614554,Elevated
4710,290000,44,0,19213,33548,0,0.23012189426192106,Moderate
14327,290000,34,0,8690,0,0,0.347541273276117,Elevated
20377,150000,24,0,139125,0,0,0.2712812631662762,Moderate
16821,20000,41,0,20101,1318,0,0.6832214599145177,Very High
25106,100000,55,0,10712,8000,0,0.23012189426192106,Moderate
1685,120000,30,0,16812,1358,0,0.4787548264965612,High
4306,100000,36,0,1490,0,0,0.4787548264965612,High
28813,420000,37,0,14823,1800,0,0.2969376556285609,Moderate
23255,360000,43,0,17412,1328,0,0.4787548264965612,High
15704,10000,29,0,9893,1125,0,0.4787548264965612,High
27054,30000,28,2,23027,1500,1,0.9260126453015733,Very High
13970,210000,38,0,4868,13174,0,0.23012189426192106,Moderate
17066,100000,24,0,101614,10000,0,0.23012189426192106,Moderate
6718,140000,27,0,19484,2000,1,0.5348990689804838,High
18734,50000,24,0,44159,5000,0,0.38283804163614554,Elevated
19125,150000,32,0,49760,2538,0,0.23012189426192106,Moderate
24403,160000,40,0,19978,10000,0,0.23012189426192106,Moderate
27350,180000,30,0,3229,0,0,0.5348990689804838,High
7799,40000,25,0,37540,1976,0,0.38283804163614554,Elevated
22062,80000,28,0,71126,4000,0,0.23012189426192106,Moderate
15209,140000,27,0,120072,2824,0,0.23012189426192106,Moderate
12751,20000,23,1,14034,0,1,0.7132952380403815,Very High
18906,280000,29,0,99,0,0,0.4787548264965612,High
352,200000,36,1,-14386,10118,0,0.6088952019010146,Very High
8837,150000,27,0,12178,22452,0,0.23012189426192106,Moderate
1260,50000,24,2,49946,0,0,0.8837290745778793,Very High
27310,220000,34,0,14588,5021,0,0.23012189426192106,Moderate
29584,120000,26,0,2382,884,0,0.2712812631662762,Moderate
24400,200000,33,0,2810,7149,0,0.23012189426192106,Moderate
